domain,country_code,country_name,isp,asn,exit_node_isp,geodb_asn,geodb_as_name,asn_match,ech_grease,go_error,curl_exit_code,curl_error_name,curl_error_message,dns_lookup_ms,tcp_connection_ms,tls_handshake_ms,server_time_ms,total_time_ms,http_status,http_connect_status
www.google.com,AF,Afghanistan,mtn afghanistan,,,,,,false,,56,CURLE_RECV_ERROR,"CONNECT tunnel failed, response 525",77,78,0,0,130,0,525
www.google.com,AF,Afghanistan,afghan telecom,,,,,,false,,56,CURLE_RECV_ERROR,"CONNECT tunnel failed, response 525",85,86,0,0,138,0,525
www.google.com,AF,Afghanistan,mtn afghanistan,,,,,,true,,56,CURLE_RECV_ERROR,"CONNECT tunnel failed, response 525",82,84,0,0,135,0,525
www.google.com,AF,Afghanistan,telecom development company afghanistan,,,,,,false,,56,CURLE_RECV_ERROR,"CONNECT tunnel failed, response 525",84,86,0,0,138,0,525
www.google.com,AF,Afghanistan,afghan wireless,,,,,,false,,56,CURLE_RECV_ERROR,"CONNECT tunnel failed, response 525",87,88,0,0,142,0,525
www.google.com,AF,Afghanistan,afghan telecom,,,,,,true,,56,CURLE_RECV_ERROR,"CONNECT tunnel failed, response 525",84,86,0,0,140,0,525
www.google.com,AF,Afghanistan,afghan wireless,,,,,,true,,56,CURLE_RECV_ERROR,"CONNECT tunnel failed, response 525",87,88,0,0,143,0,525
www.google.com,AF,Afghanistan,telecom development company afghanistan,,,,,,true,,56,CURLE_RECV_ERROR,"CONNECT tunnel failed, response 525",83,84,0,0,153,0,525
www.google.com,AF,Afghanistan,multacom corporation,,,,,,false,,56,CURLE_RECV_ERROR,"CONNECT tunnel failed, response 525",85,86,0,0,155,0,525
www.google.com,AF,Afghanistan,multacom corporation,,,,,,true,,56,CURLE_RECV_ERROR,"CONNECT tunnel failed, response 525",87,290,0,0,338,0,525
www.google.com,AL,Albania,mobitel sh.p.k.,,,,,,false,,56,CURLE_RECV_ERROR,"CONNECT tunnel failed, response 525",0,2,0,0,60,0,525
www.google.com,AL,Albania,mobitel sh.p.k.,,,,,,true,,56,CURLE_RECV_ERROR,"CONNECT tunnel failed, response 525",0,202,0,0,260,0,525
www.google.com,AL,Albania,one albania,50616,one albania,50616,ONE ALBANIA SH.A.,true,true,,0,,,0,2,505,1113,1113,200,200
www.google.com,AL,Albania,vodafone albania,50973,vodafone albania,50973,Vodafone Albania Sh.A.,true,true,,0,,,0,2,591,1159,1159,200,200
www.google.com,AL,Albania,one albania,50616,one albania,50616,ONE ALBANIA SH.A.,true,false,,0,,,0,2,477,1090,1090,200,200
www.google.com,AL,Albania,vodafone albania,50973,vodafone albania,50973,Vodafone Albania Sh.A.,true,false,,0,,,0,2,481,1074,1075,200,200
www.google.com,DZ,Algeria,algerie telecom,36947,algerie telecom,36947,Telecom Algeria,true,true,,0,,,0,2,919,1376,1376,200,200
www.google.com,DZ,Algeria,optimum-telecom-algeria,327931,optimum-telecom-algeria,327931,Optimum Telecom Algeria,true,false,,0,,,0,2,889,1564,1564,200,200
www.google.com,DZ,Algeria,algerie telecom,36947,algerie telecom,36947,Telecom Algeria,true,false,,0,,,0,2,811,1165,1165,200,200
www.google.com,AF,Afghanistan,etisalat afghanistan,131284,etisalat afghanistan,131284,Etisalat Afghan,true,false,,0,,,1,2,1344,2253,2253,200,200
www.google.com,DZ,Algeria,optimum-telecom-algeria,327931,optimum-telecom-algeria,327931,Optimum Telecom Algeria,true,true,,0,,,0,2,858,1542,1542,200,200
www.google.com,AF,Afghanistan,afghan wireless communication company,138322,afghan wireless communication company,138322,Afghan Wireless Communication Company,true,false,,0,,,0,2,1304,2353,2353,200,200
www.google.com,DZ,Algeria,atm,327712,atm,327712,Telecom Algeria,true,false,,0,,,0,202,911,1716,1717,200,200
www.google.com,DZ,Algeria,atm,327712,atm,327712,Telecom Algeria,true,true,,0,,,0,2,1115,1583,1583,200,200
www.google.com,DZ,Algeria,wataniya-telecom,33779,wataniya-telecom,33779,Wataniya Telecom Algerie,true,false,,0,,,0,2,710,1040,1041,200,200
www.google.com,AF,Afghanistan,etisalat afghanistan,131284,etisalat afghanistan,131284,Etisalat Afghan,true,true,,0,,,0,2,1217,2714,2715,200,200
www.google.com,AG,Antigua and Barbuda,digicel,33576,digicel,33576,Digicel Jamaica,true,false,,0,,,0,2,711,1289,1289,200,200
www.google.com,AO,Angola,unitel,37119,unitel,37119,UNITEL SA,true,true,,0,,,80,81,1330,1945,1945,200,200
www.google.com,AG,Antigua and Barbuda,apua,11594,apua,11594,APUA,true,false,,0,,,0,2,656,1166,1167,200,200
www.google.com,AG,Antigua and Barbuda,digicel,33576,digicel,33576,Digicel Jamaica,true,true,,0,,,0,2,767,1316,1316,200,200
www.google.com,AG,Antigua and Barbuda,apua,11594,apua,11594,APUA,true,true,,0,,,0,2,514,940,940,200,200
www.google.com,AO,Angola,unitel,37119,unitel,37119,UNITEL SA,true,false,,0,,,0,2,1177,1836,1836,200,200
www.google.com,AF,Afghanistan,afghan wireless communication company,138322,afghan wireless communication company,138322,Afghan Wireless Communication Company,true,true,,0,,,0,2,1278,2271,2271,200,200
www.google.com,AR,Argentina,personal,7303,personal,7303,Telecom Argentina S.A.,true,false,,0,,,0,203,983,1423,1423,200,200
www.google.com,AM,Armenia,telecom armenia ojsc,,,,,,true,,56,CURLE_RECV_ERROR,"CONNECT tunnel failed, response 525",0,2,0,0,56,0,525
www.google.com,DZ,Algeria,wataniya-telecom,33779,wataniya-telecom,33779,Wataniya Telecom Algerie,true,true,,0,,,0,2,746,1193,1193,200,200
www.google.com,AM,Armenia,telecom armenia ojsc,,,,,,false,,56,CURLE_RECV_ERROR,"CONNECT tunnel failed, response 525",0,2,0,0,56,0,525
www.google.com,AW,Aruba,new millennium telecom services n.v.,,,,,,false,,56,CURLE_RECV_ERROR,"CONNECT tunnel failed, response 525",0,2,0,0,54,0,525
www.google.com,AW,Aruba,new millennium telecom services n.v.,,,,,,true,,56,CURLE_RECV_ERROR,"CONNECT tunnel failed, response 525",0,2,0,0,55,0,525
www.google.com,AR,Argentina,claro argentina,11664,claro argentina,11664,Techtel LMDS Comunicaciones Interactivas S.A.,true,false,,0,,,0,1,872,1312,1313,200,200
www.google.com,AG,Antigua and Barbuda,flow,14813,flow,14813,Columbus Telecommunications (Barbados) Limited,true,false,,0,,,0,2,802,1466,1466,200,200
www.google.com,AG,Antigua and Barbuda,flow,14813,flow,14813,Columbus Telecommunications (Barbados) Limited,true,true,,0,,,0,2,569,1472,1472,200,200
www.google.com,AO,Angola,aas1,328943,aas1,328943,Africell Angola S.A,true,true,,0,,,0,2,1288,2562,2562,200,200
www.google.com,AO,Angola,aas1,328943,aas1,328943,Africell Angola S.A,true,false,,0,,,0,2,1307,3549,3549,200,200
www.google.com,AR,Argentina,claro argentina,11664,claro argentina,11664,Techtel LMDS Comunicaciones Interactivas S.A.,true,true,,0,,,0,2,879,1356,1357,200,200
www.google.com,AR,Argentina,personal,7303,personal,7303,Telecom Argentina S.A.,true,true,,0,,,0,2,1045,1630,1630,200,200
www.google.com,AM,Armenia,ucom,44395,ucom,44395,Ucom CJSC,true,false,,0,,,0,1,645,1403,1403,200,200
www.google.com,AM,Armenia,viva armenia cjsc,43733,viva armenia cjsc,43733,Viva Armenia CJSC,true,false,,0,,,0,2,706,1454,1455,200,200
www.google.com,AW,Aruba,setar aruba,11816,setar aruba,11816,SERVICIO DI TELECOMUNICACION DI ARUBA (SETAR) N.V.,true,true,,0,,,0,2,695,1244,1244,200,200
www.google.com,AM,Armenia,ucom,44395,ucom,44395,Ucom CJSC,true,true,,0,,,0,2,590,1314,1314,200,200
www.google.com,AW,Aruba,setar aruba,11816,setar aruba,11816,SERVICIO DI TELECOMUNICACION DI ARUBA (SETAR) N.V.,true,false,,0,,,0,2,556,913,914,200,200
www.google.com,AM,Armenia,viva armenia cjsc,43733,viva armenia cjsc,43733,Viva Armenia CJSC,true,true,,0,,,0,2,731,1518,1518,200,200
www.google.com,AR,Argentina,telefonica de argentina,22927,telefonica de argentina,22927,Telefonica de Argentina,true,false,,0,,,0,2,1656,2974,2975,200,200
www.google.com,AU,Australia,vodafone australia,133612,vodafone australia,133612,Vodafone Australia Pty Ltd,true,false,,0,,,0,2,994,1553,1554,200,200
www.google.com,AT,Austria,telekom austria,8447,telekom austria,8447,A1 Telekom Austria AG,true,false,,0,,,0,2,502,714,715,200,200
www.google.com,AT,Austria,telekom austria,8447,telekom austria,8447,A1 Telekom Austria AG,true,true,,0,,,0,2,419,629,629,200,200
www.google.com,AT,Austria,magenta telekom,8412,magenta telekom,8412,T-Mobile Austria GmbH,true,true,,0,,,0,2,833,1054,1054,200,200
www.google.com,AT,Austria,magenta telekom,8412,magenta telekom,8412,T-Mobile Austria GmbH,true,false,,0,,,0,2,413,644,644,200,200
www.google.com,AT,Austria,hutchison drei austria gmbh,25255,hutchison drei austria gmbh,25255,Hutchison Drei Austria GmbH,true,false,,0,,,0,1,441,664,664,200,200
www.google.com,AR,Argentina,telefonica de argentina,22927,telefonica de argentina,22927,Telefonica de Argentina,true,true,,0,,,0,2,1985,2664,2664,200,200
www.google.com,AU,Australia,vodafone australia,133612,vodafone australia,133612,Vodafone Australia Pty Ltd,true,true,,0,,,0,2,963,1529,1530,200,200
www.google.com,AZ,Azerbaijan,nar,,,,,,false,,56,CURLE_RECV_ERROR,"CONNECT tunnel failed, response 525",0,2,0,0,62,0,525
www.google.com,AU,Australia,telstra internet,1221,telstra internet,1221,Telstra Limited,true,true,,0,,,76,78,1164,1835,1835,200,200
www.google.com,AZ,Azerbaijan,nar,,,,,,true,,56,CURLE_RECV_ERROR,"CONNECT tunnel failed, response 525",0,2,0,0,62,0,525
www.google.com,BS,Bahamas,alivfibr,,,,,,false,,56,CURLE_RECV_ERROR,"CONNECT tunnel failed, response 525",0,2,0,0,64,0,525
www.google.com,BS,Bahamas,alivfibr,,,,,,true,,56,CURLE_RECV_ERROR,"CONNECT tunnel failed, response 525",0,1,0,0,69,0,525
www.google.com,AU,Australia,optus,4804,optus,4804,SingTel Optus Pty Ltd,true,false,,0,,,0,2,1142,1710,1710,200,200
www.google.com,BH,Bahrain,zain bahrain b.s.c.,,,,,,false,,56,CURLE_RECV_ERROR,"CONNECT tunnel failed, response 525",0,2,0,0,60,0,525
www.google.com,AT,Austria,hutchison drei austria gmbh,25255,hutchison drei austria gmbh,25255,Hutchison Drei Austria GmbH,true,true,,0,,,1,2,470,749,749,200,200
www.google.com,AT,Austria,mass response service,51265,mass response service,51265,Mass Response Service GmbH,true,true,,0,,,0,2,1884,2159,2160,200,200
www.google.com,BH,Bahrain,zain bahrain b.s.c.,,,,,,true,,56,CURLE_RECV_ERROR,"CONNECT tunnel failed, response 525",0,2,0,0,58,0,525
www.google.com,AU,Australia,telstra internet,1221,telstra internet,1221,Telstra Limited,true,false,,0,,,0,2,1139,1675,1675,200,200
www.google.com,AU,Australia,optus,4804,optus,4804,SingTel Optus Pty Ltd,true,true,,0,,,0,2,1006,1561,1561,200,200
www.google.com,AT,Austria,mass response service,51265,mass response service,51265,Mass Response Service GmbH,true,false,,0,,,0,2,414,648,648,200,200
www.google.com,BD,Bangladesh,banglalink digital communications ltd.,,,,,,false,,56,CURLE_RECV_ERROR,"CONNECT tunnel failed, response 525",0,2,0,0,54,0,525
www.google.com,BS,Bahamas,bahamas telecommunications corporation,8014,bahamas telecommunications corporation,8014,Bahamas Telecommunications Corporation,true,false,,0,,,0,2,317,636,636,200,200
www.google.com,BD,Bangladesh,banglalink digital communications ltd.,,,,,,true,,56,CURLE_RECV_ERROR,"CONNECT tunnel failed, response 525",0,2,0,0,53,0,525
www.google.com,BD,Bangladesh,teletalk bangladesh,,,,,,false,,56,CURLE_RECV_ERROR,"CONNECT tunnel failed, response 525",0,2,0,0,53,0,525
www.google.com,BD,Bangladesh,teletalk bangladesh,,,,,,true,,56,CURLE_RECV_ERROR,"CONNECT tunnel failed, response 525",0,2,0,0,57,0,525
www.google.com,AZ,Azerbaijan,azercell telecom,31721,azercell telecom,31721,"""Azercell Telecom Ltd"" Azerbaijan-Turkey Joint Venture",true,false,,0,,,0,2,621,1233,1234,200,200
www.google.com,BD,Bangladesh,banglalink,,,,,,false,,56,CURLE_RECV_ERROR,"CONNECT tunnel failed, response 525",0,2,0,0,58,0,525
www.google.com,AZ,Azerbaijan,bakcell,197830,bakcell,197830,BAKCELL LLC,true,false,,0,,,0,2,797,1396,1396,200,200
www.google.com,BD,Bangladesh,telenor,,,,,,false,,56,CURLE_RECV_ERROR,"CONNECT tunnel failed, response 525",0,2,0,0,57,0,525
www.google.com,BS,Bahamas,bahamas telecommunications corporation,8014,bahamas telecommunications corporation,8014,Bahamas Telecommunications Corporation,true,true,,0,,,0,1,347,715,715,200,200
www.google.com,BD,Bangladesh,telenor,,,,,,true,,56,CURLE_RECV_ERROR,"CONNECT tunnel failed, response 525",0,2,0,0,57,0,525
www.google.com,BD,Bangladesh,banglalink,,,,,,true,,56,CURLE_RECV_ERROR,"CONNECT tunnel failed, response 525",0,2,0,0,55,0,525
www.google.com,AZ,Azerbaijan,azercell telecom,31721,azercell telecom,31721,"""Azercell Telecom Ltd"" Azerbaijan-Turkey Joint Venture",true,true,,0,,,0,2,602,1220,1220,200,200
www.google.com,BB,Barbados,digicel barbados,,,,,,true,,56,CURLE_RECV_ERROR,"CONNECT tunnel failed, response 525",0,2,0,0,55,0,525
www.google.com,BB,Barbados,digicel barbados,,,,,,false,,56,CURLE_RECV_ERROR,"CONNECT tunnel failed, response 525",0,2,0,0,57,0,525
www.google.com,AZ,Azerbaijan,bakcell,197830,bakcell,197830,BAKCELL LLC,true,true,,0,,,0,1,693,1301,1301,200,200
www.google.com,BS,Bahamas,bealiv ltd,15146,bealiv ltd,15146,Cable Bahamas,true,false,,0,,,0,2,536,1121,1121,200,200
www.google.com,BH,Bahrain,batelco,5416,batelco,5416,BEYON B.S.C.,true,false,,0,,,0,1,639,1375,1376,200,200
www.google.com,BY,Belarus,best cjsc,,,,,,true,,56,CURLE_RECV_ERROR,"CONNECT tunnel failed, response 525",0,2,0,0,54,0,525
www.google.com,BS,Bahamas,bealiv ltd,15146,bealiv ltd,15146,Cable Bahamas,true,true,,0,,,0,2,857,1345,1345,200,200
www.google.com,BY,Belarus,best cjsc,,,,,,false,,56,CURLE_RECV_ERROR,"CONNECT tunnel failed, response 525",0,2,0,0,57,0,525
www.google.com,BH,Bahrain,batelco,5416,batelco,5416,BEYON B.S.C.,true,true,,0,,,0,2,628,1684,1684,200,200
www.google.com,BE,Belgium,lycamobile,,,,,,false,,56,CURLE_RECV_ERROR,"CONNECT tunnel failed, response 525",0,2,0,0,52,0,525
www.google.com,BB,Barbados,flow,14813,flow,14813,Columbus Telecommunications (Barbados) Limited,true,false,,0,,,56,58,521,922,922,200,200
www.google.com,BE,Belgium,lycamobile,,,,,,true,,56,CURLE_RECV_ERROR,"CONNECT tunnel failed, response 525",0,2,0,0,52,0,525
www.google.com,BE,Belgium,belgacom international carrier services,,,,,,false,,56,CURLE_RECV_ERROR,"CONNECT tunnel failed, response 525",0,2,0,0,53,0,525
www.google.com,BE,Belgium,belgacom international carrier services,,,,,,true,,56,CURLE_RECV_ERROR,"CONNECT tunnel failed, response 525",0,2,0,0,60,0,525
www.google.com,BB,Barbados,flow,14813,flow,14813,Columbus Telecommunications (Barbados) Limited,true,true,,0,,,0,2,404,712,712,200,200
www.google.com,BY,Belarus,mts belarus,25106,mts belarus,25106,Mobile TeleSystems JLLC,true,false,,0,,,0,2,569,917,917,200,200
www.google.com,BH,Bahrain,stc bahrain,51375,stc bahrain,51375,STC BAHRAIN B.S.C CLOSED,true,false,,0,,,0,2,954,2079,2079,200,200
www.google.com,BH,Bahrain,stc bahrain,51375,stc bahrain,51375,STC BAHRAIN B.S.C CLOSED,true,true,,0,,,0,2,797,2626,2627,200,200
www.google.com,BY,Belarus,mts belarus,25106,mts belarus,25106,Mobile TeleSystems JLLC,true,true,,0,,,0,2,496,805,805,200,200
www.google.com,BD,Bangladesh,grameenphone,24389,grameenphone,24389,grameenphone limited,true,true,,0,,,0,2,953,1485,1485,200,200
www.google.com,BY,Belarus,a1 belarus,42772,a1 belarus,42772,Unitary enterprise A1,true,false,,0,,,0,2,787,1174,1175,200,200
www.google.com,BE,Belgium,telenet,6848,telenet,6848,Telenet BV,true,false,,0,,,0,2,469,745,745,200,200
www.google.com,BE,Belgium,orange belgium,47377,orange belgium,47377,Orange Belgium SA,true,false,,0,,,0,2,308,473,474,200,200
www.google.com,BD,Bangladesh,robi,24432,robi,24432,Axiata (Bangladesh) Limited,true,false,,0,,,0,2,1106,1686,1686,200,200
www.google.com,BJ,Benin,moov benin,,,,,,false,,56,CURLE_RECV_ERROR,"CONNECT tunnel failed, response 525",0,2,0,0,54,0,525
www.google.com,BE,Belgium,telenet,6848,telenet,6848,Telenet BV,true,true,,0,,,0,2,411,654,655,200,200
www.google.com,BJ,Benin,moov benin,,,,,,true,,56,CURLE_RECV_ERROR,"CONNECT tunnel failed, response 525",0,2,0,0,51,0,525
www.google.com,BE,Belgium,orange belgium,47377,orange belgium,47377,Orange Belgium SA,true,true,,0,,,0,2,333,502,502,200,200
www.google.com,BT,Bhutan,druknet isp,,,,,,false,,56,CURLE_RECV_ERROR,"CONNECT tunnel failed, response 525",0,1,0,0,51,0,525
www.google.com,BD,Bangladesh,grameenphone,24389,grameenphone,24389,grameenphone limited,true,false,,0,,,0,2,952,1481,1481,200,200
www.google.com,BT,Bhutan,druknet isp,,,,,,true,,56,CURLE_RECV_ERROR,"CONNECT tunnel failed, response 525",0,2,0,0,53,0,525
www.google.com,BO,"Bolivia, Plurinational State of",universidad mayor de san simon,,,,,,false,,56,CURLE_RECV_ERROR,"CONNECT tunnel failed, response 525",0,2,0,0,64,0,525
www.google.com,BO,"Bolivia, Plurinational State of",universidad mayor de san simon,,,,,,true,,56,CURLE_RECV_ERROR,"CONNECT tunnel failed, response 525",0,2,0,0,55,0,525
www.google.com,BO,"Bolivia, Plurinational State of",telefonica celular de bolivia s.a.,,,,,,false,,56,CURLE_RECV_ERROR,"CONNECT tunnel failed, response 525",0,2,0,0,53,0,525
www.google.com,BD,Bangladesh,robi,24432,robi,24432,Axiata (Bangladesh) Limited,true,true,,0,,,0,2,1076,1669,1669,200,200
www.google.com,BZ,Belize,speednet wireless,262239,speednet wireless,262239,Speednet Communications Limited,true,true,,0,,,0,2,520,824,824,200,200
www.google.com,BO,"Bolivia, Plurinational State of",telefonica celular de bolivia s.a.,,,,,,true,,56,CURLE_RECV_ERROR,"CONNECT tunnel failed, response 525",0,2,0,0,59,0,525
www.google.com,BE,Belgium,proximus,5432,proximus,5432,Proximus NV,true,false,,0,,,0,2,814,1227,1227,200,200
www.google.com,BE,Belgium,proximus,5432,proximus,5432,Proximus NV,true,true,,0,,,0,2,542,916,917,200,200
www.google.com,BY,Belarus,a1 belarus,42772,a1 belarus,42772,Unitary enterprise A1,true,true,,0,,,0,1,1990,2259,2259,200,200
www.google.com,BZ,Belize,speednet wireless,262239,speednet wireless,262239,Speednet Communications Limited,true,false,,0,,,0,2,458,872,872,200,200
www.google.com,BZ,Belize,belize telemedia limited,10269,belize telemedia limited,10269,Belize Telemedia Limited,true,true,,0,,,0,2,568,809,809,200,200
www.google.com,BO,"Bolivia, Plurinational State of",entel bolivia,6568,entel bolivia,6568,Entel S.A. - EntelNet,true,false,,0,,,0,1,558,886,886,200,200
www.google.com,BO,"Bolivia, Plurinational State of",entel bolivia,6568,entel bolivia,6568,Entel S.A. - EntelNet,true,true,,0,,,0,2,741,1063,1063,200,200
www.google.com,BA,Bosnia and Herzegovina,bh telecom d.d. sarajevo,9146,bh telecom d.d. sarajevo,9146,BH Telecom d.d. Sarajevo,true,false,,0,,,0,2,733,1230,1230,200,200
www.google.com,BA,Bosnia and Herzegovina,bh telecom d.d. sarajevo,9146,bh telecom d.d. sarajevo,9146,BH Telecom d.d. Sarajevo,true,true,,0,,,0,2,712,1080,1080,200,200
www.google.com,BA,Bosnia and Herzegovina,jp ht d.d. mostar,20875,jp ht d.d. mostar,20875,JP HT d.d. Mostar,true,false,,0,,,0,2,1063,1500,1501,200,200
www.google.com,BA,Bosnia and Herzegovina,mtel bosnia,25144,mtel bosnia,25144,"""Telekomunikacije Republike Srpske"" akcionarsko drustvo Banja Luka",true,false,,0,,,102,103,757,1069,1069,200,200
www.google.com,BZ,Belize,belize telemedia limited,10269,belize telemedia limited,10269,Belize Telemedia Limited,true,false,,0,,,0,2,533,911,912,200,200
www.google.com,BO,"Bolivia, Plurinational State of",nuevatel pcs de bolivia s.a.,28024,nuevatel pcs de bolivia s.a.,28024,Nuevatel PCS de Bolivia S.A.,true,false,,0,,,0,2,785,1694,1695,200,200
www.google.com,BR,Brazil,tim live,,,,,,true,,56,CURLE_RECV_ERROR,"CONNECT tunnel failed, response 525",0,2,0,0,87,0,525
www.google.com,BA,Bosnia and Herzegovina,jp ht d.d. mostar,20875,jp ht d.d. mostar,20875,JP HT d.d. Mostar,true,true,,0,,,0,2,915,1424,1424,200,200
www.google.com,BO,"Bolivia, Plurinational State of",nuevatel pcs de bolivia s.a.,28024,nuevatel pcs de bolivia s.a.,28024,Nuevatel PCS de Bolivia S.A.,true,true,,0,,,0,2,845,1433,1434,200,200
www.google.com,BA,Bosnia and Herzegovina,mtel bosnia,25144,mtel bosnia,25144,"""Telekomunikacije Republike Srpske"" akcionarsko drustvo Banja Luka",true,true,,0,,,0,2,657,1095,1095,200,200
www.google.com,BJ,Benin,benin telecom,328228,benin telecom,328228,SOCIETE BENINOISE D'INFRASTRUCTURES NUMERIQUES,true,false,,0,,,0,2,1007,1868,1869,200,200
www.google.com,BJ,Benin,benin telecom,328228,benin telecom,328228,SOCIETE BENINOISE D'INFRASTRUCTURES NUMERIQUES,true,true,,0,,,0,2,2462,3329,3330,200,200
www.google.com,BW,Botswana,obo,36963,obo,36963,Orange Botswana (PTY) Ltd,true,false,,0,,,0,2,1152,1956,1957,200,200
www.google.com,BR,Brazil,tim live,,,,,,false,,56,CURLE_RECV_ERROR,"CONNECT tunnel failed, response 525",0,2,0,0,90,0,525
www.google.com,BR,Brazil,brisanet,28126,brisanet,28126,BRISANET SERVICOS DE TELECOMUNICACOES S.A,true,false,,0,,,0,2,511,875,875,200,200
www.google.com,BW,Botswana,obo,36963,obo,36963,Orange Botswana (PTY) Ltd,true,true,,0,,,0,2,1075,1879,1879,200,200
www.google.com,BW,Botswana,mascom-wireless-botswana,37014,mascom-wireless-botswana,37014,Mascom Wireless Ltd,true,false,,0,,,0,2,1300,2343,2344,200,200
www.google.com,BR,Brazil,surf telecom s.a.,,,,,,false,,56,CURLE_RECV_ERROR,"CONNECT tunnel failed, response 525",0,2,0,0,88,0,525
www.google.com,BR,Brazil,gsm engenharia em tecnologia da informacao eireli,,,,,,false,,56,CURLE_RECV_ERROR,"CONNECT tunnel failed, response 525",0,2,0,0,88,0,525
www.google.com,BR,Brazil,surf telecom s.a.,,,,,,true,,56,CURLE_RECV_ERROR,"CONNECT tunnel failed, response 525",0,203,0,0,289,0,525
www.google.com,BR,Brazil,brisanet,28126,brisanet,28126,BRISANET SERVICOS DE TELECOMUNICACOES S.A,true,true,,0,,,0,2,606,950,951,200,200
www.google.com,BR,Brazil,unifique telecomunicacoes sa,,,,,,false,,56,CURLE_RECV_ERROR,"CONNECT tunnel failed, response 525",0,2,0,0,91,0,525
www.google.com,BR,Brazil,claro brazil,22085,claro brazil,22085,Claro S/A,true,true,,0,,,0,1,765,1127,1128,200,200
www.google.com,BR,Brazil,gsm engenharia em tecnologia da informacao eireli,,,,,,true,,56,CURLE_RECV_ERROR,"CONNECT tunnel failed, response 525",0,202,0,0,286,0,525
www.google.com,BR,Brazil,unifique telecomunicacoes sa,,,,,,true,,56,CURLE_RECV_ERROR,"CONNECT tunnel failed, response 525",0,2,0,0,87,0,525
www.google.com,BR,Brazil,claro brazil,22085,claro brazil,22085,Claro S/A,true,false,,0,,,0,2,940,1352,1352,200,200
www.google.com,BR,Brazil,tim brasil,26615,tim brasil,26615,TIM S/A,true,true,,0,,,0,2,800,1158,1159,200,200
www.google.com,BR,Brazil,algar telecom,,,,,,false,,56,CURLE_RECV_ERROR,"CONNECT tunnel failed, response 525",41,42,0,0,127,0,525
www.google.com,AU,Australia,vocus,9443,vocus,9443,VOCUS PTY LTD,true,true,,0,,,0,1,4838,7696,7696,200,200
www.google.com,BR,Brazil,algar telecom,,,,,,true,,56,CURLE_RECV_ERROR,"CONNECT tunnel failed, response 525",0,2,0,0,91,0,525
www.google.com,BW,Botswana,mascom-wireless-botswana,37014,mascom-wireless-botswana,37014,Mascom Wireless Ltd,true,true,,0,,,0,2,964,2914,2915,200,200
www.google.com,BG,Bulgaria,lycamobile,,,,,,false,,56,CURLE_RECV_ERROR,"CONNECT tunnel failed, response 525",1,2,0,0,57,0,525
www.google.com,BG,Bulgaria,lycamobile,,,,,,true,,56,CURLE_RECV_ERROR,"CONNECT tunnel failed, response 525",0,2,0,0,57,0,525
www.google.com,BG,Bulgaria,horizon scope mobile telecom wll,,,,,,false,,56,CURLE_RECV_ERROR,"CONNECT tunnel failed, response 525",0,2,0,0,54,0,525
www.google.com,BG,Bulgaria,horizon scope mobile telecom wll,,,,,,true,,56,CURLE_RECV_ERROR,"CONNECT tunnel failed, response 525",0,2,0,0,52,0,525
www.google.com,BW,Botswana,botswana telecommunications corporation,14988,botswana telecommunications corporation,14988,Botswana Telecommunications Corporation,true,true,,0,,,0,1,1391,2485,2486,200,200
www.google.com,BW,Botswana,botswana telecommunications corporation,14988,botswana telecommunications corporation,14988,Botswana Telecommunications Corporation,true,false,,0,,,0,2,1484,3417,3417,200,200
www.google.com,BR,Brazil,mobilelink provedor de servicos de internet ltda,274762,mobilelink provedor de servicos de internet ltda,274762,MOBILELINK PROVEDOR DE SERVICOS DE INTERNET LTDA,true,true,,0,,,0,2,552,831,831,200,200
www.google.com,BR,Brazil,vivo,26599,vivo,26599,TELEFÔNICA BRASIL S.A,true,false,,0,,,0,2,1015,1507,1507,200,200
www.google.com,BR,Brazil,vivo,26599,vivo,26599,TELEFÔNICA BRASIL S.A,true,true,,0,,,0,2,823,1217,1218,200,200
www.google.com,BR,Brazil,mobilelink provedor de servicos de internet ltda,274762,mobilelink provedor de servicos de internet ltda,274762,MOBILELINK PROVEDOR DE SERVICOS DE INTERNET LTDA,true,false,,0,,,0,2,557,905,905,200,200
www.google.com,BF,Burkina Faso,orange burkina faso,,,,,,false,,56,CURLE_RECV_ERROR,"CONNECT tunnel failed, response 525",0,2,0,0,54,0,525
www.google.com,AU,Australia,vocus,9443,vocus,9443,VOCUS PTY LTD,true,false,,0,,,0,2,4858,8005,8005,200,200
www.google.com,BF,Burkina Faso,orange burkina faso,,,,,,true,,56,CURLE_RECV_ERROR,"CONNECT tunnel failed, response 525",0,2,0,0,57,0,525
www.google.com,BG,Bulgaria,vivacom,8866,vivacom,8866,Vivacom Bulgaria EAD,true,false,,0,,,1,3,506,1066,1066,200,200
www.google.com,BF,Burkina Faso,telecel-faso,,,,,,false,,56,CURLE_RECV_ERROR,"CONNECT tunnel failed, response 525",0,2,0,0,56,0,525
www.google.com,BF,Burkina Faso,telecel-faso,,,,,,true,,56,CURLE_RECV_ERROR,"CONNECT tunnel failed, response 525",0,2,0,0,57,0,525
www.google.com,BN,Brunei Darussalam,unified national networks (unn) sdn bhd,10094,unified national networks (unn) sdn bhd,10094,Unified National Networks,true,false,,0,,,0,2,728,1118,1118,200,200
www.google.com,BI,Burundi,ucom-wic,,,,,,false,,56,CURLE_RECV_ERROR,"CONNECT tunnel failed, response 525",0,2,0,0,55,0,525
www.google.com,BR,Brazil,tim brasil,26615,tim brasil,26615,TIM S/A,true,false,,0,,,0,2,875,1249,1249,200,200
www.google.com,BI,Burundi,ucom-wic,,,,,,true,,56,CURLE_RECV_ERROR,"CONNECT tunnel failed, response 525",0,2,0,0,57,0,525
www.google.com,KH,Cambodia,"smart axiata co.,ltd",,,,,,true,,56,CURLE_RECV_ERROR,"CONNECT tunnel failed, response 525",0,2,0,0,57,0,525
www.google.com,KH,Cambodia,smart axiata,,,,,,false,,56,CURLE_RECV_ERROR,"CONNECT tunnel failed, response 525",0,2,0,0,53,0,525
www.google.com,KH,Cambodia,smart axiata,,,,,,true,,56,CURLE_RECV_ERROR,"CONNECT tunnel failed, response 525",0,2,0,0,55,0,525
www.google.com,KH,Cambodia,south east asia telecom cambodia,,,,,,false,,56,CURLE_RECV_ERROR,"CONNECT tunnel failed, response 525",0,2,0,0,51,0,525
www.google.com,KH,Cambodia,south east asia telecom cambodia,,,,,,true,,56,CURLE_RECV_ERROR,"CONNECT tunnel failed, response 525",0,2,0,0,54,0,525
www.google.com,BG,Bulgaria,a1 bulgaria,12716,a1 bulgaria,12716,A1 Bulgaria EAD,true,false,,0,,,0,203,661,1240,1241,200,200
www.google.com,BG,Bulgaria,yettel bulgaria,29244,yettel bulgaria,29244,CETIN Bulgaria EAD,true,false,,0,,,0,2,511,1060,1061,200,200
www.google.com,KH,Cambodia,"smart axiata co.,ltd",,,,,,false,,56,CURLE_RECV_ERROR,"CONNECT tunnel failed, response 525",0,2,0,0,54,0,525
www.google.com,BN,Brunei Darussalam,unified national networks (unn) sdn bhd,10094,unified national networks (unn) sdn bhd,10094,Unified National Networks,true,true,,0,,,0,2,656,1049,1049,200,200
www.google.com,KH,Cambodia,flash broadband pvt. ltd.,,,,,,false,,56,CURLE_RECV_ERROR,"CONNECT tunnel failed, response 525",0,1,0,0,56,0,525
www.google.com,BR,Brazil,ita.net telecom,268038,ita.net telecom,268038,LG Telecomunicacoes,true,true,,0,,,0,2,506,1930,1930,200,200
www.google.com,KH,Cambodia,cellcard,,,,,,false,,56,CURLE_RECV_ERROR,"CONNECT tunnel failed, response 525",0,2,0,0,51,0,525
www.google.com,BG,Bulgaria,a1 bulgaria,12716,a1 bulgaria,12716,A1 Bulgaria EAD,true,true,,0,,,0,2,511,1108,1109,200,200
www.google.com,BG,Bulgaria,vivacom,8866,vivacom,8866,Vivacom Bulgaria EAD,true,true,,0,,,0,1,523,1160,1160,200,200
www.google.com,KH,Cambodia,cellcard,,,,,,true,,56,CURLE_RECV_ERROR,"CONNECT tunnel failed, response 525",0,2,0,0,74,0,525
www.google.com,KH,Cambodia,flash broadband pvt. ltd.,,,,,,true,,56,CURLE_RECV_ERROR,"CONNECT tunnel failed, response 525",0,2,0,0,54,0,525
www.google.com,BG,Bulgaria,yettel bulgaria,29244,yettel bulgaria,29244,CETIN Bulgaria EAD,true,true,,0,,,0,2,468,1002,1003,200,200
www.google.com,CA,Canada,rogers wireless,812,rogers wireless,812,Rogers Communications Canada Inc.,true,true,,0,,,0,2,156,411,411,200,200
www.google.com,BR,Brazil,ita.net telecom,268038,ita.net telecom,268038,LG Telecomunicacoes,true,false,,0,,,0,2,948,1212,1212,200,200
www.google.com,KH,Cambodia,metfone,38623,metfone,38623,"VIETTEL (CAMBODIA) PTE., LTD",true,false,,0,,,0,2,723,1113,1114,200,200
www.google.com,CA,Canada,rogers cable,812,rogers cable,812,Rogers Communications Canada Inc.,true,false,,0,,,0,2,220,535,535,200,200
www.google.com,CA,Canada,videotron ltee,,,,,,true,,56,CURLE_RECV_ERROR,"CONNECT tunnel failed, response 525",0,2,0,0,60,0,525
www.google.com,KH,Cambodia,metfone,38623,metfone,38623,"VIETTEL (CAMBODIA) PTE., LTD",true,true,,0,,,0,2,681,1063,1063,200,200
www.google.com,CA,Canada,rogers cable,812,rogers cable,812,Rogers Communications Canada Inc.,true,true,,0,,,79,80,410,794,794,200,200
www.google.com,CA,Canada,rogers wireless,812,rogers wireless,812,Rogers Communications Canada Inc.,true,false,,0,,,0,2,151,390,390,200,200
www.google.com,CA,Canada,bell canada,577,bell canada,577,Bell Canada,true,false,,0,,,0,2,107,378,379,200,200
www.google.com,CA,Canada,bell canada,577,bell canada,577,Bell Canada,true,true,,0,,,1,2,121,390,390,200,200
www.google.com,BF,Burkina Faso,onatel,25543,onatel,25543,ONATEL/FasoNet's Autonomous System ONATEL BURKINA,true,true,,0,,,0,2,1038,2479,2480,200,200
www.google.com,CA,Canada,videotron ltee,,,,,,false,,56,CURLE_RECV_ERROR,"CONNECT tunnel failed, response 525",1,2,0,0,59,0,525
www.google.com,BI,Burundi,viettel burundi,327799,viettel burundi,327799,VIETTEL BURUNDI SA,true,true,,0,,,78,80,936,1769,1770,200,200
www.google.com,CA,Canada,bell dsl internet,577,bell dsl internet,577,Bell Canada,true,true,,0,,,1,2,365,788,788,200,200
www.google.com,CA,Canada,bell dsl internet,577,bell dsl internet,577,Bell Canada,true,false,,0,,,1,2,430,668,668,200,200
www.google.com,CM,Cameroon,mtn cameroon,30992,mtn cameroon,30992,MTN Network Solutions (Cameroon),true,false,,0,,,0,2,1081,1875,1875,200,200
www.google.com,CA,Canada,sasktel,,,,,,false,,56,CURLE_RECV_ERROR,"CONNECT tunnel failed, response 525",0,2,0,0,68,0,525
www.google.com,BI,Burundi,viettel burundi,327799,viettel burundi,327799,VIETTEL BURUNDI SA,true,false,,0,,,0,2,1026,3064,3064,200,200
www.google.com,CA,Canada,telus communications,,,852,TELUS Communications Inc.,,false,,56,CURLE_RECV_ERROR,"CONNECT tunnel failed, response 403",0,2,0,0,169,0,403
www.google.com,CM,Cameroon,camtel,15964,camtel,15964,CAMEROON TELECOMMUNICATIONS NETWORK,true,false,,0,,,0,2,1384,2348,2349,200,200
www.google.com,CA,Canada,telus communications,,,852,TELUS Communications Inc.,,true,,56,CURLE_RECV_ERROR,"CONNECT tunnel failed, response 403",0,2,0,0,199,0,403
www.google.com,CA,Canada,sasktel,,,,,,true,,56,CURLE_RECV_ERROR,"CONNECT tunnel failed, response 525",0,202,0,0,266,0,525
www.google.com,CM,Cameroon,orange cameroun,36912,orange cameroun,36912,Orange Cameroun SA,true,true,,0,,,0,2,1361,2004,2004,200,200
www.google.com,CA,Canada,northwestel,,,,,,false,,56,CURLE_RECV_ERROR,"CONNECT tunnel failed, response 525",0,2,0,0,61,0,525
www.google.com,CM,Cameroon,mtn cameroon,30992,mtn cameroon,30992,MTN Network Solutions (Cameroon),true,true,,0,,,0,2,824,1608,1608,200,200
www.google.com,BF,Burkina Faso,onatel,25543,onatel,25543,ONATEL/FasoNet's Autonomous System ONATEL BURKINA,true,false,,0,,,0,2,915,1796,1797,200,200
www.google.com,CA,Canada,northwestel,,,,,,true,,56,CURLE_RECV_ERROR,"CONNECT tunnel failed, response 525",0,2,0,0,64,0,525
www.google.com,CA,Canada,bell mobility,577,bell mobility,577,Bell Canada,true,false,,0,,,0,2,471,931,932,200,200
www.google.com,CV,Cape Verde,alou,,,,,,true,,56,CURLE_RECV_ERROR,"CONNECT tunnel failed, response 525",0,1,0,0,52,0,525
www.google.com,CA,Canada,virgin plus,577,virgin plus,577,Bell Canada,true,true,,0,,,0,2,336,769,769,200,200
www.google.com,CV,Cape Verde,alou,,,,,,false,,56,CURLE_RECV_ERROR,"CONNECT tunnel failed, response 525",0,2,0,0,50,0,525
www.google.com,CV,Cape Verde,tmais,,,,,,false,,56,CURLE_RECV_ERROR,"CONNECT tunnel failed, response 525",0,2,0,0,50,0,525
www.google.com,CV,Cape Verde,tmais,,,,,,true,,56,CURLE_RECV_ERROR,"CONNECT tunnel failed, response 525",0,2,0,0,53,0,525
www.google.com,CF,Central African Republic,orange central african republic,,,,,,true,,56,CURLE_RECV_ERROR,"CONNECT tunnel failed, response 525",0,2,0,0,52,0,525
www.google.com,CF,Central African Republic,orange central african republic,,,,,,false,,56,CURLE_RECV_ERROR,"CONNECT tunnel failed, response 525",0,2,0,0,52,0,525
www.google.com,CF,Central African Republic,moovafricacentrafrique,,,,,,false,,56,CURLE_RECV_ERROR,"CONNECT tunnel failed, response 525",0,2,0,0,63,0,525
www.google.com,CF,Central African Republic,moovafricacentrafrique,,,,,,true,,56,CURLE_RECV_ERROR,"CONNECT tunnel failed, response 525",0,2,0,0,59,0,525
www.google.com,CA,Canada,bell mobility,577,bell mobility,577,Bell Canada,true,true,,0,,,0,2,498,843,843,200,200
www.google.com,TD,Chad,ilnet-telecom,,,,,,false,,56,CURLE_RECV_ERROR,"CONNECT tunnel failed, response 525",0,2,0,0,52,0,525
www.google.com,TD,Chad,ilnet-telecom,,,,,,true,,56,CURLE_RECV_ERROR,"CONNECT tunnel failed, response 525",0,2,0,0,51,0,525
www.google.com,CA,Canada,virgin plus,577,virgin plus,577,Bell Canada,true,false,,0,,,0,2,326,794,794,200,200
www.google.com,CA,Canada,eastlink,11260,eastlink,11260,EastLink,true,false,,0,,,0,2,525,879,879,200,200
www.google.com,CM,Cameroon,orange cameroun,36912,orange cameroun,36912,Orange Cameroun SA,true,false,,0,,,0,2,1068,1853,1853,200,200
www.google.com,CM,Cameroon,camtel,15964,camtel,15964,CAMEROON TELECOMMUNICATIONS NETWORK,true,true,,0,,,0,2,1366,2548,2548,200,200
www.google.com,CA,Canada,eastlink,11260,eastlink,11260,EastLink,true,true,,0,,,0,2,421,1194,1195,200,200
www.google.com,CA,Canada,freedom mobile,20365,freedom mobile,20365,Videotron Ltee,true,false,,0,,,0,2,1000,1394,1395,200,200
www.google.com,CL,Chile,wom chile,52341,wom chile,52341,WOM S.A.,true,false,,0,,,0,2,818,1177,1177,200,200
www.google.com,CA,Canada,freedom mobile,20365,freedom mobile,20365,Videotron Ltee,true,true,,0,,,0,2,744,1146,1146,200,200
www.google.com,CL,Chile,entel chile,27651,entel chile,27651,ENTEL CHILE S.A.,true,false,,0,,,0,2,737,1076,1077,200,200
www.google.com,CL,Chile,movistar chile,,,,,,true,,56,CURLE_RECV_ERROR,"CONNECT tunnel failed, response 525",0,2,0,0,67,0,525
www.google.com,KY,Cayman Islands,digicel cayman,13771,digicel cayman,13771,Digicel Cayman Limited,true,false,,0,,,0,2,714,1223,1224,200,200
www.google.com,CL,Chile,mundo chile,,,,,,false,,56,CURLE_RECV_ERROR,"CONNECT tunnel failed, response 525",0,2,0,0,62,0,525
www.google.com,CL,Chile,movistar chile,,,,,,false,,56,CURLE_RECV_ERROR,"CONNECT tunnel failed, response 525",0,2,0,0,64,0,525
www.google.com,CL,Chile,mundo chile,,,,,,true,,56,CURLE_RECV_ERROR,"CONNECT tunnel failed, response 525",0,2,0,0,60,0,525
www.google.com,CN,China,shanghai mobile communications,,,,,,false,,56,CURLE_RECV_ERROR,"CONNECT tunnel failed, response 525",0,2,0,0,64,0,525
www.google.com,KY,Cayman Islands,digicel cayman,13771,digicel cayman,13771,Digicel Cayman Limited,true,true,,0,,,97,99,752,1187,1188,200,200
www.google.com,CN,China,china mobile shandong,,,,,,false,,56,CURLE_RECV_ERROR,"CONNECT tunnel failed, response 525",0,2,0,0,61,0,525
www.google.com,CL,Chile,wom chile,52341,wom chile,52341,WOM S.A.,true,true,,0,,,0,2,755,1123,1123,200,200
www.google.com,CN,China,china mobile shandong,,,,,,true,,56,CURLE_RECV_ERROR,"CONNECT tunnel failed, response 525",0,2,0,0,56,0,525
www.google.com,CN,China,china mobile hebei,,,,,,false,,56,CURLE_RECV_ERROR,"CONNECT tunnel failed, response 525",0,2,0,0,60,0,525
www.google.com,CN,China,china mobile hebei,,,,,,true,,56,CURLE_RECV_ERROR,"CONNECT tunnel failed, response 525",1,2,0,0,61,0,525
www.google.com,CL,Chile,movistar movil chile,16629,movistar movil chile,16629,CTC. CORP S.A. (TELEFONICA EMPRESAS),true,false,,0,,,8,10,820,1355,1355,200,200
www.google.com,CN,China,heilongjiang mobile communication company,,,,,,false,,56,CURLE_RECV_ERROR,"CONNECT tunnel failed, response 525",0,2,0,0,61,0,525
www.google.com,CN,China,heilongjiang mobile communication company,,,,,,true,,56,CURLE_RECV_ERROR,"CONNECT tunnel failed, response 525",0,2,0,0,63,0,525
www.google.com,CN,China,henan mobile communications,,,,,,false,,56,CURLE_RECV_ERROR,"CONNECT tunnel failed, response 525",0,1,0,0,60,0,525
www.google.com,CN,China,china telecom,,,,,,false,,56,CURLE_RECV_ERROR,"CONNECT tunnel failed, response 525",0,2,0,0,65,0,525
www.google.com,CN,China,shanghai mobile communications,,,,,,true,,56,CURLE_RECV_ERROR,"CONNECT tunnel failed, response 525",0,202,0,0,263,0,525
www.google.com,CL,Chile,entel chile,27651,entel chile,27651,ENTEL CHILE S.A.,true,true,,0,,,0,202,1005,1615,1616,200,200
www.google.com,CN,China,china telecom,,,,,,true,,56,CURLE_RECV_ERROR,"CONNECT tunnel failed, response 525",0,2,0,0,64,0,525
www.google.com,CN,China,henan mobile communications,,,,,,true,,56,CURLE_RECV_ERROR,"CONNECT tunnel failed, response 525",0,1,0,0,62,0,525
www.google.com,CN,China,tianjin mobile communication company,,,,,,false,,56,CURLE_RECV_ERROR,"CONNECT tunnel failed, response 525",0,2,0,0,66,0,525
www.google.com,CN,China,tianjin mobile communication company,,,,,,true,,56,CURLE_RECV_ERROR,"CONNECT tunnel failed, response 525",0,2,0,0,65,0,525
www.google.com,CL,Chile,claro chile,6535,claro chile,27995,CLARO CHILE S.A.,false,false,,0,,,0,2,556,1050,1050,200,200
www.google.com,TD,Chad,millicom-chad,327802,millicom-chad,327802,MILLICOM CHAD SA,true,true,,0,,,0,2,1272,1963,1963,200,200
www.google.com,CL,Chile,claro chile,6535,claro chile,27995,CLARO CHILE S.A.,false,true,,0,,,0,2,699,1097,1097,200,200
www.google.com,CL,Chile,entel hogar fibra,27651,entel hogar fibra,27651,ENTEL CHILE S.A.,true,false,,0,,,0,2,715,1134,1134,200,200
www.google.com,CL,Chile,entel hogar fibra,27651,entel hogar fibra,27651,ENTEL CHILE S.A.,true,true,,0,,,0,2,883,1217,1217,200,200
www.google.com,CL,Chile,movistar movil chile,16629,movistar movil chile,16629,CTC. CORP S.A. (TELEFONICA EMPRESAS),true,true,,0,,,0,2,1117,1731,1731,200,200
www.google.com,TD,Chad,millicom-chad,327802,millicom-chad,327802,MILLICOM CHAD SA,true,false,,0,,,0,2,1328,1992,1992,200,200
www.google.com,CO,Colombia,movistar colombia,3816,movistar colombia,3816,COLOMBIA TELECOMUNICACIONES S.A. ESP,true,false,,0,,,0,2,508,976,976,200,200
www.google.com,CO,Colombia,movistar colombia,3816,movistar colombia,3816,COLOMBIA TELECOMUNICACIONES S.A. ESP,true,true,,0,,,0,1,414,880,880,200,200
www.google.com,CO,Colombia,tigo colombia,13489,tigo colombia,13489,EPM Telecomunicaciones S.A. E.S.P.,true,true,,0,,,0,2,329,749,749,200,200
www.google.com,CO,Colombia,tigo colombia,13489,tigo colombia,13489,EPM Telecomunicaciones S.A. E.S.P.,true,false,,0,,,0,1,346,769,769,200,200
www.google.com,CO,Colombia,claro colombia,26611,claro colombia,26611,COMCEL S.A.,true,true,,0,,,0,2,865,1556,1556,200,200
www.google.com,CO,Colombia,claro colombia,26611,claro colombia,26611,COMCEL S.A.,true,false,,0,,,0,2,686,2121,2122,200,200
www.google.com,KM,Comoros,comores telecom,36939,comores telecom,36939,Comores Telecom,true,false,,0,,,71,73,1320,2217,2217,200,200
www.google.com,CO,Colombia,partners telecom colombia sas,271773,partners telecom colombia sas,271773,PARTNERS TELECOM COLOMBIA SAS,true,false,,0,,,0,2,2382,3477,3477,200,200
www.google.com,CD,"Congo, the Democratic Republic of the",africell-drc,,,,,,false,,56,CURLE_RECV_ERROR,"CONNECT tunnel failed, response 525",0,2,0,0,57,0,525
www.google.com,CD,"Congo, the Democratic Republic of the",africell-drc,,,,,,true,,56,CURLE_RECV_ERROR,"CONNECT tunnel failed, response 525",0,2,0,0,55,0,525
www.google.com,KM,Comoros,comores telecom,36939,comores telecom,36939,Comores Telecom,true,true,,0,,,0,2,1110,2084,2085,200,200
www.google.com,BO,"Bolivia, Plurinational State of",tigo bolivia,,,,,,true,,56,CURLE_RECV_ERROR,"CONNECT tunnel failed, response 502",0,2,0,0,5843,0,502
www.google.com,BO,"Bolivia, Plurinational State of",tigo bolivia,,,,,,false,,56,CURLE_RECV_ERROR,"CONNECT tunnel failed, response 502",0,2,0,0,10991,0,502
www.google.com,CG,Congo,mtn congo,37463,mtn congo,37463,MTN CONGO,true,true,,0,,,0,2,1236,2277,2277,200,200
www.google.com,CG,Congo,airtel congo,37550,airtel congo,37550,Airtel Congo S.A,true,true,,0,,,0,2,1670,2554,2554,200,200
www.google.com,CO,Colombia,partners telecom colombia sas,271773,partners telecom colombia sas,271773,PARTNERS TELECOM COLOMBIA SAS,true,true,,0,,,0,2,2909,3832,3832,200,200
www.google.com,CG,Congo,mtn congo,37463,mtn congo,37463,MTN CONGO,true,false,,0,,,0,2,1047,1948,1948,200,200
www.google.com,CG,Congo,airtel congo,37550,airtel congo,37550,Airtel Congo S.A,true,false,,0,,,0,2,1579,2474,2474,200,200
www.google.com,CO,Colombia,etb,19429,etb,19429,ETB - Colombia,true,false,,0,,,0,2,1550,3164,3164,200,200
www.google.com,CR,Costa Rica,grupo ice,,,,,,false,,56,CURLE_RECV_ERROR,"CONNECT tunnel failed, response 525",0,2,0,0,52,0,525
www.google.com,CR,Costa Rica,grupo ice,,,,,,true,,56,CURLE_RECV_ERROR,"CONNECT tunnel failed, response 525",0,2,0,0,55,0,525
www.google.com,CR,Costa Rica,claro cr telecomunicaciones s.a.,14754,claro cr telecomunicaciones s.a.,14754,Telgua,true,false,,0,,,0,2,456,907,907,200,200
www.google.com,CD,"Congo, the Democratic Republic of the",orange rdc,37447,orange rdc,37447,ORANGE RDC,true,true,,0,,,0,2,1077,2002,2002,200,200
www.google.com,CR,Costa Rica,movistar costa rica,262202,movistar costa rica,262202,"Telefonica de Costa Rica TC, SA",true,false,,0,,,0,2,595,1028,1029,200,200
www.google.com,CR,Costa Rica,movistar costa rica,262202,movistar costa rica,262202,"Telefonica de Costa Rica TC, SA",true,true,,0,,,0,2,420,910,910,200,200
www.google.com,CO,Colombia,etb,19429,etb,19429,ETB - Colombia,true,true,,0,,,0,2,728,1332,1333,200,200
www.google.com,CR,Costa Rica,claro cr telecomunicaciones s.a.,14754,claro cr telecomunicaciones s.a.,14754,Telgua,true,true,,0,,,0,2,485,913,914,200,200
www.google.com,CD,"Congo, the Democratic Republic of the",orange rdc,37447,orange rdc,37447,ORANGE RDC,true,false,,0,,,57,59,1810,3015,3015,200,200
www.google.com,CD,"Congo, the Democratic Republic of the",vodacom congo,37453,vodacom congo,37453,Vodacom Congo,true,false,,0,,,0,2,1211,2175,2175,200,200
www.google.com,CI,Côte d'Ivoire,mtn cote divoire,36974,mtn cote divoire,36974,MTN COTE D'IVOIRE S.A,true,true,,0,,,0,2,1156,1773,1773,200,200
www.google.com,CI,Côte d'Ivoire,mtn cote divoire s.a,36974,mtn cote divoire s.a,36974,MTN COTE D'IVOIRE S.A,true,true,,0,,,0,2,935,1525,1525,200,200
www.google.com,CI,Côte d'Ivoire,mtn cote divoire s.a,36974,mtn cote divoire s.a,36974,MTN COTE D'IVOIRE S.A,true,false,,0,,,0,2,923,1428,1429,200,200
www.google.com,CD,"Congo, the Democratic Republic of the",vodacom congo,37453,vodacom congo,37453,Vodacom Congo,true,true,,0,,,0,2,1813,2751,2751,200,200
www.google.com,CI,Côte d'Ivoire,orange cote divoire,29571,orange cote divoire,29571,ORANGE COTE D'IVOIRE,true,false,,0,,,0,2,1052,1950,1950,200,200
www.google.com,CI,Côte d'Ivoire,atlantique telecom,37190,atlantique telecom,37190,Atlantique Telecom (Cote d'Ivoire),true,true,,0,,,0,1,959,1430,1430,200,200
www.google.com,CI,Côte d'Ivoire,mtn cote divoire,36974,mtn cote divoire,36974,MTN COTE D'IVOIRE S.A,true,false,,0,,,0,2,1214,1803,1803,200,200
www.google.com,HR,Croatia,hrvatski telekom,5391,hrvatski telekom,5391,Hrvatski Telekom d.d.,true,true,,0,,,42,44,632,891,892,200,200
www.google.com,HR,Croatia,vipnet,12810,vipnet,12810,A1 Hrvatska d.o.o.,true,false,,0,,,0,2,331,513,513,200,200
www.google.com,HR,Croatia,a1 hrvatska mobile,12810,a1 hrvatska mobile,12810,A1 Hrvatska d.o.o.,true,false,,0,,,0,2,566,819,819,200,200
www.google.com,CW,Curaçao,verizon internet services,,,,,,true,,56,CURLE_RECV_ERROR,"CONNECT tunnel failed, response 525",0,2,0,0,55,0,525
www.google.com,HR,Croatia,vipnet,12810,vipnet,12810,A1 Hrvatska d.o.o.,true,true,,0,,,0,2,318,499,500,200,200
www.google.com,HR,Croatia,hrvatski telekom,5391,hrvatski telekom,5391,Hrvatski Telekom d.d.,true,false,,0,,,0,2,545,856,856,200,200
www.google.com,CW,Curaçao,verizon internet services,,,,,,false,,56,CURLE_RECV_ERROR,"CONNECT tunnel failed, response 525",0,1,0,0,53,0,525
www.google.com,CI,Côte d'Ivoire,orange cote divoire,29571,orange cote divoire,29571,ORANGE COTE D'IVOIRE,true,true,,0,,,0,2,921,1819,1819,200,200
www.google.com,CY,Cyprus,lifecell digital ltd,,,,,,false,,56,CURLE_RECV_ERROR,"CONNECT tunnel failed, response 525",0,2,0,0,61,0,525
www.google.com,CI,Côte d'Ivoire,atlantique telecom,37190,atlantique telecom,37190,Atlantique Telecom (Cote d'Ivoire),true,false,,0,,,0,2,756,1251,1252,200,200
www.google.com,CY,Cyprus,lifecell digital ltd,,,,,,true,,56,CURLE_RECV_ERROR,"CONNECT tunnel failed, response 525",0,2,0,0,61,0,525
www.google.com,HR,Croatia,a1 hrvatska mobile,12810,a1 hrvatska mobile,12810,A1 Hrvatska d.o.o.,true,true,,0,,,0,2,546,1152,1152,200,200
www.google.com,HR,Croatia,telemach hrvatska,205714,telemach hrvatska,205714,Telemach Hrvatska d.o.o.,true,true,,0,,,0,2,1092,1495,1495,200,200
www.google.com,HR,Croatia,telemach hrvatska,205714,telemach hrvatska,205714,Telemach Hrvatska d.o.o.,true,false,,0,,,0,2,826,1065,1065,200,200
www.google.com,CW,Curaçao,digicel curacao,27660,digicel curacao,27660,Curacao Telecom,true,false,,0,,,0,2,666,1090,1090,200,200
www.google.com,CY,Cyprus,kktcell,47883,kktcell,47883,KIBRIS MOBILE TELEKOMUNIKASYON LTD.,true,true,,0,,,0,2,548,1127,1128,200,200
www.google.com,CN,China,china unicom,,,4837,CHINA UNICOM China169 Backbone,,false,,56,CURLE_RECV_ERROR,"CONNECT tunnel failed, response 500",0,2,0,0,16261,0,500
www.google.com,CW,Curaçao,digicel curacao,27660,digicel curacao,27660,Curacao Telecom,true,true,,0,,,0,2,546,949,950,200,200
www.google.com,CY,Cyprus,cyprus telecommunications authority - cyprus,,,,,,true,,56,CURLE_RECV_ERROR,"CONNECT tunnel failed, response 525",0,2,0,0,52,0,525
www.google.com,CY,Cyprus,cablenet communication systems,35432,cablenet communication systems,35432,Cablenet Communication Systems plc,true,true,,0,,,0,2,676,1033,1034,200,200
www.google.com,CY,Cyprus,cyprus telecommunications authority - cyprus,,,,,,false,,56,CURLE_RECV_ERROR,"CONNECT tunnel failed, response 525",0,2,0,0,55,0,525
www.google.com,CY,Cyprus,epic,15805,epic,15805,EPIC LTD,true,false,,0,,,0,2,632,1110,1111,200,200
www.google.com,CY,Cyprus,cablenet communication systems,35432,cablenet communication systems,35432,Cablenet Communication Systems plc,true,false,,0,,,0,2,602,1016,1016,200,200
www.google.com,CN,China,china unicom,,,4837,CHINA UNICOM China169 Backbone,,true,,56,CURLE_RECV_ERROR,"CONNECT tunnel failed, response 500",0,2,0,0,16261,0,500
www.google.com,CY,Cyprus,epic,15805,epic,15805,EPIC LTD,true,true,,0,,,0,2,691,1192,1192,200,200
www.google.com,CN,China,china mobile,,,24445,China Mobile,,false,,56,CURLE_RECV_ERROR,"CONNECT tunnel failed, response 500",0,2,0,0,16774,0,500
www.google.com,CY,Cyprus,kktcell,47883,kktcell,47883,KIBRIS MOBILE TELEKOMUNIKASYON LTD.,true,false,,0,,,0,202,732,1306,1306,200,200
www.google.com,CU,Cuba,"empresa de telecomunicaciones de cuba, s.a.",27725,"empresa de telecomunicaciones de cuba, s.a.",27725,"Empresa de Telecomunicaciones de Cuba, S.A.",true,true,,0,,,0,2,1127,2798,2799,200,200
www.google.com,CU,Cuba,"empresa de telecomunicaciones de cuba, s.a.",27725,"empresa de telecomunicaciones de cuba, s.a.",27725,"Empresa de Telecomunicaciones de Cuba, S.A.",true,false,,0,,,0,2,2342,3794,3794,200,200
www.google.com,CY,Cyprus,kktc telsim,62211,kktc telsim,62211,VODAFONE MOBILE OPERATIONS LTD.,true,false,,0,,,80,82,681,1319,1320,200,200
www.google.com,CY,Cyprus,primetel plc,8544,primetel plc,8544,Primetel PLC,true,true,,0,,,0,2,687,1201,1201,200,200
www.google.com,CZ,Czech Republic,t-mobile czech dsl,13036,t-mobile czech dsl,13036,T-Mobile Czech Republic a.s.,true,false,,0,,,0,2,413,608,608,200,200
www.google.com,CY,Cyprus,kktc telsim,62211,kktc telsim,62211,VODAFONE MOBILE OPERATIONS LTD.,true,true,,0,,,0,2,630,1240,1240,200,200
www.google.com,CN,China,china mobile,,,24445,China Mobile,,true,,56,CURLE_RECV_ERROR,"CONNECT tunnel failed, response 500",0,1,0,0,16522,0,500
www.google.com,CZ,Czech Republic,t-mobile czech dsl,13036,t-mobile czech dsl,13036,T-Mobile Czech Republic a.s.,true,true,,0,,,0,2,413,631,632,200,200
www.google.com,DK,Denmark,tdc net,3292,tdc net,3292,TDC Holding A/S,true,false,,0,,,0,2,406,607,607,200,200
www.google.com,CY,Cyprus,primetel plc,8544,primetel plc,8544,Primetel PLC,true,false,,0,,,0,2,795,1574,1574,200,200
www.google.com,CZ,Czech Republic,o2 czech republic,5610,o2 czech republic,5610,"O2 Czech Republic, a.s.",true,false,,0,,,0,202,701,975,976,200,200
www.google.com,DK,Denmark,tdc net,3292,tdc net,3292,TDC Holding A/S,true,true,,0,,,0,2,383,579,579,200,200
www.google.com,DK,Denmark,telia,3308,telia,3308,Telia Company AB,true,false,,0,,,0,2,673,883,883,200,200
www.google.com,DK,Denmark,hi3g access,44034,hi3g access,44034,Hi3G Access AB,true,false,,0,,,0,2,447,656,656,200,200
www.google.com,DJ,Djibouti,djibouti telecom,,,,,,false,,56,CURLE_RECV_ERROR,"CONNECT tunnel failed, response 525",0,2,0,0,55,0,525
www.google.com,DJ,Djibouti,djibouti telecom,,,,,,true,,56,CURLE_RECV_ERROR,"CONNECT tunnel failed, response 525",0,2,0,0,54,0,525
www.google.com,CZ,Czech Republic,o2 czech republic,5610,o2 czech republic,5610,"O2 Czech Republic, a.s.",true,true,,0,,,0,2,550,868,869,200,200
www.google.com,DM,Dominica,flow,,,,,,true,,56,CURLE_RECV_ERROR,"CONNECT tunnel failed, response 525",0,2,0,0,55,0,525
www.google.com,DM,Dominica,flow,,,,,,false,,56,CURLE_RECV_ERROR,"CONNECT tunnel failed, response 525",0,2,0,0,56,0,525
www.google.com,DM,Dominica,digicel saint lucia,,,,,,false,,56,CURLE_RECV_ERROR,"CONNECT tunnel failed, response 525",0,2,0,0,54,0,525
www.google.com,DM,Dominica,digicel saint lucia,,,,,,true,,56,CURLE_RECV_ERROR,"CONNECT tunnel failed, response 525",0,2,0,0,57,0,525
www.google.com,CY,Cyprus,winet,211239,winet,211239,DutchTech Pcs Ltd,true,false,,0,,,0,2,1491,2335,2335,200,200
www.google.com,DK,Denmark,hi3g access,44034,hi3g access,44034,Hi3G Access AB,true,true,,0,,,0,2,413,680,680,200,200
www.google.com,DK,Denmark,telia,3308,telia,3308,Telia Company AB,true,true,,0,,,0,2,451,674,674,200,200
www.google.com,DK,Denmark,telenor,9158,telenor,9158,Telenor A/S,true,false,,0,,,0,2,445,710,711,200,200
www.google.com,DK,Denmark,telenor,9158,telenor,9158,Telenor A/S,true,true,,0,,,0,2,546,797,797,200,200
www.google.com,CY,Cyprus,winet,211239,winet,211239,DutchTech Pcs Ltd,true,true,,0,,,0,2,1391,2415,2415,200,200
www.google.com,EC,Ecuador,otecel,,,,,,false,,56,CURLE_RECV_ERROR,"CONNECT tunnel failed, response 525",0,2,0,0,68,0,525
www.google.com,CZ,Czech Republic,vodafone czech republic,16019,vodafone czech republic,16019,Vodafone Czech Republic a.s.,true,false,,0,,,0,2,1128,1563,1564,200,200
www.google.com,EC,Ecuador,xtrim,,,,,,false,,56,CURLE_RECV_ERROR,"CONNECT tunnel failed, response 525",0,2,0,0,65,0,525
www.google.com,EC,Ecuador,xtrim,,,,,,true,,56,CURLE_RECV_ERROR,"CONNECT tunnel failed, response 525",0,2,0,0,63,0,525
www.google.com,DK,Denmark,lycamobile,31404,lycamobile,31404,LYCATEL DISTRIBUTION UK LIMITED,true,false,,0,,,0,2,690,1034,1034,200,200
www.google.com,CZ,Czech Republic,vodafone czech republic,16019,vodafone czech republic,16019,Vodafone Czech Republic a.s.,true,true,,0,,,0,2,882,1290,1290,200,200
www.google.com,DO,Dominican Republic,claro dominican republic,6400,claro dominican republic,6400,Compañía Dominicana de Teléfonos S. A.,true,false,,0,,,0,2,482,850,850,200,200
www.google.com,DO,Dominican Republic,claro dominican republic,6400,claro dominican republic,6400,Compañía Dominicana de Teléfonos S. A.,true,true,,0,,,0,2,485,662,662,200,200
www.google.com,DO,Dominican Republic,visnetwork srl,273861,visnetwork srl,273861,FASTNET SOLUTIONS SRL,true,false,,0,,,0,2,474,863,863,200,200
www.google.com,DO,Dominican Republic,viva dominicana,46198,viva dominicana,46198,"Trilogy Dominicana, S.A.",true,true,,0,,,0,2,479,883,883,200,200
www.google.com,EC,Ecuador,otecel,,,,,,true,,56,CURLE_RECV_ERROR,"CONNECT tunnel failed, response 525",58,59,0,0,117,0,525
www.google.com,DK,Denmark,lycamobile,31404,lycamobile,31404,LYCATEL DISTRIBUTION UK LIMITED,true,true,,0,,,0,1,671,1040,1040,200,200
www.google.com,DO,Dominican Republic,visnetwork srl,273861,visnetwork srl,273861,FASTNET SOLUTIONS SRL,true,true,,0,,,0,1,415,734,734,200,200
www.google.com,DO,Dominican Republic,viva dominicana,46198,viva dominicana,46198,"Trilogy Dominicana, S.A.",true,false,,0,,,0,2,436,780,780,200,200
www.google.com,DO,Dominican Republic,altice dominicana s.a.,28118,altice dominicana s.a.,28118,ALTICE DOMINICANA S.A.,true,true,,0,,,32,33,635,893,894,200,200
www.google.com,DO,Dominican Republic,altice dominicana s.a.,28118,altice dominicana s.a.,28118,ALTICE DOMINICANA S.A.,true,false,,0,,,32,34,637,894,894,200,200
www.google.com,EG,Egypt,telecom egypt,,,,,,false,,56,CURLE_RECV_ERROR,"CONNECT tunnel failed, response 525",0,2,0,0,62,0,525
www.google.com,EG,Egypt,telecom egypt,,,,,,true,,56,CURLE_RECV_ERROR,"CONNECT tunnel failed, response 525",0,2,0,0,73,0,525
www.google.com,EC,Ecuador,otecel s.a.,7315,otecel s.a.,7315,Otecel S.A.,true,false,,0,,,0,2,737,1214,1214,200,200
www.google.com,EC,Ecuador,otecel s.a.,7315,otecel s.a.,7315,Otecel S.A.,true,true,,0,,,0,2,605,1100,1101,200,200
www.google.com,EC,Ecuador,cnt ep,28006,cnt ep,28006,CORPORACION NACIONAL DE TELECOMUNICACIONES - CNT EP,true,false,,0,,,0,2,863,1862,1862,200,200
www.google.com,EG,Egypt,vodafone egypt,36935,vodafone egypt,36935,Vodafone Data,true,false,,0,,,0,1,932,1274,1274,200,200
www.google.com,SV,El Salvador,claro el salvador,,,,,,true,,56,CURLE_RECV_ERROR,"CONNECT tunnel failed, response 525",0,2,0,0,51,0,525
www.google.com,EC,Ecuador,conecel,23487,conecel,23487,CONECEL,true,true,,0,,,0,2,501,1214,1214,200,200
www.google.com,SV,El Salvador,claro el salvador,,,,,,false,,56,CURLE_RECV_ERROR,"CONNECT tunnel failed, response 525",0,2,0,0,54,0,525
www.google.com,EC,Ecuador,conecel,23487,conecel,23487,CONECEL,true,false,,0,,,0,2,616,1215,1216,200,200
www.google.com,CD,"Congo, the Democratic Republic of the",airtel drc,,,37020,CELTEL DRC,,true,,56,CURLE_RECV_ERROR,"CONNECT tunnel failed, response 500",0,2,0,0,15438,0,500
www.google.com,EG,Egypt,vodafone egypt,36935,vodafone egypt,36935,Vodafone Data,true,true,,0,,,0,2,727,1027,1027,200,200
www.google.com,SV,El Salvador,ca network s.a. de c.v.,,,,,,true,,56,CURLE_RECV_ERROR,"CONNECT tunnel failed, response 525",0,2,0,0,53,0,525
www.google.com,SV,El Salvador,ca network s.a. de c.v.,,,,,,false,,56,CURLE_RECV_ERROR,"CONNECT tunnel failed, response 525",0,1,0,0,54,0,525
www.google.com,EC,Ecuador,cnt ep,28006,cnt ep,28006,CORPORACION NACIONAL DE TELECOMUNICACIONES - CNT EP,true,true,,0,,,0,2,976,1825,1825,200,200
www.google.com,GQ,Equatorial Guinea,muni-eg,,,,,,true,,56,CURLE_RECV_ERROR,"CONNECT tunnel failed, response 525",0,2,0,0,58,0,525
www.google.com,GQ,Equatorial Guinea,muni-eg,,,,,,false,,56,CURLE_RECV_ERROR,"CONNECT tunnel failed, response 525",0,1,0,0,57,0,525
www.google.com,SV,El Salvador,tigo el salvador,17079,tigo el salvador,17079,Telemovil El Salvador S.A.,true,false,,0,,,0,2,576,1091,1092,200,200
www.google.com,GQ,Equatorial Guinea,getesa (orange equatorial guinea),,,,,,false,,56,CURLE_RECV_ERROR,"CONNECT tunnel failed, response 525",0,2,0,0,53,0,525
www.google.com,GQ,Equatorial Guinea,getesa (orange equatorial guinea),,,,,,true,,56,CURLE_RECV_ERROR,"CONNECT tunnel failed, response 525",0,2,0,0,55,0,525
www.google.com,EE,Estonia,telia eesti,,,,,,false,,56,CURLE_RECV_ERROR,"CONNECT tunnel failed, response 525",0,2,0,0,58,0,525
www.google.com,EE,Estonia,telia eesti,,,,,,true,,56,CURLE_RECV_ERROR,"CONNECT tunnel failed, response 525",0,1,0,0,55,0,525
www.google.com,SV,El Salvador,movistar el salvador,263783,movistar el salvador,263783,Telefonica Moviles El Salvador S.A. de C.V.,true,true,,0,,,0,2,1127,1572,1572,200,200
www.google.com,SV,El Salvador,tigo el salvador,17079,tigo el salvador,17079,Telemovil El Salvador S.A.,true,true,,0,,,0,2,733,1244,1244,200,200
www.google.com,EG,Egypt,orange egypt,37069,orange egypt,37069,The Egyptian Company for Mobile Services (Mobinil),true,false,,0,,,0,2,1215,1677,1678,200,200
www.google.com,EE,Estonia,elisa eesti,2586,elisa eesti,2586,Elisa Eesti AS,true,false,,0,,,0,2,418,624,624,200,200
www.google.com,SV,El Salvador,claro guatemala,14754,claro guatemala,14754,Telgua,true,false,,0,,,0,2,555,942,942,200,200
www.google.com,SV,El Salvador,movistar el salvador,263783,movistar el salvador,263783,Telefonica Moviles El Salvador S.A. de C.V.,true,false,,0,,,0,2,616,1052,1052,200,200
www.google.com,EE,Estonia,elisa eesti,2586,elisa eesti,2586,Elisa Eesti AS,true,true,,0,,,0,2,391,578,578,200,200
www.google.com,SV,El Salvador,claro guatemala,14754,claro guatemala,14754,Telgua,true,true,,0,,,0,2,438,776,776,200,200
www.google.com,EE,Estonia,tele2 estonia,1257,tele2 estonia,1257,Tele2 Sverige AB,true,false,,0,,,0,2,643,931,931,200,200
www.google.com,EG,Egypt,orange egypt,37069,orange egypt,37069,The Egyptian Company for Mobile Services (Mobinil),true,true,,0,,,0,2,939,1389,1389,200,200
www.google.com,EE,Estonia,tele2 estonia,1257,tele2 estonia,1257,Tele2 Sverige AB,true,true,,0,,,0,1,645,943,944,200,200
www.google.com,CD,"Congo, the Democratic Republic of the",airtel drc,,,37020,CELTEL DRC,,false,,56,CURLE_RECV_ERROR,"CONNECT tunnel failed, response 500",0,2,0,0,15438,0,500
www.google.com,ET,Ethiopia,ethiopian telecommunication corporation,24757,ethiopian telecommunication corporation,24757,EthioNet,true,true,,0,,,0,2,917,1626,1627,200,200
www.google.com,FI,Finland,telia finland,1759,telia finland,1759,Telia Finland Oyj,true,false,,0,,,0,2,458,673,673,200,200
www.google.com,SV,El Salvador,digicel s.a. de c.v.,27903,digicel s.a. de c.v.,27903,DIGICEL S.A. DE C.V.,true,false,,0,,,0,2,672,1068,1068,200,200
www.google.com,SV,El Salvador,digicel s.a. de c.v.,27903,digicel s.a. de c.v.,27903,DIGICEL S.A. DE C.V.,true,true,,0,,,0,2,765,1236,1237,200,200
www.google.com,ET,Ethiopia,ethiopian telecommunication corporation,24757,ethiopian telecommunication corporation,24757,EthioNet,true,false,,0,,,70,71,1135,1816,1817,200,200
www.google.com,FI,Finland,elisa mobile,719,elisa mobile,719,RIPE Network Coordination Centre,true,false,,0,,,0,2,603,898,898,200,200
www.google.com,EG,Egypt,e& egypt,36992,e& egypt,36992,ETISALAT MISR,true,true,,0,,,0,2,914,1423,1423,200,200
www.google.com,EG,Egypt,e& egypt,36992,e& egypt,36992,ETISALAT MISR,true,false,,0,,,0,2,1008,1536,1536,200,200
www.google.com,FI,Finland,elisa,719,elisa,719,RIPE Network Coordination Centre,true,true,,0,,,0,2,445,661,661,200,200
www.google.com,FI,Finland,telia finland,1759,telia finland,1759,Telia Finland Oyj,true,true,,0,,,0,2,404,615,615,200,200
www.google.com,FI,Finland,elisa mobile,719,elisa mobile,719,RIPE Network Coordination Centre,true,true,,0,,,0,2,465,711,711,200,200
www.google.com,FR,France,1global,,,,,,false,,56,CURLE_RECV_ERROR,"CONNECT tunnel failed, response 525",0,2,0,0,65,0,525
www.google.com,FR,France,1global,,,,,,true,,56,CURLE_RECV_ERROR,"CONNECT tunnel failed, response 525",0,2,0,0,64,0,525
www.google.com,FI,Finland,elisa,719,elisa,719,RIPE Network Coordination Centre,true,false,,0,,,0,2,426,687,688,200,200
www.google.com,FI,Finland,dna oyj,16086,dna oyj,16086,DNA Oyj,true,false,,0,,,0,2,512,727,727,200,200
www.google.com,FI,Finland,dna oyj,16086,dna oyj,16086,DNA Oyj,true,true,,0,,,0,2,413,619,619,200,200
www.google.com,FJ,Fiji,digicel fiji,45355,digicel fiji,45355,Digicel Pacific Ltd,true,false,,0,,,0,2,1218,1871,1872,200,200
www.google.com,FJ,Fiji,vodafone fiji,38442,vodafone fiji,38442,Vodafone Fiji Limited,true,true,,0,,,0,2,1829,2691,2691,200,200
www.google.com,FR,France,lycamobile,31404,lycamobile,31404,LYCATEL DISTRIBUTION UK LIMITED,true,false,,0,,,0,2,616,888,889,200,200
www.google.com,FR,France,arelion sweden,1299,arelion sweden,1299,Arelion Sweden AB,true,false,,0,,,0,2,548,942,942,200,200
www.google.com,FR,France,bouygues telecom,5410,bouygues telecom,5410,Bouygues Telecom SA,true,false,,0,,,0,2,494,855,855,200,200
www.google.com,GF,French Guiana,outremer telecom,,,,,,true,,56,CURLE_RECV_ERROR,"CONNECT tunnel failed, response 525",0,2,0,0,51,0,525
www.google.com,FR,France,bouygues telecom,5410,bouygues telecom,5410,Bouygues Telecom SA,true,true,,0,,,0,2,361,634,634,200,200
www.google.com,GF,French Guiana,outremer telecom,,,,,,false,,56,CURLE_RECV_ERROR,"CONNECT tunnel failed, response 525",0,2,0,0,49,0,525
www.google.com,FR,France,free sas,51207,free sas,51207,Free Mobile SAS,true,true,,0,,,0,2,497,747,747,200,200
www.google.com,FR,France,lycamobile,31404,lycamobile,31404,LYCATEL DISTRIBUTION UK LIMITED,true,true,,0,,,0,2,510,823,823,200,200
www.google.com,FR,France,arelion sweden,1299,arelion sweden,1299,Arelion Sweden AB,true,true,,0,,,0,2,599,941,941,200,200
www.google.com,FJ,Fiji,digicel fiji,45355,digicel fiji,45355,Digicel Pacific Ltd,true,true,,0,,,0,2,1434,2163,2163,200,200
www.google.com,FR,France,free sas,51207,free sas,51207,Free Mobile SAS,true,false,,0,,,0,2,507,764,764,200,200
www.google.com,PF,French Polynesia,vodafone,,,,,,false,,56,CURLE_RECV_ERROR,"CONNECT tunnel failed, response 525",59,61,0,0,111,0,525
www.google.com,PF,French Polynesia,vodafone,,,,,,true,,56,CURLE_RECV_ERROR,"CONNECT tunnel failed, response 525",0,1,0,0,53,0,525
www.google.com,FJ,Fiji,vodafone fiji,38442,vodafone fiji,38442,Vodafone Fiji Limited,true,false,,0,,,0,2,1786,2634,2634,200,200
www.google.com,FR,France,free mobile,51207,free mobile,51207,Free Mobile SAS,true,true,,0,,,0,2,495,766,767,200,200
www.google.com,GA,Gabon,gabon-telecom,,,,,,false,,56,CURLE_RECV_ERROR,"CONNECT tunnel failed, response 525",0,2,0,0,51,0,525
www.google.com,GA,Gabon,gabon-telecom,,,,,,true,,56,CURLE_RECV_ERROR,"CONNECT tunnel failed, response 525",0,2,0,0,55,0,525
www.google.com,FR,France,orange,3215,orange,3215,Orange S.A.,true,false,,0,,,0,2,416,664,664,200,200
www.google.com,FR,France,free mobile,51207,free mobile,51207,Free Mobile SAS,true,false,,0,,,63,64,518,767,767,200,200
www.google.com,FR,France,orange,3215,orange,3215,Orange S.A.,true,true,,0,,,0,2,447,695,696,200,200
www.google.com,GF,French Guiana,digicel antilles francaises guyane,48252,digicel antilles francaises guyane,48252,DIGICEL ANTILLES FRANCAISES GUYANE SA,true,false,,0,,,0,2,638,998,998,200,200
www.google.com,PF,French Polynesia,vini,55943,vini,55943,ONATI,true,true,,0,,,0,2,665,985,986,200,200
www.google.com,ET,Ethiopia,safaricom,,,,,,true,,56,CURLE_RECV_ERROR,"CONNECT tunnel failed, response 502",0,2,0,0,606,0,502
www.google.com,ET,Ethiopia,safaricom,,,,,,false,,56,CURLE_RECV_ERROR,"CONNECT tunnel failed, response 502",0,2,0,0,608,0,502
www.google.com,GF,French Guiana,digicel antilles francaises guyane,48252,digicel antilles francaises guyane,48252,DIGICEL ANTILLES FRANCAISES GUYANE SA,true,true,,0,,,0,2,519,895,896,200,200
www.google.com,PF,French Polynesia,vini,55943,vini,55943,ONATI,true,false,,0,,,0,1,635,976,976,200,200
www.google.com,GM,Gambia,qcell,37309,qcell,37309,QCell Limited,true,false,,0,,,0,2,886,1436,1436,200,200
www.google.com,GM,Gambia,qcell,37309,qcell,37309,QCell Limited,true,true,,0,,,0,2,718,1234,1235,200,200
www.google.com,GE,Georgia,magticom,16010,magticom,16010,Magticom Ltd.,true,false,,0,,,1,2,736,1351,1351,200,200
www.google.com,GM,Gambia,gamtel,37552,gamtel,37552,Comium Gambia Ltd.,true,false,,0,,,0,2,789,1274,1275,200,200
www.google.com,GE,Georgia,jsc silknet,42082,jsc silknet,42082,"JSC ""Silknet""",true,false,,0,,,0,2,685,1473,1474,200,200
www.google.com,GE,Georgia,magticom,16010,magticom,16010,Magticom Ltd.,true,true,,0,,,0,2,615,1251,1251,200,200
www.google.com,DE,Germany,lebara,,,,,,false,,56,CURLE_RECV_ERROR,"CONNECT tunnel failed, response 525",0,2,0,0,59,0,525
www.google.com,GE,Georgia,jsc silknet,42082,jsc silknet,42082,"JSC ""Silknet""",true,true,,0,,,0,2,786,1464,1464,200,200
www.google.com,DE,Germany,lebara,,,,,,true,,56,CURLE_RECV_ERROR,"CONNECT tunnel failed, response 525",0,202,0,0,261,0,525
www.google.com,GM,Gambia,gamtel,37552,gamtel,37552,Comium Gambia Ltd.,true,true,,0,,,0,2,984,1610,1611,200,200
www.google.com,GE,Georgia,cellfie mobile,41738,cellfie mobile,41738,VEON Georgia LLC,true,true,,0,,,0,2,581,1180,1180,200,200
www.google.com,DE,Germany,deutsche telekom ag,3320,deutsche telekom ag,3320,Deutsche Telekom AG,true,false,,0,,,0,2,510,807,807,200,200
www.google.com,GE,Georgia,cellfie mobile,41738,cellfie mobile,41738,VEON Georgia LLC,true,false,,0,,,0,203,796,1488,1488,200,200
www.google.com,DE,Germany,o2 deutschland,6805,o2 deutschland,6805,Telefonica Germany GmbH & Co.OHG,true,false,,0,,,0,2,450,687,687,200,200
www.google.com,GA,Gabon,airtel rwanda,327708,airtel rwanda,37616,Airtel Gabon S.A,false,true,,0,,,0,1,1685,2706,2706,200,200
www.google.com,DE,Germany,vodafone germany,3209,vodafone germany,3209,Vodafone GmbH,true,false,,0,,,0,2,297,463,463,200,200
www.google.com,DE,Germany,deutsche telekom ag,3320,deutsche telekom ag,3320,Deutsche Telekom AG,true,true,,0,,,0,2,484,735,735,200,200
www.google.com,DE,Germany,o2 deutschland,6805,o2 deutschland,6805,Telefonica Germany GmbH & Co.OHG,true,true,,0,,,0,2,372,587,588,200,200
www.google.com,DE,Germany,vodafone germany,3209,vodafone germany,3209,Vodafone GmbH,true,true,,0,,,0,2,268,423,423,200,200
www.google.com,DE,Germany,lycamobile,31404,lycamobile,31404,LYCATEL DISTRIBUTION UK LIMITED,true,true,,0,,,0,2,858,1433,1433,200,200
www.google.com,GM,Gambia,africell,37524,africell,37524,Africell Gambia,true,false,,0,,,0,2,2085,2999,2999,200,200
www.google.com,DE,Germany,lycamobile,31404,lycamobile,31404,LYCATEL DISTRIBUTION UK LIMITED,true,false,,0,,,51,52,708,1084,1084,200,200
www.google.com,GM,Gambia,africell,37524,africell,37524,Africell Gambia,true,true,,0,,,0,2,1034,1679,1679,200,200
www.google.com,GP,Guadeloupe,outremer telecom,,,,,,true,,56,CURLE_RECV_ERROR,"CONNECT tunnel failed, response 525",0,2,0,0,58,0,525
www.google.com,GP,Guadeloupe,digicel antilles francaises guyane,,,,,,false,,56,CURLE_RECV_ERROR,"CONNECT tunnel failed, response 525",0,2,0,0,56,0,525
www.google.com,GP,Guadeloupe,digicel antilles francaises guyane,,,,,,true,,56,CURLE_RECV_ERROR,"CONNECT tunnel failed, response 525",0,2,0,0,53,0,525
www.google.com,GP,Guadeloupe,outremer telecom,,,,,,false,,56,CURLE_RECV_ERROR,"CONNECT tunnel failed, response 525",0,2,0,0,52,0,525
www.google.com,GP,Guadeloupe,free mobile,,,,,,true,,56,CURLE_RECV_ERROR,"CONNECT tunnel failed, response 525",0,2,0,0,57,0,525
www.google.com,GP,Guadeloupe,free mobile,,,,,,false,,56,CURLE_RECV_ERROR,"CONNECT tunnel failed, response 525",0,2,0,0,51,0,525
www.google.com,GP,Guadeloupe,orange,,,,,,false,,56,CURLE_RECV_ERROR,"CONNECT tunnel failed, response 525",0,2,0,0,51,0,525
www.google.com,GP,Guadeloupe,orange,,,,,,true,,56,CURLE_RECV_ERROR,"CONNECT tunnel failed, response 525",0,2,0,0,53,0,525
www.google.com,GR,Greece,cosmote mobile telecommunications,29247,cosmote mobile telecommunications,29247,Ote SA (Hellenic Telecommunications Organisation),true,false,,0,,,0,2,696,994,994,200,200
www.google.com,GU,Guam,guamcell communications,,,,,,true,,56,CURLE_RECV_ERROR,"CONNECT tunnel failed, response 525",0,2,0,0,58,0,525
www.google.com,GU,Guam,guamcell communications,,,,,,false,,56,CURLE_RECV_ERROR,"CONNECT tunnel failed, response 525",0,2,0,0,54,0,525
www.google.com,GU,Guam,lumen,,,,,,false,,56,CURLE_RECV_ERROR,"CONNECT tunnel failed, response 525",0,2,0,0,52,0,525
www.google.com,GU,Guam,lumen,,,,,,true,,56,CURLE_RECV_ERROR,"CONNECT tunnel failed, response 525",0,2,0,0,55,0,525
www.google.com,GR,Greece,nova greece,25472,nova greece,25472,Nova Telecommunications & Media Single Member S.A,true,false,,0,,,0,2,646,1316,1316,200,200
www.google.com,GA,Gabon,airtel rwanda,327708,airtel rwanda,37616,Airtel Gabon S.A,false,false,,0,,,0,2,1789,4175,4175,200,200
www.google.com,GR,Greece,vodafone greece,3329,vodafone greece,3329,VODAFONE-PANAFON HELLENIC TELECOMMUNICATIONS COMPANY SA,true,false,,0,,,0,2,635,1228,1229,200,200
www.google.com,GR,Greece,cosmote mobile telecommunications,29247,cosmote mobile telecommunications,29247,Ote SA (Hellenic Telecommunications Organisation),true,true,,0,,,0,2,713,1004,1004,200,200
www.google.com,GT,Guatemala,claro guatemala static ip,,,,,,true,,56,CURLE_RECV_ERROR,"CONNECT tunnel failed, response 525",0,2,0,0,51,0,525
www.google.com,GH,Ghana,mtn ghana,30986,mtn ghana,30986,Scancom Ltd.,true,false,,0,,,0,2,1163,2090,2090,200,200
www.google.com,GT,Guatemala,claro guatemala static ip,,,,,,false,,56,CURLE_RECV_ERROR,"CONNECT tunnel failed, response 525",0,2,0,0,52,0,525
www.google.com,GT,Guatemala,comcel guatemala,,,,,,false,,56,CURLE_RECV_ERROR,"CONNECT tunnel failed, response 525",0,2,0,0,57,0,525
www.google.com,GT,Guatemala,comcel guatemala,,,,,,true,,56,CURLE_RECV_ERROR,"CONNECT tunnel failed, response 525",0,2,0,0,56,0,525
www.google.com,GG,Guernsey,sure (guernsey),,,,,,false,,56,CURLE_RECV_ERROR,"CONNECT tunnel failed, response 525",0,2,0,0,55,0,525
www.google.com,GR,Greece,nova greece,25472,nova greece,25472,Nova Telecommunications & Media Single Member S.A,true,true,,0,,,0,2,621,1319,1319,200,200
www.google.com,GG,Guernsey,sure (guernsey),,,,,,true,,56,CURLE_RECV_ERROR,"CONNECT tunnel failed, response 525",0,2,0,0,56,0,525
www.google.com,GN,Guinea,areeba-guinea,,,,,,false,,56,CURLE_RECV_ERROR,"CONNECT tunnel failed, response 525",0,2,0,0,55,0,525
www.google.com,GH,Ghana,vodafone ghana,29614,vodafone ghana,29614,VODAFONE GHANA AS INTERNATIONAL TRANSIT,true,false,,0,,,0,2,969,1954,1954,200,200
www.google.com,GN,Guinea,areeba-guinea,,,,,,true,,56,CURLE_RECV_ERROR,"CONNECT tunnel failed, response 525",0,2,0,0,56,0,525
www.google.com,GR,Greece,vodafone greece,3329,vodafone greece,3329,VODAFONE-PANAFON HELLENIC TELECOMMUNICATIONS COMPANY SA,true,true,,0,,,0,2,701,1334,1334,200,200
www.google.com,GH,Ghana,mtn ghana,30986,mtn ghana,30986,Scancom Ltd.,true,true,,0,,,0,2,1131,2026,2027,200,200
www.google.com,GH,Ghana,airtel-ghana,37030,airtel-ghana,37030,Airtel Ghana Limited,true,false,,0,,,0,2,1177,1910,1910,200,200
www.google.com,GH,Ghana,vodafone ghana,29614,vodafone ghana,29614,VODAFONE GHANA AS INTERNATIONAL TRANSIT,true,true,,0,,,0,2,1285,2332,2333,200,200
www.google.com,GT,Guatemala,claro guatemala,14754,claro guatemala,14754,Telgua,true,false,,0,,,0,2,530,994,994,200,200
www.google.com,GH,Ghana,airtel-ghana,37030,airtel-ghana,37030,Airtel Ghana Limited,true,true,,0,,,0,2,1033,1706,1706,200,200
www.google.com,GT,Guatemala,claro guatemala,14754,claro guatemala,14754,Telgua,true,true,,0,,,0,2,655,989,989,200,200
www.google.com,GY,Guyana,e-networks inc,52253,e-networks inc,52253,E-Networks Inc.,true,true,,0,,,0,2,638,1069,1069,200,200
www.google.com,GY,Guyana,e-networks inc,52253,e-networks inc,52253,E-Networks Inc.,true,false,,0,,,47,48,594,1086,1087,200,200
www.google.com,GN,Guinea,orange guinea,37461,orange guinea,37461,ORANGE GUINEE,true,true,,0,,,0,2,1018,1673,1673,200,200
www.google.com,GT,Guatemala,tigo guatemala,23243,tigo guatemala,23243,COMCEL GUATEMALA S.A.,true,true,,0,,,0,2,1114,2426,2427,200,200
www.google.com,GT,Guatemala,tigo guatemala,23243,tigo guatemala,23243,COMCEL GUATEMALA S.A.,true,false,,0,,,0,2,1422,2206,2207,200,200
www.google.com,GN,Guinea,orange guinea,37461,orange guinea,37461,ORANGE GUINEE,true,false,,0,,,0,2,981,1488,1488,200,200
www.google.com,GY,Guyana,guyana telephone & telegraph co.,19863,guyana telephone & telegraph co.,19863,Guyana Telephone & Telegraph Co.,true,false,,0,,,0,2,725,1164,1164,200,200
www.google.com,HN,Honduras,claro guatemala,,,,,,false,,56,CURLE_RECV_ERROR,"CONNECT tunnel failed, response 525",0,2,0,0,57,0,525
www.google.com,HN,Honduras,claro guatemala,,,,,,true,,56,CURLE_RECV_ERROR,"CONNECT tunnel failed, response 525",0,2,0,0,56,0,525
www.google.com,GY,Guyana,guyana telephone & telegraph co.,19863,guyana telephone & telegraph co.,19863,Guyana Telephone & Telegraph Co.,true,true,,0,,,1,2,624,1193,1193,200,200
www.google.com,HK,Hong Kong,smartone mobile communications,,,,,,true,,56,CURLE_RECV_ERROR,"CONNECT tunnel failed, response 525",0,2,0,0,168,0,525
www.google.com,HK,Hong Kong,hutchison telephone company,,,,,,false,,56,CURLE_RECV_ERROR,"CONNECT tunnel failed, response 525",0,2,0,0,52,0,525
www.google.com,HT,Haiti,access haiti s.a.,27759,access haiti s.a.,27759,ACCESS HAITI S.A.,true,false,,0,,,0,2,401,671,671,200,200
www.google.com,HK,Hong Kong,hutchison telephone company,,,,,,true,,56,CURLE_RECV_ERROR,"CONNECT tunnel failed, response 525",0,2,0,0,53,0,525
www.google.com,HK,Hong Kong,csl mobile,,,,,,false,,56,CURLE_RECV_ERROR,"CONNECT tunnel failed, response 525",0,2,0,0,51,0,525
www.google.com,HT,Haiti,access haiti s.a.,27759,access haiti s.a.,27759,ACCESS HAITI S.A.,true,true,,0,,,0,2,297,573,574,200,200
www.google.com,HK,Hong Kong,csl mobile,,,,,,true,,56,CURLE_RECV_ERROR,"CONNECT tunnel failed, response 525",0,1,0,0,52,0,525
www.google.com,HK,Hong Kong,hutchison hk,,,,,,false,,56,CURLE_RECV_ERROR,"CONNECT tunnel failed, response 525",0,2,0,0,54,0,525
www.google.com,HK,Hong Kong,hutchison hk,,,,,,true,,56,CURLE_RECV_ERROR,"CONNECT tunnel failed, response 525",0,2,0,0,52,0,525
www.google.com,HK,Hong Kong,smartone mobile communications,,,,,,false,,56,CURLE_RECV_ERROR,"CONNECT tunnel failed, response 525",0,2,0,0,53,0,525
www.google.com,HK,Hong Kong,china unicom global,,,,,,false,,56,CURLE_RECV_ERROR,"CONNECT tunnel failed, response 525",0,2,0,0,49,0,525
www.google.com,HK,Hong Kong,china unicom global,,,,,,true,,56,CURLE_RECV_ERROR,"CONNECT tunnel failed, response 525",0,2,0,0,53,0,525
www.google.com,HK,Hong Kong,china mobile,,,,,,false,,56,CURLE_RECV_ERROR,"CONNECT tunnel failed, response 525",0,2,0,0,56,0,525
www.google.com,HK,Hong Kong,multibyte info technology,,,,,,false,,56,CURLE_RECV_ERROR,"CONNECT tunnel failed, response 525",0,2,0,0,55,0,525
www.google.com,HK,Hong Kong,china mobile hong kong,,,,,,false,,56,CURLE_RECV_ERROR,"CONNECT tunnel failed, response 525",0,2,0,0,56,0,525
www.google.com,HK,Hong Kong,multibyte info technology,,,,,,true,,56,CURLE_RECV_ERROR,"CONNECT tunnel failed, response 525",0,2,0,0,51,0,525
www.google.com,HK,Hong Kong,china mobile,,,,,,true,,56,CURLE_RECV_ERROR,"CONNECT tunnel failed, response 525",0,2,0,0,55,0,525
www.google.com,HK,Hong Kong,china mobile hong kong,,,,,,true,,56,CURLE_RECV_ERROR,"CONNECT tunnel failed, response 525",0,2,0,0,54,0,525
www.google.com,HT,Haiti,natcom s.a,52260,natcom s.a,52260,Télécommunications de Haití (Teleco),true,true,,0,,,1,2,761,1277,1278,200,200
www.google.com,FR,France,sfr,,,15557,Societe Francaise Du Radiotelephone - SFR SA,,true,,56,CURLE_RECV_ERROR,"CONNECT tunnel failed, response 500",0,2,0,0,15441,0,500
www.google.com,HU,Hungary,yettel hungary,,,,,,false,,56,CURLE_RECV_ERROR,"CONNECT tunnel failed, response 525",0,2,0,0,56,0,525
www.google.com,HU,Hungary,yettel hungary,,,,,,true,,56,CURLE_RECV_ERROR,"CONNECT tunnel failed, response 525",0,2,0,0,60,0,525
www.google.com,IS,Iceland,mila hf,,,,,,false,,56,CURLE_RECV_ERROR,"CONNECT tunnel failed, response 525",0,1,0,0,59,0,525
www.google.com,HT,Haiti,natcom s.a,52260,natcom s.a,52260,Télécommunications de Haití (Teleco),true,false,,0,,,0,2,1965,2258,2258,200,200
www.google.com,IS,Iceland,mila hf,,,,,,true,,56,CURLE_RECV_ERROR,"CONNECT tunnel failed, response 525",0,2,0,0,53,0,525
www.google.com,IS,Iceland,vodafone iceland,,,,,,false,,56,CURLE_RECV_ERROR,"CONNECT tunnel failed, response 525",0,2,0,0,54,0,525
www.google.com,HN,Honduras,tigo honduras,52262,tigo honduras,52262,Telefónica Celular S.A,true,true,,0,,,0,1,738,1065,1066,200,200
www.google.com,IS,Iceland,vodafone iceland,,,,,,true,,56,CURLE_RECV_ERROR,"CONNECT tunnel failed, response 525",0,2,0,0,57,0,525
www.google.com,HT,Haiti,alpha communications network,27653,alpha communications network,27653,Alpha Communications Network,true,false,,0,,,0,2,2398,2704,2704,200,200
www.google.com,FR,France,sfr,,,15557,Societe Francaise Du Radiotelephone - SFR SA,,false,,56,CURLE_RECV_ERROR,"CONNECT tunnel failed, response 500",0,2,0,0,15441,0,500
www.google.com,HU,Hungary,one hungary,21334,one hungary,21334,One Hungary Ltd.,true,false,,0,,,0,2,386,596,596,200,200
www.google.com,HN,Honduras,tigo honduras,52262,tigo honduras,52262,Telefónica Celular S.A,true,false,,0,,,0,2,713,1179,1180,200,200
www.google.com,HU,Hungary,one hungary,21334,one hungary,21334,One Hungary Ltd.,true,true,,0,,,0,2,440,648,648,200,200
www.google.com,IN,India,bsnl,,,,,,false,,56,CURLE_RECV_ERROR,"CONNECT tunnel failed, response 525",0,2,0,0,76,0,525
www.google.com,HU,Hungary,magyar telekom,5483,magyar telekom,5483,Magyar Telekom plc.,true,true,,0,,,0,2,556,839,839,200,200
www.google.com,IN,India,nextra,,,,,,true,,56,CURLE_RECV_ERROR,"CONNECT tunnel failed, response 525",0,2,0,0,77,0,525
www.google.com,IN,India,bsnl,,,,,,true,,56,CURLE_RECV_ERROR,"CONNECT tunnel failed, response 525",0,2,0,0,79,0,525
www.google.com,IN,India,nextra,,,,,,false,,56,CURLE_RECV_ERROR,"CONNECT tunnel failed, response 525",86,87,0,0,164,0,525
www.google.com,HT,Haiti,alpha communications network,27653,alpha communications network,27653,Alpha Communications Network,true,true,,0,,,0,2,864,1418,1418,200,200
www.google.com,HU,Hungary,magyar telekom,5483,magyar telekom,5483,Magyar Telekom plc.,true,false,,0,,,0,2,490,794,794,200,200
www.google.com,IS,Iceland,nova hf,44735,nova hf,44735,Nova hf,true,false,,0,,,0,2,1108,1629,1629,200,200
www.google.com,IN,India,airtel,45609,airtel,45609,Bharti Airtel Limited,true,false,,0,,,0,2,771,1233,1233,200,200
www.google.com,IN,India,jio,55836,jio,55836,Reliance Jio Infocomm Limited,true,false,,0,,,0,1,911,1420,1420,200,200
www.google.com,IS,Iceland,nova hf,44735,nova hf,44735,Nova hf,true,true,,0,,,1,2,809,1429,1430,200,200
www.google.com,IN,India,airtel,45609,airtel,45609,Bharti Airtel Limited,true,true,,0,,,0,2,786,1218,1218,200,200
www.google.com,ID,Indonesia,indosat,4761,indosat,4761,PT. INDOSAT Tbk,true,false,,0,,,0,2,729,1137,1137,200,200
www.google.com,IN,India,jio,55836,jio,55836,Reliance Jio Infocomm Limited,true,true,,0,,,0,2,943,1445,1446,200,200
www.google.com,ID,Indonesia,by.u,,,,,,true,,56,CURLE_RECV_ERROR,"CONNECT tunnel failed, response 525",0,2,0,0,60,0,525
www.google.com,ID,Indonesia,smartfren,18004,smartfren,18004,PT WIRELESS INDONESIA ( WIN ),true,false,,0,,,0,2,877,1392,1392,200,200
www.google.com,ID,Indonesia,by.u,,,,,,false,,56,CURLE_RECV_ERROR,"CONNECT tunnel failed, response 525",0,2,0,0,62,0,525
www.google.com,ID,Indonesia,orion cyber internet,,,,,,false,,56,CURLE_RECV_ERROR,"CONNECT tunnel failed, response 525",0,2,0,0,67,0,525
www.google.com,ID,Indonesia,orion cyber internet,,,,,,true,,56,CURLE_RECV_ERROR,"CONNECT tunnel failed, response 525",0,2,0,0,64,0,525
www.google.com,IR,"Iran, Islamic Republic of",mtn irancell,,,,,,false,,56,CURLE_RECV_ERROR,"CONNECT tunnel failed, response 525",0,2,0,0,56,0,525
www.google.com,IN,India,vodafone idea,38266,vodafone idea,38266,Vodafone Idea Ltd. (VIL),true,false,,0,,,1,2,1348,2076,2076,200,200
www.google.com,IR,"Iran, Islamic Republic of",mtn irancell,,,,,,true,,56,CURLE_RECV_ERROR,"CONNECT tunnel failed, response 525",0,2,0,0,57,0,525
www.google.com,IQ,Iraq,Hala Al Rafidain Company for Communications and Internet LTD.,,,,,,false,,56,CURLE_RECV_ERROR,"CONNECT tunnel failed, response 525",0,2,0,0,71,0,525
www.google.com,IQ,Iraq,Hala Al Rafidain Company for Communications and Internet LTD.,,,,,,true,,56,CURLE_RECV_ERROR,"CONNECT tunnel failed, response 525",0,2,0,0,74,0,525
www.google.com,ID,Indonesia,telkomsel,23693,telkomsel,23693,PT. Telekomunikasi Selular,true,false,,0,,,0,2,1037,1549,1550,200,200
www.google.com,ID,Indonesia,indosat,4761,indosat,4761,PT. INDOSAT Tbk,true,true,,0,,,0,2,730,1165,1165,200,200
www.google.com,IN,India,vodafone idea,38266,vodafone idea,38266,Vodafone Idea Ltd. (VIL),true,true,,0,,,0,2,1327,1955,1956,200,200
www.google.com,IQ,Iraq,horizon scope mobile telecom wll,,,,,,false,,56,CURLE_RECV_ERROR,"CONNECT tunnel failed, response 525",0,2,0,0,73,0,525
www.google.com,ID,Indonesia,telkomsel,23693,telkomsel,23693,PT. Telekomunikasi Selular,true,true,,0,,,0,2,997,1525,1526,200,200
www.google.com,ID,Indonesia,pt telkom indonesia,7713,pt telkom indonesia,7713,Telekomunikasi Indonesia (PT),true,true,,0,,,0,202,935,1334,1334,200,200
www.google.com,ID,Indonesia,xl axiata,24203,xl axiata,24203,PT XL Axiata,true,false,,0,,,0,2,883,1508,1509,200,200
www.google.com,ID,Indonesia,smartfren,18004,smartfren,18004,PT WIRELESS INDONESIA ( WIN ),true,true,,0,,,0,2,795,1264,1264,200,200
www.google.com,ID,Indonesia,pt telkom indonesia,7713,pt telkom indonesia,7713,Telekomunikasi Indonesia (PT),true,false,,0,,,0,1,768,1162,1162,200,200
www.google.com,ID,Indonesia,xl axiata,24203,xl axiata,24203,PT XL Axiata,true,true,,0,,,0,2,896,1395,1395,200,200
www.google.com,IQ,Iraq,tishknet internet services,200865,tishknet internet services,200865,TISHK NET Company for WIMAX technology and Internet Service Limited,true,false,,0,,,0,2,767,1680,1680,200,200
www.google.com,IQ,Iraq,horizon scope mobile telecom wll,,,,,,true,,56,CURLE_RECV_ERROR,"CONNECT tunnel failed, response 525",0,2,0,0,70,0,525
www.google.com,IQ,Iraq,korek telecom company for communications,59625,korek telecom company for communications,59625,Korek Telecom Company for Communications LLC,true,false,,0,,,0,2,699,1444,1444,200,200
www.google.com,IQ,Iraq,seven net,,,,,,false,,56,CURLE_RECV_ERROR,"CONNECT tunnel failed, response 525",0,1,0,0,66,0,525
www.google.com,IQ,Iraq,Shams Telecom Networks and Internet Service Ltd,,,,,,false,,56,CURLE_RECV_ERROR,"CONNECT tunnel failed, response 525",0,2,0,0,71,0,525
www.google.com,IQ,Iraq,seven net,,,,,,true,,56,CURLE_RECV_ERROR,"CONNECT tunnel failed, response 525",0,2,0,0,72,0,525
www.google.com,IQ,Iraq,Shams Telecom Networks and Internet Service Ltd,,,,,,true,,56,CURLE_RECV_ERROR,"CONNECT tunnel failed, response 525",0,2,0,0,71,0,525
www.google.com,IQ,Iraq,al atheer telecommunication-iraq incorporated in c,59588,al atheer telecommunication-iraq incorporated in c,59588,Al Atheer Telecommunication-Iraq Co. Ltd. Incorporated in Cayman Islands,true,false,,0,,,0,2,771,1565,1566,200,200
www.google.com,IQ,Iraq,korek telecom company for communications,59625,korek telecom company for communications,59625,Korek Telecom Company for Communications LLC,true,true,,0,,,0,2,820,1634,1635,200,200
www.google.com,IQ,Iraq,o3-telecom,206206,o3-telecom,206206,Kurdistan Net Company for Computer and Internet Ltd.,true,false,,0,,,0,2,542,1222,1222,200,200
www.google.com,IQ,Iraq,comm1,211908,comm1,211908,Horizon Scope Mobile Telecom WLL,true,false,,0,,,32,33,716,1505,1505,200,200
www.google.com,IQ,Iraq,tishknet internet services,200865,tishknet internet services,200865,TISHK NET Company for WIMAX technology and Internet Service Limited,true,true,,0,,,64,65,936,1699,1699,200,200
www.google.com,IQ,Iraq,allay nawroz telecom company for communication/ltd,,,,,,false,,56,CURLE_RECV_ERROR,"CONNECT tunnel failed, response 500",0,2,0,0,14,0,500
www.google.com,IQ,Iraq,allay nawroz telecom company for communication/ltd,,,,,,true,,56,CURLE_RECV_ERROR,"CONNECT tunnel failed, response 500",0,2,0,0,15,0,500
www.google.com,IQ,Iraq,o3-telecom,206206,o3-telecom,206206,Kurdistan Net Company for Computer and Internet Ltd.,true,true,,0,,,0,2,582,1166,1167,200,200
www.google.com,IE,Ireland,play broadband,,,,,,true,,56,CURLE_RECV_ERROR,"CONNECT tunnel failed, response 525",0,2,0,0,66,0,525
www.google.com,IE,Ireland,aspider solutions international holdings,,,,,,false,,56,CURLE_RECV_ERROR,"CONNECT tunnel failed, response 525",0,2,0,0,65,0,525
www.google.com,IE,Ireland,aspider solutions international holdings,,,,,,true,,56,CURLE_RECV_ERROR,"CONNECT tunnel failed, response 525",0,2,0,0,66,0,525
www.google.com,IQ,Iraq,comm1,211908,comm1,211908,Horizon Scope Mobile Telecom WLL,true,true,,0,,,0,2,770,1559,1560,200,200
www.google.com,IE,Ireland,virgin media ireland,,,,,,false,,56,CURLE_RECV_ERROR,"CONNECT tunnel failed, response 525",0,2,0,0,68,0,525
www.google.com,IQ,Iraq,al atheer telecommunication-iraq incorporated in c,59588,al atheer telecommunication-iraq incorporated in c,59588,Al Atheer Telecommunication-Iraq Co. Ltd. Incorporated in Cayman Islands,true,true,,0,,,83,85,910,2148,2148,200,200
www.google.com,IE,Ireland,virgin media ireland,,,,,,true,,56,CURLE_RECV_ERROR,"CONNECT tunnel failed, response 525",0,2,0,0,59,0,525
www.google.com,IE,Ireland,play broadband,,,,,,false,,56,CURLE_RECV_ERROR,"CONNECT tunnel failed, response 525",0,2,0,0,62,0,525
www.google.com,IQ,Iraq,shabaka sfn al-haditha for general trading & infor,51018,shabaka sfn al-haditha for general trading & infor,51018,Shabaka Sfn Al-Haditha for General Trading & Information Technology LTD.,true,true,,0,,,0,2,825,1569,1569,200,200
www.google.com,IQ,Iraq,iq networks for data and internet services,44217,iq networks for data and internet services,44217,IQ Networks for Data and Internet Services Ltd,true,false,,0,,,0,2,511,1096,1096,200,200
www.google.com,IQ,Iraq,iq networks for data and internet services,44217,iq networks for data and internet services,44217,IQ Networks for Data and Internet Services Ltd,true,true,,0,,,0,2,496,1083,1083,200,200
www.google.com,IQ,Iraq,shabaka sfn al-haditha for general trading & infor,51018,shabaka sfn al-haditha for general trading & infor,51018,Shabaka Sfn Al-Haditha for General Trading & Information Technology LTD.,true,false,,0,,,0,2,687,1444,1445,200,200
www.google.com,IQ,Iraq,asiacell communications,215597,asiacell communications,215597,ASIACELL COMMUNICATIONS PJSC,true,false,,0,,,0,2,806,1545,1545,200,200
www.google.com,IE,Ireland,lycamobile,,,,,,true,,56,CURLE_RECV_ERROR,"CONNECT tunnel failed, response 525",0,1,0,0,55,0,525
www.google.com,IE,Ireland,three ireland,13280,three ireland,13280,Three Ireland (Hutchison) limited,true,false,,0,,,0,2,516,734,734,200,200
www.google.com,IE,Ireland,lycamobile,,,,,,false,,56,CURLE_RECV_ERROR,"CONNECT tunnel failed, response 525",0,2,0,0,58,0,525
www.google.com,IE,Ireland,three ireland,13280,three ireland,13280,Three Ireland (Hutchison) limited,true,true,,0,,,0,2,441,649,649,200,200
www.google.com,IL,Israel,telzar 019 international telecommunications servic,,,,,,true,,56,CURLE_RECV_ERROR,"CONNECT tunnel failed, response 525",0,2,0,0,51,0,525
www.google.com,IE,Ireland,eir broadband,15751,eir broadband,15751,Eircom Limited,true,false,,0,,,0,2,771,1017,1017,200,200
www.google.com,IQ,Iraq,telsat broadband ltd,51684,telsat broadband ltd,51684,ASIACELL COMMUNICATIONS PJSC,true,false,,0,,,0,2,833,1587,1588,200,200
www.google.com,IE,Ireland,eir broadband,15751,eir broadband,15751,Eircom Limited,true,true,,0,,,0,2,509,728,728,200,200
www.google.com,IQ,Iraq,telsat broadband ltd,51684,telsat broadband ltd,51684,ASIACELL COMMUNICATIONS PJSC,true,true,,0,,,0,2,781,1493,1494,200,200
www.google.com,IE,Ireland,sky broadband,5607,sky broadband,5607,Sky UK Limited,true,false,,0,,,0,2,462,723,723,200,200
www.google.com,IE,Ireland,sky broadband,5607,sky broadband,5607,Sky UK Limited,true,true,,0,,,57,59,500,752,752,200,200
www.google.com,IL,Israel,telzar 019 international telecommunications servic,,,,,,false,,56,CURLE_RECV_ERROR,"CONNECT tunnel failed, response 525",0,2,0,0,59,0,525
www.google.com,IL,Israel,partner communications,12400,partner communications,12400,Partner Communications Ltd.,true,false,,0,,,0,2,560,1206,1206,200,200
www.google.com,IQ,Iraq,asiacell communications,215597,asiacell communications,215597,ASIACELL COMMUNICATIONS PJSC,true,true,,0,,,0,2,2350,4955,4955,200,200
www.google.com,IM,Isle of Man,sure (guernsey),8680,sure (guernsey),8680,Sure (Guernsey) Limited,true,false,,0,,,1,2,1065,1503,1503,200,200
www.google.com,IL,Israel,xfone 018,,,,,,false,,56,CURLE_RECV_ERROR,"CONNECT tunnel failed, response 525",0,1,0,0,54,0,525
www.google.com,GW,Guinea-Bissau,orange-bissau,37559,orange-bissau,37559,Orange Bissau,true,true,,0,,,0,2,13210,13856,13857,200,200
www.google.com,IL,Israel,xfone 018,,,,,,true,,56,CURLE_RECV_ERROR,"CONNECT tunnel failed, response 525",0,2,0,0,59,0,525
www.google.com,IM,Isle of Man,sure (guernsey),8680,sure (guernsey),8680,Sure (Guernsey) Limited,true,true,,0,,,0,2,684,1173,1173,200,200
www.google.com,IL,Israel,partner communications,12400,partner communications,12400,Partner Communications Ltd.,true,true,,0,,,0,2,551,1819,1819,200,200
www.google.com,IE,Ireland,vodafone ireland,15502,vodafone ireland,15502,Vodafone Ireland Limited,true,false,,0,,,0,1,2204,3463,3464,200,200
www.google.com,IL,Israel,hot mobile,21450,hot mobile,21450,HOT Mobile Ltd.,true,false,,0,,,0,2,858,1610,1611,200,200
www.google.com,IL,Israel,hotnet,12849,hotnet,12849,Hot-Net internet services Ltd.,true,true,,0,,,0,2,758,1387,1387,200,200
www.google.com,IT,Italy,vodafone italia,30722,vodafone italia,30722,Vodafone Italia S.p.A.,true,false,,0,,,0,2,447,677,678,200,200
www.google.com,GW,Guinea-Bissau,orange-bissau,37559,orange-bissau,37559,Orange Bissau,true,false,,0,,,0,2,17001,17569,17569,200,200
www.google.com,IL,Israel,cellcom,1680,cellcom,1680,Cellcom Fixed Line Communication L.P,true,true,,0,,,0,2,626,1876,1876,200,200
www.google.com,IL,Israel,cellcom,1680,cellcom,1680,Cellcom Fixed Line Communication L.P,true,false,,0,,,0,2,829,1532,1533,200,200
www.google.com,IL,Israel,wecom mobile,210625,wecom mobile,210625,Wecom Mobile Ltd.,true,false,,0,,,0,2,849,1984,1984,200,200
www.google.com,IL,Israel,pelephone,16116,pelephone,16116,Pelephone Communications Ltd.,true,false,,0,,,0,2,805,1436,1436,200,200
www.google.com,IL,Israel,hotnet,12849,hotnet,12849,Hot-Net internet services Ltd.,true,false,,0,,,1,2,702,1432,1432,200,200
www.google.com,IL,Israel,pelephone,16116,pelephone,16116,Pelephone Communications Ltd.,true,true,,0,,,0,2,645,1255,1255,200,200
www.google.com,IL,Israel,hot mobile,21450,hot mobile,21450,HOT Mobile Ltd.,true,true,,0,,,0,2,725,2164,2164,200,200
www.google.com,IE,Ireland,vodafone ireland,15502,vodafone ireland,15502,Vodafone Ireland Limited,true,true,,0,,,0,2,1943,2794,2795,200,200
www.google.com,IT,Italy,plintron europe limited,,,,,,true,,56,CURLE_RECV_ERROR,"CONNECT tunnel failed, response 525",0,2,0,0,64,0,525
www.google.com,IT,Italy,plintron europe limited,,,,,,false,,56,CURLE_RECV_ERROR,"CONNECT tunnel failed, response 525",0,1,0,0,64,0,525
www.google.com,IT,Italy,digi italy,,,,,,true,,56,CURLE_RECV_ERROR,"CONNECT tunnel failed, response 525",0,2,0,0,67,0,525
www.google.com,IT,Italy,digi italy,,,,,,false,,56,CURLE_RECV_ERROR,"CONNECT tunnel failed, response 525",0,2,0,0,66,0,525
www.google.com,IT,Italy,fastweb,12874,fastweb,12874,Fastweb SpA,true,false,,0,,,0,2,507,825,825,200,200
www.google.com,IL,Israel,wecom mobile,210625,wecom mobile,210625,Wecom Mobile Ltd.,true,true,,0,,,0,2,1392,2301,2301,200,200
www.google.com,IT,Italy,vodafone italia,30722,vodafone italia,30722,Vodafone Italia S.p.A.,true,true,,0,,,0,2,436,709,709,200,200
www.google.com,IT,Italy,tim,3269,tim,3269,Telecom Italia S.p.A.,true,true,,0,,,0,2,538,884,884,200,200
www.google.com,IT,Italy,fastweb,12874,fastweb,12874,Fastweb SpA,true,true,,0,,,0,2,496,759,760,200,200
www.google.com,IT,Italy,tiscali,8612,tiscali,8612,Tiscali Italia S.P.A.,true,false,,0,,,58,60,614,941,941,200,200
www.google.com,IT,Italy,tim mobile,16232,tim mobile,16232,Telecom Italia S.p.A.,true,false,,0,,,0,2,1156,1793,1794,200,200
www.google.com,IT,Italy,tim,3269,tim,3269,Telecom Italia S.p.A.,true,false,,0,,,0,2,592,910,910,200,200
www.google.com,IT,Italy,tim mobile,16232,tim mobile,16232,Telecom Italia S.p.A.,true,true,,0,,,53,54,878,1316,1316,200,200
www.google.com,IT,Italy,tiscali,8612,tiscali,8612,Tiscali Italia S.P.A.,true,true,,0,,,0,2,585,879,879,200,200
www.google.com,JM,Jamaica,digicel jamaica,40786,digicel jamaica,40786,Digicel Jamaica,true,true,,0,,,0,2,496,924,924,200,200
www.google.com,JM,Jamaica,digicel fiber,40786,digicel fiber,40786,Digicel Jamaica,true,true,,0,,,0,2,344,719,720,200,200
www.google.com,IT,Italy,wind tre,1267,wind tre,1267,WIND TRE S.P.A.,true,false,,0,,,0,2,936,1299,1299,200,200
www.google.com,JM,Jamaica,digicel fiber,40786,digicel fiber,40786,Digicel Jamaica,true,false,,0,,,0,2,538,1113,1113,200,200
www.google.com,JP,Japan,so-net,,,,,,false,,56,CURLE_RECV_ERROR,"CONNECT tunnel failed, response 525",0,2,0,0,53,0,525
www.google.com,IT,Italy,iliad italia,29447,iliad italia,29447,SCALEWAY S.A.S.,true,false,,0,,,0,2,607,969,970,200,200
www.google.com,IT,Italy,spusu italy,51265,spusu italy,51265,Mass Response Service GmbH,true,true,,0,,,0,2,821,1276,1277,200,200
www.google.com,JP,Japan,so-net,,,,,,true,,56,CURLE_RECV_ERROR,"CONNECT tunnel failed, response 525",0,2,0,0,57,0,525
www.google.com,JM,Jamaica,digicel jamaica,40786,digicel jamaica,40786,Digicel Jamaica,true,false,,0,,,0,2,432,802,802,200,200
www.google.com,IT,Italy,iliad italia,29447,iliad italia,29447,SCALEWAY S.A.S.,true,true,,0,,,0,2,576,939,939,200,200
www.google.com,IT,Italy,spusu italy,51265,spusu italy,51265,Mass Response Service GmbH,true,false,,0,,,0,2,674,1136,1137,200,200
www.google.com,IT,Italy,wind tre,1267,wind tre,1267,WIND TRE S.P.A.,true,true,,0,,,0,2,655,1009,1009,200,200
www.google.com,JP,Japan,bekkoame internet,,,,,,false,,56,CURLE_RECV_ERROR,"CONNECT tunnel failed, response 525",0,2,0,0,57,0,525
www.google.com,JP,Japan,k-opticom corporation,,,,,,false,,56,CURLE_RECV_ERROR,"CONNECT tunnel failed, response 525",0,2,0,0,57,0,525
www.google.com,JP,Japan,k-opticom corporation,,,,,,true,,56,CURLE_RECV_ERROR,"CONNECT tunnel failed, response 525",0,3,0,0,50,0,525
www.google.com,JM,Jamaica,digicel fwa,40786,digicel fwa,40786,Digicel Jamaica,true,true,,0,,,0,2,562,1001,1002,200,200
www.google.com,JP,Japan,u-next,,,,,,true,,56,CURLE_RECV_ERROR,"CONNECT tunnel failed, response 525",0,2,0,0,56,0,525
www.google.com,JP,Japan,u-next,,,,,,false,,56,CURLE_RECV_ERROR,"CONNECT tunnel failed, response 525",0,2,0,0,59,0,525
www.google.com,JM,Jamaica,digicel fwa,40786,digicel fwa,40786,Digicel Jamaica,true,false,,0,,,0,2,1164,1769,1769,200,200
www.google.com,JP,Japan,open computer network,,,,,,true,,56,CURLE_RECV_ERROR,"CONNECT tunnel failed, response 525",0,2,0,0,59,0,525
www.google.com,JP,Japan,open computer network,,,,,,false,,56,CURLE_RECV_ERROR,"CONNECT tunnel failed, response 525",0,2,0,0,55,0,525
www.google.com,JP,Japan,bekkoame internet,,,,,,true,,56,CURLE_RECV_ERROR,"CONNECT tunnel failed, response 525",0,2,0,0,56,0,525
www.google.com,JP,Japan,internet initiative japan,,,,,,false,,56,CURLE_RECV_ERROR,"CONNECT tunnel failed, response 525",0,2,0,0,55,0,525
www.google.com,JM,Jamaica,cable and wireless jamaica,10278,cable and wireless jamaica,10278,Cable & Wireless (Barbados) Limited,true,true,,0,,,0,2,1090,1675,1675,200,200
www.google.com,JP,Japan,internet initiative japan,,,,,,true,,56,CURLE_RECV_ERROR,"CONNECT tunnel failed, response 525",0,2,0,0,57,0,525
www.google.com,JP,Japan,ntt communications corporation,4713,ntt communications corporation,4713,NTT Communications Corporation,true,false,,0,,,0,2,808,1210,1210,200,200
www.google.com,JE,Jersey,jersey airtel,,,,,,true,,56,CURLE_RECV_ERROR,"CONNECT tunnel failed, response 525",0,1,0,0,52,0,525
www.google.com,JE,Jersey,jersey airtel,,,,,,false,,56,CURLE_RECV_ERROR,"CONNECT tunnel failed, response 525",0,2,0,0,56,0,525
www.google.com,JE,Jersey,sure (guernsey),,,,,,false,,56,CURLE_RECV_ERROR,"CONNECT tunnel failed, response 525",0,2,0,0,54,0,525
www.google.com,JE,Jersey,sure (guernsey),,,,,,true,,56,CURLE_RECV_ERROR,"CONNECT tunnel failed, response 525",49,51,0,0,101,0,525
www.google.com,JP,Japan,softbank corp.,17676,softbank corp.,17676,SoftBank Corp.,true,false,,0,,,0,2,755,1218,1219,200,200
www.google.com,JM,Jamaica,cable and wireless jamaica,10278,cable and wireless jamaica,10278,Cable & Wireless (Barbados) Limited,true,false,,0,,,0,2,931,1514,1514,200,200
www.google.com,JP,Japan,au one net,2516,au one net,2516,KDDI CORPORATION,true,true,,0,,,0,2,931,1540,1540,200,200
www.google.com,JP,Japan,ntt communications corporation,4713,ntt communications corporation,4713,NTT Communications Corporation,true,true,,0,,,0,2,773,1174,1174,200,200
www.google.com,JP,Japan,rakuten mobile network,138384,rakuten mobile network,138384,"Rakuten Mobile, Inc.",true,false,,0,,,0,2,1018,1609,1609,200,200
www.google.com,JP,Japan,ntt docomo,9605,ntt docomo,9605,"NTT DOCOMO, INC.",true,false,,0,,,0,2,917,1515,1515,200,200
www.google.com,JP,Japan,softbank corp.,17676,softbank corp.,17676,SoftBank Corp.,true,true,,0,,,0,2,817,1283,1283,200,200
www.google.com,JP,Japan,au one net,2516,au one net,2516,KDDI CORPORATION,true,false,,0,,,0,2,936,1415,1415,200,200
www.google.com,JP,Japan,ntt docomo business,4713,ntt docomo business,4713,NTT Communications Corporation,true,false,,0,,,0,1,764,1154,1155,200,200
www.google.com,JP,Japan,rakuten mobile network,138384,rakuten mobile network,138384,"Rakuten Mobile, Inc.",true,true,,0,,,0,2,1207,1774,1775,200,200
www.google.com,JP,Japan,ntt docomo,9605,ntt docomo,9605,"NTT DOCOMO, INC.",true,true,,0,,,0,2,1029,1527,1527,200,200
www.google.com,JP,Japan,ntt docomo business,4713,ntt docomo business,4713,NTT Communications Corporation,true,true,,0,,,0,2,735,1134,1134,200,200
www.google.com,JO,Jordan,umniah,9038,umniah,9038,Batelco Jordan,true,false,,0,,,0,2,809,1143,1144,200,200
www.google.com,KZ,Kazakhstan,kar-tel,21299,kar-tel,21299,Kar-Tel LLC,true,true,,0,,,0,2,618,913,913,200,200
www.google.com,KZ,Kazakhstan,freedom data centers llp,,,,,,false,,56,CURLE_RECV_ERROR,"CONNECT tunnel failed, response 525",0,2,0,0,71,0,525
www.google.com,KZ,Kazakhstan,freedom data centers llp,,,,,,true,,56,CURLE_RECV_ERROR,"CONNECT tunnel failed, response 525",0,1,0,0,68,0,525
www.google.com,KZ,Kazakhstan,eurasia-star llp,,,,,,false,,56,CURLE_RECV_ERROR,"CONNECT tunnel failed, response 525",0,2,0,0,67,0,525
www.google.com,KZ,Kazakhstan,eurasia-star llp,,,,,,true,,56,CURLE_RECV_ERROR,"CONNECT tunnel failed, response 525",0,2,0,0,80,0,525
www.google.com,JO,Jordan,jordan telecommunications psc,8697,jordan telecommunications psc,8697,Jordan Telecommunications PSC,true,false,,0,,,0,2,829,1326,1326,200,200
www.google.com,JO,Jordan,umniah,9038,umniah,9038,Batelco Jordan,true,true,,0,,,0,2,726,1114,1114,200,200
www.google.com,JO,Jordan,zain jordan,48832,zain jordan,48832,Linkdotnet-Jordan,true,false,,0,,,0,2,710,1234,1234,200,200
www.google.com,KZ,Kazakhstan,kcell,29355,kcell,29355,Kcell JSC,true,false,,0,,,0,2,791,1164,1164,200,200
www.google.com,KZ,Kazakhstan,mobile telecom-service llp,29555,mobile telecom-service llp,29555,Mobile Telecom-Service LLP,true,false,,0,,,0,2,681,1016,1017,200,200
www.google.com,JO,Jordan,jordan telecommunications psc,8697,jordan telecommunications psc,8697,Jordan Telecommunications PSC,true,true,,0,,,0,2,999,1595,1596,200,200
www.google.com,KZ,Kazakhstan,2day telecom llp,21299,2day telecom llp,21299,Kar-Tel LLC,true,false,,0,,,0,2,713,967,967,200,200
www.google.com,KZ,Kazakhstan,kcell,29355,kcell,29355,Kcell JSC,true,true,,0,,,0,2,771,1149,1149,200,200
www.google.com,KZ,Kazakhstan,2day telecom llp,21299,2day telecom llp,21299,Kar-Tel LLC,true,true,,0,,,0,2,615,873,874,200,200
www.google.com,KZ,Kazakhstan,mobile telecom-service llp,29555,mobile telecom-service llp,29555,Mobile Telecom-Service LLP,true,true,,0,,,0,2,672,1000,1001,200,200
www.google.com,KZ,Kazakhstan,kar-tel,21299,kar-tel,21299,Kar-Tel LLC,true,false,,0,,,0,2,578,865,865,200,200
www.google.com,KZ,Kazakhstan,jusan mobile,35104,jusan mobile,35104,Jusan Mobile JSC,true,false,,0,,,0,2,543,764,765,200,200
www.google.com,JO,Jordan,zain jordan,48832,zain jordan,48832,Linkdotnet-Jordan,true,true,,0,,,0,2,986,1849,1849,200,200
www.google.com,KZ,Kazakhstan,jsc kazakhtelecom,9198,jsc kazakhtelecom,9198,JSC Kazakhtelecom,true,true,,0,,,0,2,680,1073,1073,200,200
www.google.com,KZ,Kazakhstan,jusan mobile,35104,jusan mobile,35104,Jusan Mobile JSC,true,true,,0,,,0,2,438,652,652,200,200
www.google.com,KZ,Kazakhstan,jsc kazakhtelecom,9198,jsc kazakhtelecom,9198,JSC Kazakhtelecom,true,false,,0,,,0,2,700,1064,1064,200,200
www.google.com,KE,Kenya,telkom,,,,,,false,,56,CURLE_RECV_ERROR,"CONNECT tunnel failed, response 525",1,2,0,0,63,0,525
www.google.com,KZ,Kazakhstan,spetsavtomatikaservice llp,211028,spetsavtomatikaservice llp,211028,Spetsavtomatikaservice LLP,true,false,,0,,,0,2,541,772,772,200,200
www.google.com,KE,Kenya,telkom,,,,,,true,,56,CURLE_RECV_ERROR,"CONNECT tunnel failed, response 525",0,2,0,0,60,0,525
www.google.com,KZ,Kazakhstan,tele2 kazakhstan,48503,tele2 kazakhstan,48503,Mobile Telecom-Service LLP,true,false,,0,,,0,3,718,1229,1229,200,200
www.google.com,KZ,Kazakhstan,spetsavtomatikaservice llp,211028,spetsavtomatikaservice llp,211028,Spetsavtomatikaservice LLP,true,true,,0,,,0,2,487,717,718,200,200
www.google.com,KE,Kenya,jambo-telecoms,,,,,,true,,56,CURLE_RECV_ERROR,"CONNECT tunnel failed, response 525",0,2,0,0,116,0,525
www.google.com,KE,Kenya,jambo-telecoms,,,,,,false,,56,CURLE_RECV_ERROR,"CONNECT tunnel failed, response 525",0,2,0,0,101,0,525
www.google.com,KZ,Kazakhstan,tele2 kazakhstan,48503,tele2 kazakhstan,48503,Mobile Telecom-Service LLP,true,true,,0,,,0,2,887,1231,1231,200,200
www.google.com,KZ,Kazakhstan,2day telecom,206026,2day telecom,206026,Kar-Tel LLC,true,false,,0,,,74,76,713,1000,1000,200,200
www.google.com,KE,Kenya,airtel kenya,36926,airtel kenya,36926,Airtel Networks Kenya Limited,true,false,,0,,,0,2,742,1474,1475,200,200
www.google.com,KE,Kenya,safaricom,37061,safaricom,37061,Safaricom Limited,true,false,,0,,,0,1,1126,1969,1969,200,200
www.google.com,KR,"Korea, Republic of",sk broadband,,,,,,false,,56,CURLE_RECV_ERROR,"CONNECT tunnel failed, response 525",0,2,0,0,55,0,525
www.google.com,KZ,Kazakhstan,beeline kazakhstan,206026,beeline kazakhstan,206026,Kar-Tel LLC,true,false,,0,,,0,2,1788,2704,2705,200,200
www.google.com,KR,"Korea, Republic of",sk broadband,,,,,,true,,56,CURLE_RECV_ERROR,"CONNECT tunnel failed, response 525",0,2,0,0,57,0,525
www.google.com,KE,Kenya,safaricom,37061,safaricom,37061,Safaricom Limited,true,true,,0,,,0,2,1009,1745,1745,200,200
www.google.com,KE,Kenya,airtel kenya,36926,airtel kenya,36926,Airtel Networks Kenya Limited,true,true,,0,,,0,2,788,1515,1515,200,200
www.google.com,KE,Kenya,faiba,36866,faiba,36866,Jamii Telecommunications Limited,true,false,,0,,,0,202,1186,2193,2193,200,200
www.google.com,KE,Kenya,faiba,36866,faiba,36866,Jamii Telecommunications Limited,true,true,,0,,,0,2,901,1703,1704,200,200
www.google.com,KR,"Korea, Republic of",sk telecom,9644,sk telecom,9644,SK Telecom,true,true,,0,,,0,2,849,1294,1295,200,200
www.google.com,KZ,Kazakhstan,beeline kazakhstan,206026,beeline kazakhstan,206026,Kar-Tel LLC,true,true,,0,,,0,2,1701,2406,2406,200,200
www.google.com,KZ,Kazakhstan,2day telecom,206026,2day telecom,206026,Kar-Tel LLC,true,true,,0,,,1,2,589,898,898,200,200
www.google.com,KR,"Korea, Republic of",lg uplus,17853,lg uplus,17853,LGTELECOM,true,true,,0,,,0,2,960,1488,1489,200,200
www.google.com,KR,"Korea, Republic of",sk telecom,9644,sk telecom,9644,SK Telecom,true,false,,0,,,0,2,841,1294,1294,200,200
www.google.com,KR,"Korea, Republic of",kt,4766,kt,4766,Korea Telecom,true,true,,0,,,0,2,1157,1744,1745,200,200
www.google.com,KR,"Korea, Republic of",lg uplus,17853,lg uplus,17853,LGTELECOM,true,false,,0,,,0,2,947,1443,1443,200,200
www.google.com,LA,Lao People's Democratic Republic,star telecom,,,,,,false,,56,CURLE_RECV_ERROR,"CONNECT tunnel failed, response 525",0,2,0,0,53,0,525
www.google.com,KG,Kyrgyzstan,nur telecom,47237,nur telecom,47237,NUR Telecom LLC,true,false,,0,,,0,2,700,1012,1012,200,200
www.google.com,KR,"Korea, Republic of",kt,4766,kt,4766,Korea Telecom,true,false,,0,,,0,2,1115,1697,1697,200,200
www.google.com,LA,Lao People's Democratic Republic,etl company,,,,,,false,,56,CURLE_RECV_ERROR,"CONNECT tunnel failed, response 525",0,2,0,0,59,0,525
www.google.com,KW,Kuwait,stc kuwait,47589,stc kuwait,47589,Kuwait Telecommunication Company (Under Association),true,false,,0,,,0,2,810,1363,1364,200,200
www.google.com,LA,Lao People's Democratic Republic,star telecom,,,,,,true,,56,CURLE_RECV_ERROR,"CONNECT tunnel failed, response 525",60,61,0,0,114,0,525
www.google.com,LA,Lao People's Democratic Republic,etl company,,,,,,true,,56,CURLE_RECV_ERROR,"CONNECT tunnel failed, response 525",83,85,0,0,138,0,525
www.google.com,LA,Lao People's Democratic Republic,"lao telecom communication, ltc",,,,,,false,,56,CURLE_RECV_ERROR,"CONNECT tunnel failed, response 525",53,55,0,0,109,0,525
www.google.com,LA,Lao People's Democratic Republic,"lao telecom communication, ltc",,,,,,true,,56,CURLE_RECV_ERROR,"CONNECT tunnel failed, response 525",0,2,0,0,55,0,525
www.google.com,KW,Kuwait,stc kuwait,47589,stc kuwait,47589,Kuwait Telecommunication Company (Under Association),true,true,,0,,,0,2,750,1268,1269,200,200
www.google.com,KW,Kuwait,ooredoo kuwait,29357,ooredoo kuwait,29357,NATIONAL MOBILE TELECOMMUNICATIONS COMPANY K.S.C.P.,true,false,,0,,,0,2,850,1604,1604,200,200
www.google.com,KG,Kyrgyzstan,nur telecom,47237,nur telecom,47237,NUR Telecom LLC,true,true,,0,,,0,2,684,1012,1012,200,200
www.google.com,LB,Lebanon,touch lebanon,,,,,,false,,56,CURLE_RECV_ERROR,"CONNECT tunnel failed, response 525",0,2,0,0,53,0,525
www.google.com,LB,Lebanon,touch lebanon,,,,,,true,,56,CURLE_RECV_ERROR,"CONNECT tunnel failed, response 525",0,2,0,0,56,0,525
www.google.com,KW,Kuwait,zain kuwait,42961,zain kuwait,42961,Mobile Telecommunications Company,true,false,,0,,,0,2,851,1670,1670,200,200
www.google.com,KG,Kyrgyzstan,alfa telecom cjsc,50223,alfa telecom cjsc,50223,Alfa Telecom CJSC,true,true,,0,,,0,2,766,1114,1115,200,200
www.google.com,KG,Kyrgyzstan,alfa telecom cjsc,50223,alfa telecom cjsc,50223,Alfa Telecom CJSC,true,false,,0,,,0,2,797,1169,1169,200,200
www.google.com,KW,Kuwait,zain kuwait,42961,zain kuwait,42961,Mobile Telecommunications Company,true,true,,0,,,0,2,670,2170,2170,200,200
www.google.com,LV,Latvia,latvijas mobilais telefons sia,24921,latvijas mobilais telefons sia,24921,Latvijas Mobilais Telefons SIA,true,false,,0,,,0,1,465,679,680,200,200
www.google.com,KW,Kuwait,ooredoo kuwait,29357,ooredoo kuwait,29357,NATIONAL MOBILE TELECOMMUNICATIONS COMPANY K.S.C.P.,true,true,,0,,,0,202,960,1879,1879,200,200
www.google.com,KG,Kyrgyzstan,sky mobile,41329,sky mobile,41329,"""Sky Mobile"" LLC",true,false,,0,,,0,2,978,1415,1415,200,200
www.google.com,LV,Latvia,latvijas mobilais telefons sia,24921,latvijas mobilais telefons sia,24921,Latvijas Mobilais Telefons SIA,true,true,,0,,,0,2,456,665,665,200,200
www.google.com,KG,Kyrgyzstan,sky mobile,41329,sky mobile,41329,"""Sky Mobile"" LLC",true,true,,0,,,0,2,920,1358,1358,200,200
www.google.com,LV,Latvia,bite lietuva,13194,bite lietuva,13194,"UAB ""Bite Lietuva""",true,false,,0,,,0,2,961,1205,1206,200,200
www.google.com,LV,Latvia,bite lietuva,13194,bite lietuva,13194,"UAB ""Bite Lietuva""",true,true,,0,,,0,2,472,714,714,200,200
www.google.com,GY,Guyana,u mobile cellular inc.,52433,u mobile cellular inc.,,,,false,,56,CURLE_RECV_ERROR,Connection closed abruptly,0,2,20825,0,20825,0,200
www.google.com,LS,Lesotho,econet telecom lesotho,33567,econet telecom lesotho,33567,Econet Telecom Lesotho (PTY) LTD,true,false,,0,,,0,2,1140,1966,1966,200,200
www.google.com,LY,Libya,al-madar-al-jadeed,328200,al-madar-al-jadeed,328200,Al Madar Al Jadeed Joint Stock Company,true,true,,0,,,0,2,1091,1645,1646,200,200
www.google.com,LR,Liberia,lonestar,37410,lonestar,37410,Lonestar Communications Corporation,true,true,,0,,,0,2,939,1803,1804,200,200
www.google.com,LS,Lesotho,econet telecom lesotho,33567,econet telecom lesotho,33567,Econet Telecom Lesotho (PTY) LTD,true,true,,0,,,0,2,1064,1878,1879,200,200
www.google.com,LS,Lesotho,vodacom-lesotho,37057,vodacom-lesotho,37057,Vodacom Lesotho (Pty) Ltd,true,true,,0,,,0,2,1275,2806,2807,200,200
www.google.com,LS,Lesotho,vodacom-lesotho,37057,vodacom-lesotho,37057,Vodacom Lesotho (Pty) Ltd,true,false,,0,,,0,2,1184,2191,2191,200,200
www.google.com,LT,Lithuania,telia lietuva,8764,telia lietuva,8764,"Telia Lietuva, AB",true,false,,0,,,0,2,413,684,684,200,200
www.google.com,LY,Libya,libyana-mobile,328286,libyana-mobile,328286,Libyana Mobile Phone Company JSC,true,false,,0,,,0,2,715,1225,1225,200,200
www.google.com,LB,Lebanon,mobile interim company 1 s.a.l.,,,,,,true,,56,CURLE_RECV_ERROR,"CONNECT tunnel failed, response 525",33,34,0,0,87,0,525
www.google.com,LT,Lithuania,tele2,,,,,,false,,56,CURLE_RECV_ERROR,"CONNECT tunnel failed, response 525",16,17,0,0,70,0,525
www.google.com,LT,Lithuania,tele2,,,,,,true,,56,CURLE_RECV_ERROR,"CONNECT tunnel failed, response 525",0,2,0,0,53,0,525
www.google.com,LB,Lebanon,mobile interim company 1 s.a.l.,,,,,,false,,56,CURLE_RECV_ERROR,"CONNECT tunnel failed, response 525",65,267,0,0,318,0,525
www.google.com,LR,Liberia,lonestar,37410,lonestar,37410,Lonestar Communications Corporation,true,false,,0,,,0,2,1020,1834,1835,200,200
www.google.com,LY,Libya,libyana-mobile,328286,libyana-mobile,328286,Libyana Mobile Phone Company JSC,true,true,,0,,,0,2,662,1129,1129,200,200
www.google.com,LU,Luxembourg,orange belgium,,,,,,false,,56,CURLE_RECV_ERROR,"CONNECT tunnel failed, response 525",0,2,0,0,53,0,525
www.google.com,LU,Luxembourg,orange belgium,,,,,,true,,56,CURLE_RECV_ERROR,"CONNECT tunnel failed, response 525",0,2,0,0,52,0,525
www.google.com,MO,Macao,companhia de telecomunicacoes de macau,,,,,,true,,56,CURLE_RECV_ERROR,"CONNECT tunnel failed, response 525",0,2,0,0,75,0,525
www.google.com,MO,Macao,companhia de telecomunicacoes de macau,,,,,,false,,56,CURLE_RECV_ERROR,"CONNECT tunnel failed, response 525",0,2,0,0,55,0,525
www.google.com,MO,Macao,china telecom macau company,,,,,,true,,56,CURLE_RECV_ERROR,"CONNECT tunnel failed, response 525",0,2,0,0,54,0,525
www.google.com,MO,Macao,china telecom macau company,,,,,,false,,56,CURLE_RECV_ERROR,"CONNECT tunnel failed, response 525",0,202,0,0,266,0,525
www.google.com,LT,Lithuania,bite lietuva,13194,bite lietuva,13194,"UAB ""Bite Lietuva""",true,false,,0,,,44,46,775,1119,1119,200,200
www.google.com,LT,Lithuania,tele2 lithuania,1257,tele2 lithuania,1257,Tele2 Sverige AB,true,false,,0,,,0,2,500,796,796,200,200
www.google.com,LT,Lithuania,telia lietuva,8764,telia lietuva,8764,"Telia Lietuva, AB",true,true,,0,,,0,2,428,644,644,200,200
www.google.com,MK,"Macedonia, the Former Yugoslav Republic of",a1 makedonija,,,,,,false,,56,CURLE_RECV_ERROR,"CONNECT tunnel failed, response 525",0,2,0,0,54,0,525
www.google.com,MG,Madagascar,telecom-malagasy,,,,,,false,,56,CURLE_RECV_ERROR,"CONNECT tunnel failed, response 525",0,2,0,0,49,0,525
www.google.com,MK,"Macedonia, the Former Yugoslav Republic of",a1 makedonija,,,,,,true,,56,CURLE_RECV_ERROR,"CONNECT tunnel failed, response 525",0,202,0,0,273,0,525
www.google.com,LU,Luxembourg,post luxembourg,6661,post luxembourg,6661,POST Luxembourg,true,true,,0,,,0,2,416,658,659,200,200
www.google.com,MG,Madagascar,telecom-malagasy,,,,,,true,,56,CURLE_RECV_ERROR,"CONNECT tunnel failed, response 525",0,2,0,0,49,0,525
www.google.com,MG,Madagascar,airtel madagascar,,,,,,true,,56,CURLE_RECV_ERROR,"CONNECT tunnel failed, response 525",0,2,0,0,56,0,525
www.google.com,MG,Madagascar,airtel madagascar,,,,,,false,,56,CURLE_RECV_ERROR,"CONNECT tunnel failed, response 525",0,2,0,0,55,0,525
www.google.com,LT,Lithuania,bite lietuva,13194,bite lietuva,13194,"UAB ""Bite Lietuva""",true,true,,0,,,0,2,622,1110,1110,200,200
www.google.com,LT,Lithuania,tele2 lithuania,1257,tele2 lithuania,1257,Tele2 Sverige AB,true,true,,0,,,0,2,513,814,815,200,200
www.google.com,LU,Luxembourg,post luxembourg,6661,post luxembourg,6661,POST Luxembourg,true,false,,0,,,0,2,400,616,616,200,200
www.google.com,MW,Malawi,afrimax,,,,,,true,,56,CURLE_RECV_ERROR,"CONNECT tunnel failed, response 525",0,2,0,0,54,0,525
www.google.com,MW,Malawi,afrimax,,,,,,false,,56,CURLE_RECV_ERROR,"CONNECT tunnel failed, response 525",0,1,0,0,56,0,525
www.google.com,MW,Malawi,airtel rwanda,,,,,,true,,56,CURLE_RECV_ERROR,"CONNECT tunnel failed, response 525",0,2,0,0,148,0,525
www.google.com,MK,"Macedonia, the Former Yugoslav Republic of",makedonski telekom ad-skopje,6821,makedonski telekom ad-skopje,6821,Makedonski Telekom AD-Skopje,true,true,,0,,,0,2,436,959,959,200,200
www.google.com,MW,Malawi,airtel rwanda,,,,,,false,,56,CURLE_RECV_ERROR,"CONNECT tunnel failed, response 525",0,202,0,0,320,0,525
www.google.com,LY,Libya,al-madar-al-jadeed,328200,al-madar-al-jadeed,328200,Al Madar Al Jadeed Joint Stock Company,true,false,,0,,,0,2,2235,3192,3193,200,200
www.google.com,MK,"Macedonia, the Former Yugoslav Republic of",makedonski telekom ad-skopje,6821,makedonski telekom ad-skopje,6821,Makedonski Telekom AD-Skopje,true,false,,0,,,0,2,423,946,947,200,200
www.google.com,LT,Lithuania,"telia lietuva, ab",8764,"telia lietuva, ab",,,,false,,0,,,0,2,1654,2154,2154,200,200
www.google.com,LT,Lithuania,"telia lietuva, ab",8764,"telia lietuva, ab",,,,true,,0,,,0,203,988,1471,1472,200,200
www.google.com,MY,Malaysia,celcomdigi,10030,celcomdigi,10030,Celcom Axiata Berhad,true,false,,0,,,0,2,710,1058,1058,200,200
www.google.com,MY,Malaysia,ytl communications sdn bhd,45960,ytl communications sdn bhd,45960,YTL Communications Sdn Bhd,true,true,,0,,,0,2,785,1163,1164,200,200
www.google.com,MY,Malaysia,maxis communications,9534,maxis communications,9534,Maxis Broadband Sdn Bhd,true,false,,0,,,0,2,916,1409,1409,200,200
www.google.com,MW,Malawi,tnm,37294,tnm,37294,TELEKOM NETWORKS MALAWI LTD,true,true,,0,,,0,2,1328,2397,2397,200,200
www.google.com,MY,Malaysia,ytl communications sdn bhd,45960,ytl communications sdn bhd,45960,YTL Communications Sdn Bhd,true,false,,0,,,41,42,830,1269,1269,200,200
www.google.com,MY,Malaysia,celcomdigi,10030,celcomdigi,10030,Celcom Axiata Berhad,true,true,,0,,,0,202,1549,1884,1884,200,200
www.google.com,MY,Malaysia,maxis communications,9534,maxis communications,9534,Maxis Broadband Sdn Bhd,true,true,,0,,,0,2,848,1727,1728,200,200
www.google.com,MV,Maldives,ooredoo maldives,,,,,,true,,56,CURLE_RECV_ERROR,"CONNECT tunnel failed, response 525",0,2,0,0,50,0,525
www.google.com,MV,Maldives,ooredoo maldives,,,,,,false,,56,CURLE_RECV_ERROR,"CONNECT tunnel failed, response 525",0,2,0,0,49,0,525
www.google.com,MV,Maldives,dhivehi raajjeyge gulhun (dhiraagu),,,,,,false,,56,CURLE_RECV_ERROR,"CONNECT tunnel failed, response 525",0,2,0,0,53,0,525
www.google.com,MV,Maldives,dhivehi raajjeyge gulhun (dhiraagu),,,,,,true,,56,CURLE_RECV_ERROR,"CONNECT tunnel failed, response 525",0,2,0,0,49,0,525
www.google.com,MG,Madagascar,orange madagascar,37037,orange madagascar,37037,Orange Madagascar,true,false,,0,,,0,2,1834,2963,2963,200,200
www.google.com,ML,Mali,sotelmabgp,,,,,,false,,56,CURLE_RECV_ERROR,"CONNECT tunnel failed, response 525",0,2,0,0,58,0,525
www.google.com,MW,Malawi,tnm,37294,tnm,37294,TELEKOM NETWORKS MALAWI LTD,true,false,,0,,,0,2,1384,2370,2370,200,200
www.google.com,ML,Mali,mali-atel,,,,,,true,,56,CURLE_RECV_ERROR,"CONNECT tunnel failed, response 525",0,2,0,0,57,0,525
www.google.com,ML,Mali,mali-atel,,,,,,false,,56,CURLE_RECV_ERROR,"CONNECT tunnel failed, response 525",0,2,0,0,56,0,525
www.google.com,ML,Mali,sotelmabgp,,,,,,true,,56,CURLE_RECV_ERROR,"CONNECT tunnel failed, response 525",0,2,0,0,56,0,525
www.google.com,MW,Malawi,airtel malawi,37440,airtel malawi,37440,Airtel Malawi Ltd,true,true,,0,,,0,2,1618,2795,2796,200,200
www.google.com,MW,Malawi,airtel malawi,37440,airtel malawi,37440,Airtel Malawi Ltd,true,false,,0,,,0,2,1513,2413,2414,200,200
www.google.com,LR,Liberia,orange liberia,37094,orange liberia,37094,"Orange Liberia, INC",true,false,,0,,,0,2,4479,6527,6527,200,200
www.google.com,MY,Malaysia,tm net,4788,tm net,4788,TM TECHNOLOGY SERVICES SDN BHD,true,false,,0,,,0,2,1222,1830,1831,200,200
www.google.com,MG,Madagascar,orange madagascar,37037,orange madagascar,37037,Orange Madagascar,true,true,,0,,,0,2,1525,3374,3375,200,200
www.google.com,MT,Malta,melita,,,,,,true,,56,CURLE_RECV_ERROR,"CONNECT tunnel failed, response 525",0,2,0,0,60,0,525
www.google.com,MQ,Martinique,free mobile,,,,,,true,,56,CURLE_RECV_ERROR,"CONNECT tunnel failed, response 525",0,2,0,0,50,0,525
www.google.com,MT,Malta,melita,,,,,,false,,56,CURLE_RECV_ERROR,"CONNECT tunnel failed, response 525",0,202,0,0,254,0,525
www.google.com,MY,Malaysia,celcomdigi berhad,4818,celcomdigi berhad,4818,"DiGi Telecommunications Sdn Bhd., Digi Internet Exchange",true,false,,0,,,0,202,1140,1505,1505,200,200
www.google.com,MQ,Martinique,free mobile,,,,,,false,,56,CURLE_RECV_ERROR,"CONNECT tunnel failed, response 525",0,2,0,0,54,0,525
www.google.com,MT,Malta,go malta,15735,go malta,15735,GO p.l.c.,true,false,,0,,,0,2,578,897,898,200,200
www.google.com,MQ,Martinique,outremer telecom,,,,,,true,,56,CURLE_RECV_ERROR,"CONNECT tunnel failed, response 525",0,2,0,0,54,0,525
www.google.com,MQ,Martinique,outremer telecom,,,,,,false,,56,CURLE_RECV_ERROR,"CONNECT tunnel failed, response 525",0,2,0,0,54,0,525
www.google.com,ML,Mali,orange mali,30985,orange mali,30985,IKATEL SA,true,false,,0,,,0,2,894,1333,1334,200,200
www.google.com,MT,Malta,go malta,15735,go malta,15735,GO p.l.c.,true,true,,0,,,0,2,521,849,849,200,200
www.google.com,MY,Malaysia,tm net,4788,tm net,4788,TM TECHNOLOGY SERVICES SDN BHD,true,true,,0,,,0,2,940,1544,1545,200,200
www.google.com,ML,Mali,orange mali,30985,orange mali,30985,IKATEL SA,true,true,,0,,,0,2,760,1118,1119,200,200
www.google.com,MT,Malta,epic communications ltd,33874,epic communications ltd,33874,Epic Communications Limited,true,false,,0,,,0,2,730,1173,1173,200,200
www.google.com,GY,Guyana,u mobile cellular inc.,52433,u mobile cellular inc.,,,,true,,56,CURLE_RECV_ERROR,Connection closed abruptly,0,2,15675,0,24962,0,200
www.google.com,MR,Mauritania,chinguitel,,,,,,false,,56,CURLE_RECV_ERROR,"CONNECT tunnel failed, response 525",1,2,0,0,55,0,525
www.google.com,MR,Mauritania,chinguitel,,,,,,true,,56,CURLE_RECV_ERROR,"CONNECT tunnel failed, response 525",0,2,0,0,51,0,525
www.google.com,MY,Malaysia,celcomdigi berhad,4818,celcomdigi berhad,4818,"DiGi Telecommunications Sdn Bhd., Digi Internet Exchange",true,true,,0,,,0,2,780,1232,1232,200,200
www.google.com,MU,Mauritius,mtml,,,,,,false,,56,CURLE_RECV_ERROR,"CONNECT tunnel failed, response 525",0,2,0,0,52,0,525
www.google.com,MQ,Martinique,orange,16028,orange,16028,Orange S.A.,true,false,,0,,,0,2,377,657,657,200,200
www.google.com,MU,Mauritius,mtml,,,,,,true,,56,CURLE_RECV_ERROR,"CONNECT tunnel failed, response 525",54,56,0,0,108,0,525
www.google.com,YT,Mayotte,sfr,,,,,,true,,56,CURLE_RECV_ERROR,"CONNECT tunnel failed, response 525",0,2,0,0,51,0,525
www.google.com,MT,Malta,epic communications ltd,33874,epic communications ltd,33874,Epic Communications Limited,true,true,,0,,,0,2,816,1352,1353,200,200
www.google.com,MQ,Martinique,orange,16028,orange,16028,Orange S.A.,true,true,,0,,,0,2,386,673,673,200,200
www.google.com,YT,Mayotte,sfr,,,,,,false,,56,CURLE_RECV_ERROR,"CONNECT tunnel failed, response 525",0,2,0,0,55,0,525
www.google.com,YT,Mayotte,free reunion,,,,,,false,,56,CURLE_RECV_ERROR,"CONNECT tunnel failed, response 525",0,1,0,0,50,0,525
www.google.com,YT,Mayotte,free reunion,,,,,,true,,56,CURLE_RECV_ERROR,"CONNECT tunnel failed, response 525",0,2,0,0,55,0,525
www.google.com,MR,Mauritania,mattel,37508,mattel,37508,MATTEL,true,false,,0,,,0,2,522,830,830,200,200
www.google.com,MQ,Martinique,digicel antilles francaises guyane,48252,digicel antilles francaises guyane,48252,DIGICEL ANTILLES FRANCAISES GUYANE SA,true,false,,0,,,56,57,622,1077,1077,200,200
www.google.com,MR,Mauritania,mattel,37508,mattel,37508,MATTEL,true,true,,0,,,1,2,538,838,838,200,200
www.google.com,MQ,Martinique,digicel antilles francaises guyane,48252,digicel antilles francaises guyane,48252,DIGICEL ANTILLES FRANCAISES GUYANE SA,true,true,,0,,,0,2,563,1149,1149,200,200
www.google.com,MX,Mexico,"altan redes, s.a.p.i. de c. v.",,,,,,false,,56,CURLE_RECV_ERROR,"CONNECT tunnel failed, response 525",0,2,0,0,56,0,525
www.google.com,MR,Mauritania,mauritel,29544,mauritel,29544,Mauritanian Telecommunication Company,true,false,,0,,,0,2,943,1594,1595,200,200
www.google.com,MX,Mexico,red compartida,265540,red compartida,265540,"ALTAN REDES, S.A.P.I. de C. V.",true,false,,0,,,0,2,502,901,901,200,200
www.google.com,LR,Liberia,orange liberia,37094,orange liberia,37094,"Orange Liberia, INC",true,true,,0,,,0,2,4207,6905,6906,200,200
www.google.com,MX,Mexico,"altan redes, s.a.p.i. de c. v.",,,,,,true,,56,CURLE_RECV_ERROR,"CONNECT tunnel failed, response 525",1,2,0,0,54,0,525
www.google.com,MX,Mexico,"mexico red de telecomunicaciones, s. de r.l. de c.",,,,,,false,,56,CURLE_RECV_ERROR,"CONNECT tunnel failed, response 525",0,2,0,0,57,0,525
www.google.com,MX,Mexico,"mexico red de telecomunicaciones, s. de r.l. de c.",,,,,,true,,56,CURLE_RECV_ERROR,"CONNECT tunnel failed, response 525",1,2,0,0,53,0,525
www.google.com,MD,"Moldova, Republic of",orange moldova,,,,,,false,,56,CURLE_RECV_ERROR,"CONNECT tunnel failed, response 525",0,2,0,0,54,0,525
www.google.com,MR,Mauritania,mauritel,29544,mauritel,29544,Mauritanian Telecommunication Company,true,true,,0,,,0,2,971,1694,1694,200,200
www.google.com,MX,Mexico,telcel,28403,telcel,28403,"RadioMovil Dipsa, S.A. de C.V.",true,false,,0,,,0,2,1085,1550,1550,200,200
www.google.com,MD,"Moldova, Republic of",orange moldova,,,,,,true,,56,CURLE_RECV_ERROR,"CONNECT tunnel failed, response 525",0,2,0,0,53,0,525
www.google.com,MX,Mexico,red compartida,265540,red compartida,265540,"ALTAN REDES, S.A.P.I. de C. V.",true,true,,0,,,0,2,826,1351,1351,200,200
www.google.com,MN,Mongolia,mobicom corporation,,,,,,false,,56,CURLE_RECV_ERROR,"CONNECT tunnel failed, response 525",0,2,0,0,50,0,525
www.google.com,MX,Mexico,telcel,28403,telcel,28403,"RadioMovil Dipsa, S.A. de C.V.",true,true,,0,,,0,2,546,1044,1044,200,200
www.google.com,MN,Mongolia,g-mobile corporation,,,,,,false,,56,CURLE_RECV_ERROR,"CONNECT tunnel failed, response 525",0,2,0,0,52,0,525
www.google.com,MN,Mongolia,g-mobile corporation,,,,,,true,,56,CURLE_RECV_ERROR,"CONNECT tunnel failed, response 525",0,2,0,0,51,0,525
www.google.com,MU,Mauritius,emtel,30999,emtel,30999,Emtel Ltd,true,false,,0,,,0,2,1600,2568,2569,200,200
www.google.com,MU,Mauritius,mauritius telecom,23889,mauritius telecom,23889,MauritiusTelecom,true,false,,0,,,0,2,1395,2531,2532,200,200
www.google.com,MN,Mongolia,mobicom corporation,,,,,,true,,56,CURLE_RECV_ERROR,"CONNECT tunnel failed, response 525",0,2,0,0,53,0,525
www.google.com,MD,"Moldova, Republic of",moldtelecom,8926,moldtelecom,8926,Moldtelecom SA,true,false,,0,,,0,2,536,817,818,200,200
www.google.com,MN,Mongolia,skymedia corporation,,,,,,false,,56,CURLE_RECV_ERROR,"CONNECT tunnel failed, response 525",0,2,0,0,55,0,525
www.google.com,MN,Mongolia,skymedia corporation,,,,,,true,,56,CURLE_RECV_ERROR,"CONNECT tunnel failed, response 525",0,2,0,0,59,0,525
www.google.com,MD,"Moldova, Republic of",moldtelecom,8926,moldtelecom,8926,Moldtelecom SA,true,true,,0,,,0,2,472,762,762,200,200
www.google.com,MU,Mauritius,mauritius telecom,23889,mauritius telecom,23889,MauritiusTelecom,true,true,,0,,,0,2,1435,2435,2435,200,200
www.google.com,MD,"Moldova, Republic of",moldcell s.a.,43925,moldcell s.a.,43925,MOLDCELL S.A.,true,false,,0,,,0,2,587,835,835,200,200
www.google.com,MD,"Moldova, Republic of",moldcell s.a.,43925,moldcell s.a.,43925,MOLDCELL S.A.,true,true,,0,,,0,2,508,764,764,200,200
www.google.com,MX,Mexico,movistar mexico,7438,movistar mexico,7438,"Pegaso PCS, S.A. de C.V.",true,true,,0,,,0,2,863,1284,1285,200,200
www.google.com,MU,Mauritius,emtel,30999,emtel,30999,Emtel Ltd,true,true,,0,,,0,2,1500,3118,3119,200,200
www.google.com,ME,Montenegro,one crna gora,,,,,,true,,56,CURLE_RECV_ERROR,"CONNECT tunnel failed, response 525",21,22,0,0,76,0,525
www.google.com,ME,Montenegro,one crna gora,,,,,,false,,56,CURLE_RECV_ERROR,"CONNECT tunnel failed, response 525",65,66,0,0,122,0,525
www.google.com,MX,Mexico,movistar mexico,7438,movistar mexico,7438,"Pegaso PCS, S.A. de C.V.",true,false,,0,,,0,2,933,1426,1427,200,200
www.google.com,ME,Montenegro,drustvo za telekomunikacije mtel,43940,drustvo za telekomunikacije mtel,43940,"Drustvo za telekomunikacije ""MTEL"" DOO",true,false,,0,,,0,2,536,869,869,200,200
www.google.com,ME,Montenegro,drustvo za telekomunikacije mtel,43940,drustvo za telekomunikacije mtel,43940,"Drustvo za telekomunikacije ""MTEL"" DOO",true,true,,0,,,1,2,474,786,786,200,200
www.google.com,MA,Morocco,orange morocco,36925,orange morocco,36925,MEDITELECOM,true,false,,0,,,0,2,434,944,944,200,200
www.google.com,ME,Montenegro,crnogorski telekom a.d.podgorica,8585,crnogorski telekom a.d.podgorica,8585,Crnogorski Telekom a.d.Podgorica,true,false,,0,,,0,2,915,1299,1299,200,200
www.google.com,MN,Mongolia,ondo,141681,ondo,141681,ONDO LLC,true,false,,0,,,0,2,1224,1791,1792,200,200
www.google.com,MZ,Mozambique,vodacom mozambique,,,,,,false,,56,CURLE_RECV_ERROR,"CONNECT tunnel failed, response 525",0,2,0,0,53,0,525
www.google.com,MZ,Mozambique,vodacom mozambique,,,,,,true,,56,CURLE_RECV_ERROR,"CONNECT tunnel failed, response 525",0,2,0,0,51,0,525
www.google.com,MA,Morocco,orange morocco,36925,orange morocco,36925,MEDITELECOM,true,true,,0,,,0,2,528,1031,1032,200,200
www.google.com,MA,Morocco,inwi,36884,inwi,36884,Wana Corporate,true,false,,0,,,0,2,719,1136,1137,200,200
www.google.com,ME,Montenegro,crnogorski telekom a.d.podgorica,8585,crnogorski telekom a.d.podgorica,8585,Crnogorski Telekom a.d.Podgorica,true,true,,0,,,0,2,720,1369,1369,200,200
www.google.com,MM,Myanmar,myanma posts and telecommunications,,,,,,false,,56,CURLE_RECV_ERROR,"CONNECT tunnel failed, response 525",0,2,0,0,52,0,525
www.google.com,MM,Myanmar,atom myanmar,,,,,,false,,56,CURLE_RECV_ERROR,"CONNECT tunnel failed, response 525",0,2,0,0,53,0,525
www.google.com,MM,Myanmar,atom myanmar,,,,,,true,,56,CURLE_RECV_ERROR,"CONNECT tunnel failed, response 525",0,2,0,0,53,0,525
www.google.com,MM,Myanmar,mytel,,,,,,false,,56,CURLE_RECV_ERROR,"CONNECT tunnel failed, response 525",0,1,0,0,52,0,525
www.google.com,MM,Myanmar,mytel,,,,,,true,,56,CURLE_RECV_ERROR,"CONNECT tunnel failed, response 525",0,1,0,0,54,0,525
www.google.com,MM,Myanmar,myanma posts and telecommunications,,,,,,true,,56,CURLE_RECV_ERROR,"CONNECT tunnel failed, response 525",0,1,0,0,51,0,525
www.google.com,MM,Myanmar,nine communications company,,,,,,false,,56,CURLE_RECV_ERROR,"CONNECT tunnel failed, response 525",0,2,0,0,59,0,525
www.google.com,MM,Myanmar,nine communications company,,,,,,true,,56,CURLE_RECV_ERROR,"CONNECT tunnel failed, response 525",0,2,0,0,54,0,525
www.google.com,MM,Myanmar,"telecom international myanmar co, ltd (mytel)",,,,,,false,,56,CURLE_RECV_ERROR,"CONNECT tunnel failed, response 525",0,2,0,0,55,0,525
www.google.com,MM,Myanmar,"telecom international myanmar co, ltd (mytel)",,,,,,true,,56,CURLE_RECV_ERROR,"CONNECT tunnel failed, response 525",0,2,0,0,55,0,525
www.google.com,MA,Morocco,maroc telecom,36903,maroc telecom,36903,Office National des Postes et Telecommunications ONPT (Maroc Telecom) / IAM,true,false,,0,,,0,3,707,1209,1209,200,200
www.google.com,MN,Mongolia,ondo,141681,ondo,141681,ONDO LLC,true,true,,0,,,0,1,1740,2288,2288,200,200
www.google.com,NA,Namibia,telecom namibia,,,,,,false,,56,CURLE_RECV_ERROR,"CONNECT tunnel failed, response 525",0,3,0,0,53,0,525
www.google.com,MX,Mexico,at&t mexico,28469,at&t mexico,28469,AT&T COMUNICACIONES DIGITALES S DE RL,true,true,,0,,,0,2,4411,5772,5772,200,200
www.google.com,NA,Namibia,telecom namibia,,,,,,true,,56,CURLE_RECV_ERROR,"CONNECT tunnel failed, response 525",0,2,0,0,50,0,525
www.google.com,MA,Morocco,inwi,36884,inwi,36884,Wana Corporate,true,true,,0,,,0,2,1756,2155,2155,200,200
www.google.com,MX,Mexico,at&t mexico,28469,at&t mexico,28469,AT&T COMUNICACIONES DIGITALES S DE RL,true,false,,0,,,0,2,3583,4705,4706,200,200
www.google.com,MA,Morocco,maroc telecom,36903,maroc telecom,36903,Office National des Postes et Telecommunications ONPT (Maroc Telecom) / IAM,true,true,,0,,,0,2,1780,2171,2171,200,200
www.google.com,MN,Mongolia,univision,17882,univision,17882,MCS Com Co Ltd,true,false,,0,,,0,2,1785,2791,2792,200,200
www.google.com,MZ,Mozambique,mcelisp,30619,mcelisp,30619,"TMCEL - Moçambique Telecom, SA",true,false,,0,,,0,2,954,2000,2001,200,200
www.google.com,NP,Nepal,nepal telecom,23752,nepal telecom,23752,Nepal Telecommunications Corporation,true,true,,0,,,56,59,922,1410,1411,200,200
www.google.com,NP,Nepal,nepal telecom,23752,nepal telecom,23752,Nepal Telecommunications Corporation,true,false,,0,,,0,2,829,1308,1308,200,200
www.google.com,MN,Mongolia,univision,17882,univision,17882,MCS Com Co Ltd,true,true,,0,,,0,1,3315,3900,3901,200,200
www.google.com,NP,Nepal,ncell,38565,ncell,38565,Ncell Pty. Ltd.,true,false,,0,,,0,2,1023,1634,1635,200,200
www.google.com,NL,Netherlands,ziggo,,,,,,false,,56,CURLE_RECV_ERROR,"CONNECT tunnel failed, response 525",0,1,0,0,57,0,525
www.google.com,MZ,Mozambique,movitel,37342,movitel,37342,"Movitel, SA",true,false,,0,,,0,2,1256,2772,2772,200,200
www.google.com,NL,Netherlands,ziggo,,,,,,true,,56,CURLE_RECV_ERROR,"CONNECT tunnel failed, response 525",0,2,0,0,55,0,525
www.google.com,NL,Netherlands,lycamobile,,,,,,false,,56,CURLE_RECV_ERROR,"CONNECT tunnel failed, response 525",0,2,0,0,51,0,525
www.google.com,NL,Netherlands,kpn,1136,kpn,1136,KPN B.V.,true,false,,0,,,0,2,426,632,633,200,200
www.google.com,NL,Netherlands,lycamobile,,,,,,true,,56,CURLE_RECV_ERROR,"CONNECT tunnel failed, response 525",0,2,0,0,53,0,525
www.google.com,NC,New Caledonia,opt-nc,,,,,,false,,56,CURLE_RECV_ERROR,"CONNECT tunnel failed, response 525",0,2,0,0,52,0,525
www.google.com,NC,New Caledonia,opt-nc,,,,,,true,,56,CURLE_RECV_ERROR,"CONNECT tunnel failed, response 525",0,2,0,0,53,0,525
www.google.com,NA,Namibia,mtc namibia,37009,mtc namibia,37009,"MTC - Mobile Telecommunications, Ltd.",true,false,,0,,,0,2,1129,2103,2103,200,200
www.google.com,MZ,Mozambique,movitel,37342,movitel,37342,"Movitel, SA",true,true,,0,,,0,2,1257,2148,2148,200,200
www.google.com,NZ,New Zealand,amuri,,,,,,true,,56,CURLE_RECV_ERROR,"CONNECT tunnel failed, response 525",0,2,0,0,54,0,525
www.google.com,NL,Netherlands,kpn,1136,kpn,1136,KPN B.V.,true,true,,0,,,0,2,314,523,523,200,200
www.google.com,NA,Namibia,mtc namibia,37009,mtc namibia,37009,"MTC - Mobile Telecommunications, Ltd.",true,true,,0,,,0,2,1174,2966,2967,200,200
www.google.com,MZ,Mozambique,mcelisp,30619,mcelisp,30619,"TMCEL - Moçambique Telecom, SA",true,true,,0,,,0,1,893,3192,3192,200,200
www.google.com,NZ,New Zealand,amuri,,,,,,false,,56,CURLE_RECV_ERROR,"CONNECT tunnel failed, response 525",0,2,0,0,55,0,525
www.google.com,NI,Nicaragua,tigo business nicaragua,,,,,,false,,56,CURLE_RECV_ERROR,"CONNECT tunnel failed, response 525",0,2,0,0,56,0,525
www.google.com,NL,Netherlands,vodafone libertel b.v.,33915,vodafone libertel b.v.,33915,Vodafone Libertel B.V.,true,false,,0,,,0,1,820,1146,1146,200,200
www.google.com,NI,Nicaragua,tigo business nicaragua,,,,,,true,,56,CURLE_RECV_ERROR,"CONNECT tunnel failed, response 525",0,2,0,0,53,0,525
www.google.com,NP,Nepal,ncell,38565,ncell,38565,Ncell Pty. Ltd.,true,true,,0,,,0,2,999,1605,1605,200,200
www.google.com,NE,Niger,airtel niger,,,,,,false,,56,CURLE_RECV_ERROR,"CONNECT tunnel failed, response 525",0,2,0,0,66,0,525
www.google.com,NE,Niger,orange niger,,,,,,false,,56,CURLE_RECV_ERROR,"CONNECT tunnel failed, response 525",0,2,0,0,54,0,525
www.google.com,NE,Niger,orange niger,,,,,,true,,56,CURLE_RECV_ERROR,"CONNECT tunnel failed, response 525",0,2,0,0,53,0,525
www.google.com,NE,Niger,airtel networks limited,,,,,,false,,56,CURLE_RECV_ERROR,"CONNECT tunnel failed, response 525",0,2,0,0,56,0,525
www.google.com,NE,Niger,airtel networks limited,,,,,,true,,56,CURLE_RECV_ERROR,"CONNECT tunnel failed, response 525",0,2,0,0,54,0,525
www.google.com,NL,Netherlands,odido netherlands,31615,odido netherlands,31615,Odido Netherlands B.V.,true,false,,0,,,0,2,802,1081,1081,200,200
www.google.com,NE,Niger,airtel rwanda,,,,,,false,,56,CURLE_RECV_ERROR,"CONNECT tunnel failed, response 525",0,2,0,0,56,0,525
www.google.com,NL,Netherlands,odido netherlands,31615,odido netherlands,31615,Odido Netherlands B.V.,true,true,,0,,,0,2,660,947,947,200,200
www.google.com,NE,Niger,airtel niger,,,,,,true,,56,CURLE_RECV_ERROR,"CONNECT tunnel failed, response 525",0,2,0,0,58,0,525
www.google.com,NE,Niger,airtel rwanda,,,,,,true,,56,CURLE_RECV_ERROR,"CONNECT tunnel failed, response 525",0,2,0,0,52,0,525
www.google.com,NE,Niger,sonitel,,,,,,false,,56,CURLE_RECV_ERROR,"CONNECT tunnel failed, response 525",0,2,0,0,52,0,525
www.google.com,NE,Niger,sonitel,,,,,,true,,56,CURLE_RECV_ERROR,"CONNECT tunnel failed, response 525",1,2,0,0,56,0,525
www.google.com,NL,Netherlands,vodafone libertel b.v.,33915,vodafone libertel b.v.,33915,Vodafone Libertel B.V.,true,true,,0,,,0,2,594,821,821,200,200
www.google.com,NI,Nicaragua,claro nicaragua,14754,claro nicaragua,14754,Telgua,true,false,,0,,,0,2,693,1142,1142,200,200
www.google.com,NI,Nicaragua,claro nicaragua,14754,claro nicaragua,14754,Telgua,true,true,,0,,,0,2,536,972,973,200,200
www.google.com,NZ,New Zealand,spark new zealand,4771,spark new zealand,4771,Spark New Zealand Trading Limited,true,false,,0,,,0,2,1176,1872,1873,200,200
www.google.com,NZ,New Zealand,2degrees,9790,2degrees,9790,Two Degrees Mobile Limited,true,true,,0,,,0,2,1175,1903,1904,200,200
www.google.com,NZ,New Zealand,one nz,9500,one nz,9500,One New Zealand Group Limited,true,false,,0,,,0,2,1400,2133,2134,200,200
www.google.com,NZ,New Zealand,spark new zealand,4771,spark new zealand,4771,Spark New Zealand Trading Limited,true,true,,0,,,44,45,1182,1802,1802,200,200
www.google.com,NZ,New Zealand,2degrees,9790,2degrees,9790,Two Degrees Mobile Limited,true,false,,0,,,0,2,1458,2092,2093,200,200
www.google.com,NG,Nigeria,airtel networks limited,36873,airtel networks limited,36873,Airtel Networks Limited,true,false,,0,,,0,2,841,1639,1639,200,200
www.google.com,NZ,New Zealand,one nz,9500,one nz,9500,One New Zealand Group Limited,true,true,,0,,,0,2,1409,2163,2164,200,200
www.google.com,NG,Nigeria,mtn nigeria,29465,mtn nigeria,29465,MTN NIGERIA Communication limited,true,false,,0,,,1,2,1045,1953,1953,200,200
www.google.com,MY,Malaysia,u mobile,38466,u mobile,38466,U Mobile Sdn Bhd,true,true,,56,CURLE_RECV_ERROR,Connection closed abruptly,0,2,19411,0,19457,0,200
www.google.com,NG,Nigeria,airtel networks limited,36873,airtel networks limited,36873,Airtel Networks Limited,true,true,,0,,,0,2,795,1719,1720,200,200
www.google.com,NG,Nigeria,smile nigeria,37637,smile nigeria,37637,Smile Communications Nigeria,true,false,,0,,,0,2,1028,1771,1772,200,200
www.google.com,NG,Nigeria,mtn nigeria,29465,mtn nigeria,29465,MTN NIGERIA Communication limited,true,true,,0,,,0,2,1114,2146,2146,200,200
www.google.com,NO,Norway,telia norge,25400,telia norge,12929,Telia Norge AS,false,false,,0,,,0,2,628,859,859,200,200
www.google.com,NO,Norway,telenor norge,2119,telenor norge,2119,Telenor Norge AS,true,false,,0,,,0,2,628,909,909,200,200
www.google.com,NO,Norway,telia norge,25400,telia norge,12929,Telia Norge AS,false,true,,0,,,0,2,545,761,761,200,200
www.google.com,NO,Norway,1global,,,,,,false,,56,CURLE_RECV_ERROR,"CONNECT tunnel failed, response 525",0,2,0,0,52,0,525
www.google.com,NO,Norway,1global,,,,,,true,,56,CURLE_RECV_ERROR,"CONNECT tunnel failed, response 525",0,2,0,0,51,0,525
www.google.com,NG,Nigeria,smile nigeria,37637,smile nigeria,37637,Smile Communications Nigeria,true,true,,0,,,0,2,1090,1825,1826,200,200
www.google.com,NG,Nigeria,spectranet,37340,spectranet,37340,SPECTRANET LIMITED,true,false,,0,,,0,1,1784,2669,2669,200,200
www.google.com,NO,Norway,lyse tele,203995,lyse tele,203995,Lyse Tele AS,true,false,,0,,,34,236,1084,1364,1364,200,200
www.google.com,NO,Norway,lyse tele,203995,lyse tele,203995,Lyse Tele AS,true,true,,0,,,0,2,741,1042,1043,200,200
www.google.com,NO,Norway,telenor norge,2119,telenor norge,2119,Telenor Norge AS,true,true,,0,,,0,2,518,861,861,200,200
www.google.com,NO,Norway,cogent communications,212449,cogent communications,212449,Erate AS,true,false,,0,,,0,2,941,1342,1343,200,200
www.google.com,NO,Norway,cogent communications,212449,cogent communications,212449,Erate AS,true,true,,0,,,1,2,611,944,944,200,200
www.google.com,NG,Nigeria,9mobile,37076,9mobile,37076,Emerging Markets Telecommunication Services (EMTS) Limited,true,true,,0,,,76,77,1167,2280,2280,200,200
www.google.com,NG,Nigeria,spectranet,37340,spectranet,37340,SPECTRANET LIMITED,true,true,,0,,,0,203,1776,2759,2760,200,200
www.google.com,NG,Nigeria,9mobile,37076,9mobile,37076,Emerging Markets Telecommunication Services (EMTS) Limited,true,false,,0,,,0,2,1387,2746,2746,200,200
www.google.com,OM,Oman,vodafone oman,212661,vodafone oman,212661,Oman Future Telecommunications Company SAOC,true,false,,0,,,0,2,1145,2142,2143,200,200
www.google.com,OM,Oman,omantel,28885,omantel,28885,Oman Telecommunications Company (S.A.O.G),true,false,,0,,,0,2,1295,2196,2196,200,200
www.google.com,OM,Oman,vodafone oman,212661,vodafone oman,212661,Oman Future Telecommunications Company SAOC,true,true,,0,,,0,2,1118,2012,2012,200,200
www.google.com,OM,Oman,ooredoo oman,50010,ooredoo oman,50010,Omani Qatari Telecommunications Company SAOC,true,true,,0,,,0,2,1023,1886,1887,200,200
www.google.com,PK,Pakistan,telenor,24499,telenor,24499,Telenor Pakistan (Pvt) Ltd,true,true,,0,,,0,2,1145,2196,2197,200,200
www.google.com,OM,Oman,omantel,28885,omantel,28885,Oman Telecommunications Company (S.A.O.G),true,true,,0,,,0,2,1191,2949,2949,200,200
www.google.com,OM,Oman,ooredoo oman,50010,ooredoo oman,50010,Omani Qatari Telecommunications Company SAOC,true,false,,0,,,0,404,1411,3389,3390,200,200
www.google.com,PK,Pakistan,multacom corporation,45669,multacom corporation,45669,"Mobilink GSM, Pakistan Mobile Communication Ltd.",true,false,,0,,,0,203,1358,2432,2432,200,200
www.google.com,PK,Pakistan,telehouse pvt ltd,,,,,,true,,56,CURLE_RECV_ERROR,"CONNECT tunnel failed, response 525",0,2,0,0,58,0,525
www.google.com,PK,Pakistan,telenor,24499,telenor,24499,Telenor Pakistan (Pvt) Ltd,true,false,,0,,,42,245,1330,2377,2378,200,200
www.google.com,PK,Pakistan,multacom corporation,45669,multacom corporation,45669,"Mobilink GSM, Pakistan Mobile Communication Ltd.",true,true,,0,,,0,2,1055,2133,2133,200,200
www.google.com,PK,Pakistan,ptcl,56167,ptcl,56167,PTML,true,true,,0,,,0,2,1525,2867,2867,200,200
www.google.com,PK,Pakistan,telehouse pvt ltd,,,,,,false,,56,CURLE_RECV_ERROR,"CONNECT tunnel failed, response 525",0,2,0,0,65,0,525
www.google.com,NI,Nicaragua,claro guatemala,,,,,,false,,56,CURLE_RECV_ERROR,"CONNECT tunnel failed, response 502",0,2,0,0,140,0,502
www.google.com,NI,Nicaragua,claro guatemala,,,,,,true,,56,CURLE_RECV_ERROR,"CONNECT tunnel failed, response 502",0,2,0,0,133,0,502
www.google.com,PK,Pakistan,ptcl,56167,ptcl,56167,PTML,true,false,,0,,,0,2,1410,2525,2526,200,200
www.google.com,MY,Malaysia,u mobile,38466,u mobile,38466,U Mobile Sdn Bhd,true,false,,28,CURLE_OPERATION_TIMEDOUT,Connection timed out after 30000 milliseconds,0,0,0,0,30000,0,200
www.google.com,PK,Pakistan,jazz,45669,jazz,45669,"Mobilink GSM, Pakistan Mobile Communication Ltd.",true,false,,0,,,0,2,1248,2361,2361,200,200
www.google.com,PK,Pakistan,originet (pvt.) ltd.,,,,,,false,,56,CURLE_RECV_ERROR,"CONNECT tunnel failed, response 525",0,2,0,0,61,0,525
www.google.com,PK,Pakistan,originet (pvt.) ltd.,,,,,,true,,56,CURLE_RECV_ERROR,"CONNECT tunnel failed, response 525",32,34,0,0,93,0,525
www.google.com,PK,Pakistan,zong,59257,zong,59257,CMPak Limited,true,true,,0,,,0,2,1344,2464,2465,200,200
www.google.com,PK,Pakistan,jazz,45669,jazz,45669,"Mobilink GSM, Pakistan Mobile Communication Ltd.",true,true,,0,,,0,2,1495,2738,2739,200,200
www.google.com,PS,"Palestine, State of",wataniya palestine mobile telecommunication compan,,,,,,false,,56,CURLE_RECV_ERROR,"CONNECT tunnel failed, response 525",0,2,0,0,55,0,525
www.google.com,PK,Pakistan,special communication organization,18053,special communication organization,18053,Special Communication Organization,true,false,,0,,,0,202,1771,2890,2890,200,200
www.google.com,PS,"Palestine, State of",wataniya palestine mobile telecommunication compan,,,,,,true,,56,CURLE_RECV_ERROR,"CONNECT tunnel failed, response 525",0,2,0,0,55,0,525
www.google.com,PK,Pakistan,paknet merged into ptcl,56167,paknet merged into ptcl,56167,PTML,true,true,,0,,,0,2,1159,2164,2164,200,200
www.google.com,PK,Pakistan,paknet merged into ptcl,56167,paknet merged into ptcl,56167,PTML,true,false,,0,,,0,2,1448,3624,3624,200,200
www.google.com,PK,Pakistan,pakistan mobile communication limited,45669,pakistan mobile communication limited,45669,"Mobilink GSM, Pakistan Mobile Communication Ltd.",true,false,,0,,,0,2,1201,2237,2238,200,200
www.google.com,PG,Papua New Guinea,digitec papua new guinea,,,,,,false,,56,CURLE_RECV_ERROR,"CONNECT tunnel failed, response 525",0,2,0,0,55,0,525
www.google.com,PK,Pakistan,zong,59257,zong,59257,CMPak Limited,true,false,,0,,,0,2,1660,2872,2872,200,200
www.google.com,PK,Pakistan,special communication organization,18053,special communication organization,18053,Special Communication Organization,true,true,,0,,,83,85,1390,2734,2734,200,200
www.google.com,PG,Papua New Guinea,digitec papua new guinea,,,,,,true,,56,CURLE_RECV_ERROR,"CONNECT tunnel failed, response 525",0,2,0,0,54,0,525
www.google.com,PK,Pakistan,pakistan mobile communication limited,45669,pakistan mobile communication limited,45669,"Mobilink GSM, Pakistan Mobile Communication Ltd.",true,true,,0,,,0,2,1265,2382,2382,200,200
www.google.com,PA,Panama,cable & wireless panama,11556,cable & wireless panama,11556,Cable & Wireless Panama,true,true,,0,,,0,2,534,875,876,200,200
www.google.com,PA,Panama,cable & wireless panama,11556,cable & wireless panama,11556,Cable & Wireless Panama,true,false,,0,,,0,2,565,1012,1012,200,200
www.google.com,PA,Panama,tigo panama,14709,tigo panama,14709,Cable Onda,true,false,,0,,,0,2,717,1234,1234,200,200
www.google.com,PA,Panama,tigo panama,14709,tigo panama,14709,Cable Onda,true,true,,0,,,0,2,509,1066,1067,200,200
www.google.com,PK,Pakistan,telenor pakistan,24499,telenor pakistan,24499,Telenor Pakistan (Pvt) Ltd,true,false,,0,,,0,2,1796,3002,3003,200,200
www.google.com,PY,Paraguay,personal paraguay,,,,,,false,,56,CURLE_RECV_ERROR,"CONNECT tunnel failed, response 502",55,57,0,0,152,0,502
www.google.com,PY,Paraguay,personal paraguay,,,,,,true,,56,CURLE_RECV_ERROR,"CONNECT tunnel failed, response 502",29,30,0,0,204,0,502
www.google.com,PY,Paraguay,claro paraguay,11664,claro paraguay,11664,Techtel LMDS Comunicaciones Interactivas S.A.,true,false,,0,,,0,2,691,1040,1040,200,200
www.google.com,PK,Pakistan,telenor pakistan,24499,telenor pakistan,24499,Telenor Pakistan (Pvt) Ltd,true,true,,0,,,0,2,1377,2835,2835,200,200
www.google.com,PS,"Palestine, State of",jawwal,29310,jawwal,29310,JAWWAL,true,true,,0,,,0,2,2176,3636,3637,200,200
www.google.com,PE,Peru,claro movil,,,,,,true,,56,CURLE_RECV_ERROR,"CONNECT tunnel failed, response 525",0,2,0,0,60,0,525
www.google.com,PY,Paraguay,claro paraguay,11664,claro paraguay,11664,Techtel LMDS Comunicaciones Interactivas S.A.,true,true,,0,,,0,2,692,1080,1080,200,200
www.google.com,PE,Peru,fibra movistar,,,,,,false,,56,CURLE_RECV_ERROR,"CONNECT tunnel failed, response 525",0,2,0,0,53,0,525
www.google.com,PY,Paraguay,compania paraguaya de comunicaciones s.a. copaco s,27866,compania paraguaya de comunicaciones s.a. copaco s,27866,CO.PA.CO.,true,false,,0,,,0,2,931,1311,1311,200,200
www.google.com,PE,Peru,fibra movistar,,,,,,true,,56,CURLE_RECV_ERROR,"CONNECT tunnel failed, response 525",0,2,0,0,56,0,525
www.google.com,PE,Peru,claro fibra coaxial,,,,,,false,,56,CURLE_RECV_ERROR,"CONNECT tunnel failed, response 525",0,2,0,0,58,0,525
www.google.com,PE,Peru,claro fibra coaxial,,,,,,true,,56,CURLE_RECV_ERROR,"CONNECT tunnel failed, response 525",0,2,0,0,58,0,525
www.google.com,PE,Peru,claro movil,,,,,,false,,56,CURLE_RECV_ERROR,"CONNECT tunnel failed, response 525",0,2,0,0,59,0,525
www.google.com,PG,Papua New Guinea,digicel png,58460,digicel png,58460,Digicel (PNG) Ltd,true,false,,0,,,0,2,1597,2506,2506,200,200
www.google.com,PE,Peru,movistar,6147,movistar,6147,Telefonica del Peru S.A.A.,true,false,,0,,,0,2,428,627,627,200,200
www.google.com,PS,"Palestine, State of",jawwal,29310,jawwal,29310,JAWWAL,true,false,,0,,,0,2,1555,3113,3113,200,200
www.google.com,PE,Peru,movistar,6147,movistar,6147,Telefonica del Peru S.A.A.,true,true,,0,,,0,2,443,634,634,200,200
www.google.com,PY,Paraguay,compania paraguaya de comunicaciones s.a. copaco s,27866,compania paraguaya de comunicaciones s.a. copaco s,27866,CO.PA.CO.,true,true,,0,,,0,2,791,1369,1369,200,200
www.google.com,PE,Peru,bitel,262210,bitel,262210,VIETTEL PERÚ S.A.C.,true,false,,0,,,0,2,476,736,736,200,200
www.google.com,PE,Peru,entel peru,21575,entel peru,21575,ENTEL PERU S.A.,true,true,,0,,,0,2,629,982,982,200,200
www.google.com,PG,Papua New Guinea,digicel png,58460,digicel png,58460,Digicel (PNG) Ltd,true,true,,0,,,1,202,2091,3179,3180,200,200
www.google.com,PG,Papua New Guinea,vodafone png,139898,vodafone png,139898,Digitec Communications Limited,true,false,,0,,,0,2,2346,3356,3357,200,200
www.google.com,PE,Peru,bitel,262210,bitel,262210,VIETTEL PERÚ S.A.C.,true,true,,0,,,0,1,524,751,751,200,200
www.google.com,PE,Peru,entel peru,21575,entel peru,21575,ENTEL PERU S.A.,true,false,,0,,,0,2,593,893,893,200,200
www.google.com,PE,Peru,claro peru,12252,claro peru,12252,America Movil Peru S.A.C.,true,false,,0,,,0,1,850,1235,1236,200,200
www.google.com,PG,Papua New Guinea,vodafone png,139898,vodafone png,139898,Digitec Communications Limited,true,true,,0,,,0,2,1559,2706,2706,200,200
www.google.com,PE,Peru,claro peru,12252,claro peru,12252,America Movil Peru S.A.C.,true,true,,0,,,0,2,654,969,970,200,200
www.google.com,NG,Nigeria,globacom,,,,,,false,,56,CURLE_RECV_ERROR,"CONNECT tunnel failed, response 502",0,2,0,0,9727,0,502
www.google.com,PE,Peru,movistar peru,6147,movistar peru,6147,Telefonica del Peru S.A.A.,true,false,,0,,,0,204,895,1202,1202,200,200
www.google.com,PH,Philippines,r & s technology,,,,,,false,,56,CURLE_RECV_ERROR,"CONNECT tunnel failed, response 525",0,2,0,0,59,0,525
www.google.com,PH,Philippines,r & s technology,,,,,,true,,56,CURLE_RECV_ERROR,"CONNECT tunnel failed, response 525",0,2,0,0,59,0,525
www.google.com,NG,Nigeria,globacom,,,,,,true,,56,CURLE_RECV_ERROR,"CONNECT tunnel failed, response 502",0,2,0,0,686,0,502
www.google.com,PH,Philippines,globe business gfiber broadband plan,132199,globe business gfiber broadband plan,132199,Globe Telecom Inc.,true,false,,0,,,54,55,929,1371,1371,200,200
www.google.com,PH,Philippines,smart communications,10139,smart communications,10139,"Smart Broadband, Inc.",true,false,,0,,,0,2,1045,1551,1551,200,200
www.google.com,PE,Peru,movistar peru,6147,movistar peru,6147,Telefonica del Peru S.A.A.,true,true,,0,,,0,2,597,882,883,200,200
www.google.com,PH,Philippines,globe business gfiber broadband plan,132199,globe business gfiber broadband plan,132199,Globe Telecom Inc.,true,true,,0,,,0,2,866,1329,1330,200,200
www.google.com,PH,Philippines,globe telecom,4775,globe telecom,4775,"Globe Telecom (GMCR,INC)",true,false,,0,,,0,2,1119,1676,1676,200,200
www.google.com,PL,Poland,plus poland,8374,plus poland,8374,Polkomtel Sp. z o.o.,true,true,,0,,,0,2,386,594,594,200,200
www.google.com,PL,Poland,t-mobile polska,12912,t-mobile polska,12912,T-Mobile Polska S.A.,true,false,,0,,,0,2,373,553,553,200,200
www.google.com,PL,Poland,comasoft,,,,,,false,,56,CURLE_RECV_ERROR,"CONNECT tunnel failed, response 525",0,2,0,0,71,0,525
www.google.com,PL,Poland,comasoft,,,,,,true,,56,CURLE_RECV_ERROR,"CONNECT tunnel failed, response 525",0,2,0,0,73,0,525
www.google.com,PL,Poland,t-mobile polska,12912,t-mobile polska,12912,T-Mobile Polska S.A.,true,true,,0,,,0,2,387,601,602,200,200
www.google.com,PH,Philippines,dito telecommunity,139831,dito telecommunity,139831,DITO TELECOMMUNITY CORP.,true,false,,0,,,0,2,854,1320,1320,200,200
www.google.com,PY,Paraguay,tigo paraguay,23201,tigo paraguay,23201,Telecel S.A.,true,true,,0,,,0,2,1795,2136,2136,200,200
www.google.com,PH,Philippines,globe telecom,4775,globe telecom,4775,"Globe Telecom (GMCR,INC)",true,true,,0,,,0,2,1028,1562,1563,200,200
www.google.com,PL,Poland,plus poland,8374,plus poland,8374,Polkomtel Sp. z o.o.,true,false,,0,,,0,2,375,573,574,200,200
www.google.com,PH,Philippines,smart communications,10139,smart communications,10139,"Smart Broadband, Inc.",true,true,,0,,,0,2,1026,1532,1533,200,200
www.google.com,PH,Philippines,dito telecommunity,139831,dito telecommunity,139831,DITO TELECOMMUNITY CORP.,true,true,,0,,,0,2,842,1292,1293,200,200
www.google.com,PL,Poland,play,39603,play,39603,P4 Sp. z o.o.,true,false,,0,,,0,2,458,692,692,200,200
www.google.com,PL,Poland,orange mobile,5617,orange mobile,5617,Orange Polska Spolka Akcyjna,true,true,,0,,,0,2,402,620,620,200,200
www.google.com,PT,Portugal,lycamobile,,,,,,false,,56,CURLE_RECV_ERROR,"CONNECT tunnel failed, response 525",0,2,0,0,56,0,525
www.google.com,PY,Paraguay,tigo paraguay,23201,tigo paraguay,23201,Telecel S.A.,true,false,,0,,,0,2,2968,3550,3550,200,200
www.google.com,PT,Portugal,lycamobile,,,,,,true,,56,CURLE_RECV_ERROR,"CONNECT tunnel failed, response 525",0,2,0,0,59,0,525
www.google.com,PL,Poland,play,39603,play,39603,P4 Sp. z o.o.,true,true,,0,,,0,2,565,809,809,200,200
www.google.com,PT,Portugal,vodafone portugal,12353,vodafone portugal,12353,Vodafone Portugal - Communicacoes Pessoais S.A.,true,false,,0,,,0,2,515,847,848,200,200
www.google.com,PL,Poland,orange mobile,5617,orange mobile,5617,Orange Polska Spolka Akcyjna,true,false,,0,,,0,2,420,652,653,200,200
www.google.com,PK,Pakistan,hazara communication,24499,hazara communication,24499,Telenor Pakistan (Pvt) Ltd,true,true,,0,,,0,2,8254,9937,9937,200,200
www.google.com,PT,Portugal,digi portugal,20879,digi portugal,20879,DIGI ROMANIA S.A.,true,false,,0,,,0,2,432,661,661,200,200
www.google.com,PT,Portugal,nos comunicacoes,2860,nos comunicacoes,2860,"NOS COMUNICACOES, S.A.",true,false,,0,,,0,2,517,829,829,200,200
www.google.com,PT,Portugal,meo,42863,meo,42863,MEO - SERVICOS DE COMUNICACOES E MULTIMEDIA S.A.,true,false,,0,,,0,2,605,1158,1158,200,200
www.google.com,PT,Portugal,meo,42863,meo,42863,MEO - SERVICOS DE COMUNICACOES E MULTIMEDIA S.A.,true,true,,0,,,0,2,478,781,781,200,200
www.google.com,PT,Portugal,vodafone portugal,12353,vodafone portugal,12353,Vodafone Portugal - Communicacoes Pessoais S.A.,true,true,,0,,,0,2,636,970,970,200,200
www.google.com,PT,Portugal,digi portugal,20879,digi portugal,20879,DIGI ROMANIA S.A.,true,true,,0,,,0,2,438,949,950,200,200
www.google.com,RE,Réunion,sfr,,,,,,true,,56,CURLE_RECV_ERROR,"CONNECT tunnel failed, response 525",0,2,0,0,56,0,525
www.google.com,PL,Poland,orange polska,5617,orange polska,5617,Orange Polska Spolka Akcyjna,true,true,,0,,,0,2,1213,2159,2159,200,200
www.google.com,RE,Réunion,sfr,,,,,,false,,56,CURLE_RECV_ERROR,"CONNECT tunnel failed, response 525",0,2,0,0,53,0,525
www.google.com,PT,Portugal,nos comunicacoes,2860,nos comunicacoes,2860,"NOS COMUNICACOES, S.A.",true,true,,0,,,0,2,555,1283,1283,200,200
www.google.com,PR,Puerto Rico,t-mobile usa,21928,t-mobile usa,21928,"T-Mobile USA, Inc.",true,false,,0,,,42,43,875,1083,1084,200,200
www.google.com,RE,Réunion,zeop,,,,,,false,,56,CURLE_RECV_ERROR,"CONNECT tunnel failed, response 525",0,2,0,0,53,0,525
www.google.com,PR,Puerto Rico,claro puerto rico,10396,claro puerto rico,10396,"DATACOM CARIBE, INC.",true,false,,0,,,0,2,545,1045,1045,200,200
www.google.com,PL,Poland,orange polska,5617,orange polska,5617,Orange Polska Spolka Akcyjna,true,false,,0,,,0,2,1335,1922,1922,200,200
www.google.com,RE,Réunion,zeop,,,,,,true,,56,CURLE_RECV_ERROR,"CONNECT tunnel failed, response 525",0,2,0,0,51,0,525
www.google.com,PR,Puerto Rico,t-mobile usa,21928,t-mobile usa,21928,"T-Mobile USA, Inc.",true,true,,0,,,0,2,335,529,529,200,200
www.google.com,PR,Puerto Rico,claro puerto rico,10396,claro puerto rico,10396,"DATACOM CARIBE, INC.",true,true,,0,,,0,2,510,894,894,200,200
www.google.com,PK,Pakistan,hazara communication,24499,hazara communication,24499,Telenor Pakistan (Pvt) Ltd,true,false,,0,,,0,2,10161,13773,13773,200,200
www.google.com,RO,Romania,orange romania communications,9050,orange romania communications,9050,Orange Romania S.A.,true,false,,0,,,0,2,359,522,522,200,200
www.google.com,QA,Qatar,vodafone qatar,48728,vodafone qatar,48728,Vodafone Qatar P.Q.S.C,true,true,,0,,,0,2,746,1419,1420,200,200
www.google.com,RO,Romania,orange romania communications,9050,orange romania communications,9050,Orange Romania S.A.,true,true,,0,,,0,2,341,517,517,200,200
www.google.com,QA,Qatar,vodafone qatar,48728,vodafone qatar,48728,Vodafone Qatar P.Q.S.C,true,false,,0,,,0,2,740,1398,1399,200,200
www.google.com,QA,Qatar,ooredoo qatar,8781,ooredoo qatar,8781,Ooredoo Q.S.C.,true,false,,0,,,0,2,999,1869,1869,200,200
www.google.com,RO,Romania,telekom romania mobile communications,35725,telekom romania mobile communications,35725,TELEKOM ROMANIA MOBILE COMMUNICATIONS S.A.,true,false,,0,,,0,2,674,1024,1024,200,200
www.google.com,RO,Romania,digi romania,8708,digi romania,8708,DIGI ROMANIA S.A.,true,false,,0,,,0,2,343,517,517,200,200
www.google.com,RO,Romania,telekom romania mobile communications,35725,telekom romania mobile communications,35725,TELEKOM ROMANIA MOBILE COMMUNICATIONS S.A.,true,true,,0,,,0,2,539,825,825,200,200
www.google.com,RO,Romania,digi romania,8708,digi romania,8708,DIGI ROMANIA S.A.,true,true,,0,,,0,2,323,500,501,200,200
www.google.com,RU,Russian Federation,novokuznetsk telecom,,,,,,false,,56,CURLE_RECV_ERROR,"CONNECT tunnel failed, response 525",0,2,0,0,77,0,525
www.google.com,RU,Russian Federation,novokuznetsk telecom,,,,,,true,,56,CURLE_RECV_ERROR,"CONNECT tunnel failed, response 525",0,2,0,0,76,0,525
www.google.com,RO,Romania,orange romania,8953,orange romania,8953,Orange Romania S.A.,true,false,,0,,,0,2,584,913,913,200,200
www.google.com,QA,Qatar,ooredoo qatar,8781,ooredoo qatar,8781,Ooredoo Q.S.C.,true,true,,0,,,0,2,954,1881,1881,200,200
www.google.com,PR,Puerto Rico,liberty pr,14638,liberty pr,14638,Liberty Communications of Puerto Rico LLC,true,false,,0,,,0,2,653,1066,1066,200,200
www.google.com,PR,Puerto Rico,liberty pr,14638,liberty pr,14638,Liberty Communications of Puerto Rico LLC,true,true,,0,,,0,2,487,951,951,200,200
www.google.com,RO,Romania,orange romania,8953,orange romania,8953,Orange Romania S.A.,true,true,,0,,,0,2,548,812,812,200,200
www.google.com,RO,Romania,vodafone romania,12302,vodafone romania,12302,Vodafone Romania S.A.,true,false,,0,,,0,2,514,856,856,200,200
www.google.com,RO,Romania,vodafone romania,12302,vodafone romania,12302,Vodafone Romania S.A.,true,true,,0,,,0,2,472,822,823,200,200
www.google.com,RU,Russian Federation,tele2 russia,12958,tele2 russia,12958,T2 Mobile LLC,true,false,,0,,,0,2,523,765,766,200,200
www.google.com,RU,Russian Federation,ozyorsk telecom cjsc.,,,,,,false,,56,CURLE_RECV_ERROR,"CONNECT tunnel failed, response 525",0,2,0,0,71,0,525
www.google.com,RU,Russian Federation,ozyorsk telecom cjsc.,,,,,,true,,56,CURLE_RECV_ERROR,"CONNECT tunnel failed, response 525",0,2,0,0,67,0,525
www.google.com,RU,Russian Federation,beeline,16345,beeline,16345,"PJSC ""Vimpelcom""",true,false,,0,,,90,92,581,819,819,200,200
www.google.com,RU,Russian Federation,ooo vtc-mobile,,,,,,false,,56,CURLE_RECV_ERROR,"CONNECT tunnel failed, response 525",0,2,0,0,73,0,525
www.google.com,RU,Russian Federation,ooo vtc-mobile,,,,,,true,,56,CURLE_RECV_ERROR,"CONNECT tunnel failed, response 525",0,2,0,0,77,0,525
www.google.com,RU,Russian Federation,tele2 russia,12958,tele2 russia,12958,T2 Mobile LLC,true,true,,0,,,0,2,460,695,695,200,200
www.google.com,RU,Russian Federation,tbank,205638,tbank,205638,"""TBANK"" JSC",true,true,,0,,,0,2,478,755,755,200,200
www.google.com,RU,Russian Federation,t-mob,,,,,,true,,56,CURLE_RECV_ERROR,"CONNECT tunnel failed, response 525",0,2,0,0,83,0,525
www.google.com,RE,Réunion,orange,199140,orange,199140,Orange S.A.,true,true,,0,,,0,2,1736,3045,3045,200,200
www.google.com,RU,Russian Federation,pjsc megafon,25159,pjsc megafon,25159,PJSC MegaFon,true,false,,0,,,0,2,532,731,731,200,200
www.google.com,RU,Russian Federation,t-mob,,,,,,false,,56,CURLE_RECV_ERROR,"CONNECT tunnel failed, response 525",0,2,0,0,98,0,525
www.google.com,RU,Russian Federation,jsc vainah telecom,49724,jsc vainah telecom,49724,CJSC Vainah Telecom,true,true,,0,,,50,51,986,1843,1843,200,200
www.google.com,RU,Russian Federation,rostelecom,42610,rostelecom,42610,PJSC Rostelecom,true,false,,0,,,0,2,334,528,528,200,200
www.google.com,RU,Russian Federation,isp balzer-telecom,,,,,,false,,56,CURLE_RECV_ERROR,"CONNECT tunnel failed, response 525",0,2,0,0,82,0,525
www.google.com,RU,Russian Federation,isp balzer-telecom,,,,,,true,,56,CURLE_RECV_ERROR,"CONNECT tunnel failed, response 525",0,2,0,0,70,0,525
www.google.com,RU,Russian Federation,rostelecom,42610,rostelecom,42610,PJSC Rostelecom,true,true,,0,,,0,2,345,490,490,200,200
www.google.com,RU,Russian Federation,citytelecom,,,,,,false,,56,CURLE_RECV_ERROR,"CONNECT tunnel failed, response 525",1,2,0,0,80,0,525
www.google.com,RU,Russian Federation,tbank,205638,tbank,205638,"""TBANK"" JSC",true,false,,0,,,0,2,477,765,765,200,200
www.google.com,RU,Russian Federation,citytelecom,,,,,,true,,56,CURLE_RECV_ERROR,"CONNECT tunnel failed, response 525",0,2,0,0,74,0,525
www.google.com,RU,Russian Federation,llc alfa-mobile,,,,,,true,,56,CURLE_RECV_ERROR,"CONNECT tunnel failed, response 525",0,2,0,0,83,0,525
www.google.com,RU,Russian Federation,llc alfa-mobile,,,,,,false,,56,CURLE_RECV_ERROR,"CONNECT tunnel failed, response 525",0,2,0,0,78,0,525
www.google.com,RU,Russian Federation,zao aquafon-gsm,,,,,,false,,56,CURLE_RECV_ERROR,"CONNECT tunnel failed, response 525",0,2,0,0,66,0,525
www.google.com,RE,Réunion,orange,199140,orange,199140,Orange S.A.,true,false,,0,,,0,2,1416,2636,2636,200,200
www.google.com,RU,Russian Federation,jsc vainah telecom,49724,jsc vainah telecom,49724,CJSC Vainah Telecom,true,false,,0,,,0,2,1491,2219,2219,200,200
www.google.com,RU,Russian Federation,megafon,31133,megafon,31133,PJSC MegaFon,true,false,,0,,,0,2,910,1333,1333,200,200
www.google.com,RU,Russian Federation,beeline,16345,beeline,16345,"PJSC ""Vimpelcom""",true,true,,0,,,0,2,447,679,679,200,200
www.google.com,RU,Russian Federation,jv a-mobile,50257,jv a-mobile,50257,JV A-Mobile Ltd.,true,false,,0,,,0,2,525,852,852,200,200
www.google.com,RU,Russian Federation,sberbank-telecom,,,,,,false,,56,CURLE_RECV_ERROR,"CONNECT tunnel failed, response 525",0,2,0,0,70,0,525
www.google.com,RU,Russian Federation,invest mobile,50265,invest mobile,50265,Invest Mobile LLC,true,true,,0,,,0,2,319,469,470,200,200
www.google.com,RU,Russian Federation,zao aquafon-gsm,,,,,,true,,56,CURLE_RECV_ERROR,"CONNECT tunnel failed, response 525",0,2,0,0,73,0,525
www.google.com,RU,Russian Federation,sberbank-telecom,,,,,,true,,56,CURLE_RECV_ERROR,"CONNECT tunnel failed, response 525",0,1,0,0,72,0,525
www.google.com,RU,Russian Federation,omskie kabelnye seti,,,,,,false,,56,CURLE_RECV_ERROR,"CONNECT tunnel failed, response 525",0,2,0,0,73,0,525
www.google.com,RU,Russian Federation,jv a-mobile,50257,jv a-mobile,50257,JV A-Mobile Ltd.,true,true,,0,,,0,2,496,764,764,200,200
www.google.com,RU,Russian Federation,omskie kabelnye seti,,,,,,true,,56,CURLE_RECV_ERROR,"CONNECT tunnel failed, response 525",0,2,0,0,77,0,525
www.google.com,RU,Russian Federation,megafon,31133,megafon,31133,PJSC MegaFon,true,true,,0,,,0,2,823,1233,1234,200,200
www.google.com,RU,Russian Federation,pjsc megafon,25159,pjsc megafon,25159,PJSC MegaFon,true,true,,0,,,0,2,427,618,618,200,200
www.google.com,RU,Russian Federation,trunkmobile,,,,,,false,,56,CURLE_RECV_ERROR,"CONNECT tunnel failed, response 525",0,2,0,0,81,0,525
www.google.com,RU,Russian Federation,tattelecom,,,,,,true,,56,CURLE_RECV_ERROR,"CONNECT tunnel failed, response 525",0,2,0,0,74,0,525
www.google.com,RU,Russian Federation,s.u.e. dpr republic operator of networks,204108,s.u.e. dpr republic operator of networks,204108,S.U.E. DPR Republic Operator of Networks,true,false,,0,,,0,2,906,1205,1205,200,200
www.google.com,RU,Russian Federation,mobile trend,,,,,,false,,56,CURLE_RECV_ERROR,"CONNECT tunnel failed, response 525",0,2,0,0,77,0,525
www.google.com,RU,Russian Federation,mobile trend,,,,,,true,,56,CURLE_RECV_ERROR,"CONNECT tunnel failed, response 525",0,2,0,0,81,0,525
www.google.com,RU,Russian Federation,trunkmobile,,,,,,true,,56,CURLE_RECV_ERROR,"CONNECT tunnel failed, response 525",0,1,0,0,73,0,525
www.google.com,RW,Rwanda,mtn rwanda,,,,,,true,,56,CURLE_RECV_ERROR,"CONNECT tunnel failed, response 525",0,1,0,0,47,0,525
www.google.com,RU,Russian Federation,tattelecom,,,,,,false,,56,CURLE_RECV_ERROR,"CONNECT tunnel failed, response 525",0,2,0,0,73,0,525
www.google.com,RW,Rwanda,mtn rwanda,,,,,,false,,56,CURLE_RECV_ERROR,"CONNECT tunnel failed, response 525",43,45,0,0,100,0,525
www.google.com,RU,Russian Federation,invest mobile,50265,invest mobile,50265,Invest Mobile LLC,true,false,,0,,,0,2,310,487,487,200,200
www.google.com,RU,Russian Federation,mts,8359,mts,8359,MTS PJSC,true,false,,0,,,0,2,3287,4358,4359,200,200
www.google.com,RU,Russian Federation,s.u.e. dpr republic operator of networks,204108,s.u.e. dpr republic operator of networks,204108,S.U.E. DPR Republic Operator of Networks,true,true,,0,,,0,2,815,1234,1234,200,200
www.google.com,RU,Russian Federation,ekaterinburg-2000,31499,ekaterinburg-2000,31499,Ekaterinburg-2000 LLC,true,false,,0,,,0,2,738,1035,1035,200,200
www.google.com,RU,Russian Federation,mts ojsc,48612,mts ojsc,48612,MTS PJSC,true,false,,0,,,71,73,679,970,970,200,200
www.google.com,RU,Russian Federation,mts ojsc,48612,mts ojsc,48612,MTS PJSC,true,true,,0,,,0,2,530,812,812,200,200
www.google.com,RU,Russian Federation,ekaterinburg-2000,31499,ekaterinburg-2000,31499,Ekaterinburg-2000 LLC,true,true,,0,,,0,2,569,855,856,200,200
www.google.com,RU,Russian Federation,mts,8359,mts,8359,MTS PJSC,true,true,,0,,,0,2,2293,2530,2531,200,200
www.google.com,KN,Saint Kitts and Nevis,flow,14813,flow,14813,Columbus Telecommunications (Barbados) Limited,true,false,,0,,,0,2,882,1255,1256,200,200
www.google.com,WS,Samoa,digicel samoa,,,,,,false,,56,CURLE_RECV_ERROR,"CONNECT tunnel failed, response 525",0,2,0,0,54,0,525
www.google.com,WS,Samoa,digicel samoa,,,,,,true,,56,CURLE_RECV_ERROR,"CONNECT tunnel failed, response 525",0,2,0,0,56,0,525
www.google.com,KN,Saint Kitts and Nevis,flow,14813,flow,14813,Columbus Telecommunications (Barbados) Limited,true,true,,0,,,0,2,576,952,953,200,200
www.google.com,LC,Saint Lucia,digicel saint lucia,33582,digicel saint lucia,33582,Digicel St.Lucia Ltd,true,false,,0,,,0,2,688,1224,1224,200,200
www.google.com,LC,Saint Lucia,digicel saint lucia,33582,digicel saint lucia,33582,Digicel St.Lucia Ltd,true,true,,0,,,0,1,598,1025,1026,200,200
www.google.com,MF,Saint Martin (French part),dauphin telecom,33392,dauphin telecom,33392,Dauphin Telecom,true,false,,0,,,0,2,467,919,919,200,200
www.google.com,MF,Saint Martin (French part),dauphin telecom,33392,dauphin telecom,33392,Dauphin Telecom,true,true,,0,,,0,2,429,833,833,200,200
www.google.com,RW,Rwanda,airtel rwanda,327707,airtel rwanda,327707,Airtel Rwanda Ltd,true,false,,0,,,0,1,1706,3395,3395,200,200
www.google.com,RW,Rwanda,airtel rwanda,327707,airtel rwanda,327707,Airtel Rwanda Ltd,true,true,,0,,,0,2,1766,2824,2825,200,200
www.google.com,LC,Saint Lucia,flow,14813,flow,14813,Columbus Telecommunications (Barbados) Limited,true,true,,0,,,0,1,2467,3296,3296,200,200
www.google.com,SA,Saudi Arabia,etihad salam telecom cjsc,35753,etihad salam telecom cjsc,35753,Integrated Telecom Co. Ltd,true,false,,0,,,0,1,855,1424,1424,200,200
www.google.com,SA,Saudi Arabia,zain saudi arabia,43766,zain saudi arabia,43766,Mobile Telecommunication Company Saudi Arabia Joint-Stock company,true,false,,0,,,0,2,761,1244,1244,200,200
www.google.com,LC,Saint Lucia,flow,14813,flow,14813,Columbus Telecommunications (Barbados) Limited,true,false,,0,,,0,2,1159,1694,1694,200,200
www.google.com,ST,Sao Tome and Principe,cst-net,328191,cst-net,328191,Companhia Santomense de Telecomunicacoes,true,true,,0,,,0,2,900,1718,1718,200,200
www.google.com,ST,Sao Tome and Principe,cst-net,328191,cst-net,328191,Companhia Santomense de Telecomunicacoes,true,false,,0,,,0,2,1003,2535,2535,200,200
www.google.com,SA,Saudi Arabia,zain saudi arabia,43766,zain saudi arabia,43766,Mobile Telecommunication Company Saudi Arabia Joint-Stock company,true,true,,0,,,0,2,956,2755,2755,200,200
www.google.com,SA,Saudi Arabia,etihad salam telecom cjsc,35753,etihad salam telecom cjsc,35753,Integrated Telecom Co. Ltd,true,true,,0,,,0,2,870,1448,1449,200,200
www.google.com,SN,Senegal,tigo senegal,37649,tigo senegal,37649,SAGA AFRICA HOLDINGS LIMITED,true,false,,0,,,0,2,762,1250,1250,200,200
www.google.com,SA,Saudi Arabia,stc saudi,39891,stc saudi,39891,Saudi Telecom Company JSC,true,false,,0,,,0,2,965,2710,2710,200,200
www.google.com,SN,Senegal,sonatel,8346,sonatel,8346,SONATEL-AS Autonomous System,true,false,,0,,,0,2,1200,1939,1939,200,200
www.google.com,SA,Saudi Arabia,stc saudi,39891,stc saudi,39891,Saudi Telecom Company JSC,true,true,,0,,,0,2,989,2628,2629,200,200
www.google.com,SN,Senegal,tigo senegal,37649,tigo senegal,37649,SAGA AFRICA HOLDINGS LIMITED,true,true,,0,,,0,2,694,1095,1095,200,200
www.google.com,SN,Senegal,sonatel,8346,sonatel,8346,SONATEL-AS Autonomous System,true,true,,0,,,0,2,830,1661,1661,200,200
www.google.com,RS,Serbia,telenor d.o.o.,15958,telenor d.o.o.,15958,CETIN Ltd. Belgrade,true,true,,0,,,39,41,553,841,841,200,200
www.google.com,SA,Saudi Arabia,mobily,35819,mobily,35819,"Etihad Etisalat, a joint stock company",true,true,,0,,,0,2,836,1682,1682,200,200
www.google.com,RS,Serbia,telenor d.o.o.,15958,telenor d.o.o.,15958,CETIN Ltd. Belgrade,true,false,,0,,,0,2,488,745,746,200,200
www.google.com,RS,Serbia,a1 srbija,44143,a1 srbija,44143,A1 Srbija d.o.o,true,false,,0,,,0,1,562,1135,1136,200,200
www.google.com,SN,Senegal,sudatel-senegal,37196,sudatel-senegal,37196,Sudatel Senegal,true,false,,0,,,0,2,1760,3008,3008,200,200
www.google.com,SC,Seychelles,cable & wireless (seychelles),,,,,,true,,56,CURLE_RECV_ERROR,"CONNECT tunnel failed, response 525",0,2,0,0,53,0,525
www.google.com,RS,Serbia,a1 srbija,44143,a1 srbija,44143,A1 Srbija d.o.o,true,true,,0,,,0,2,586,1166,1167,200,200
www.google.com,SC,Seychelles,cable & wireless (seychelles),,,,,,false,,56,CURLE_RECV_ERROR,"CONNECT tunnel failed, response 525",0,2,0,0,51,0,525
www.google.com,SC,Seychelles,airtelseychelles,,,,,,false,,56,CURLE_RECV_ERROR,"CONNECT tunnel failed, response 525",0,2,0,0,52,0,525
www.google.com,SC,Seychelles,airtelseychelles,,,,,,true,,56,CURLE_RECV_ERROR,"CONNECT tunnel failed, response 525",0,2,0,0,64,0,525
www.google.com,RS,Serbia,mts serbia,8400,mts serbia,8400,TELEKOM SRBIJA a.d.,true,true,,0,,,0,2,354,846,847,200,200
www.google.com,RS,Serbia,cetin belgrade,15958,cetin belgrade,15958,CETIN Ltd. Belgrade,true,false,,0,,,0,2,385,581,581,200,200
www.google.com,SA,Saudi Arabia,rcell,214707,rcell,214707,RCell LLC,true,true,,0,,,0,2,1145,2256,2257,200,200
www.google.com,RS,Serbia,mts serbia,8400,mts serbia,8400,TELEKOM SRBIJA a.d.,true,false,,0,,,0,2,401,890,890,200,200
www.google.com,SA,Saudi Arabia,rcell,214707,rcell,214707,RCell LLC,true,false,,0,,,0,2,1329,2360,2360,200,200
www.google.com,RS,Serbia,cetin belgrade,15958,cetin belgrade,15958,CETIN Ltd. Belgrade,true,true,,0,,,0,2,371,566,567,200,200
www.google.com,SG,Singapore,starhub mobile,,,,,,true,,56,CURLE_RECV_ERROR,"CONNECT tunnel failed, response 525",0,2,0,0,55,0,525
www.google.com,SG,Singapore,simba telecom,,,,,,false,,56,CURLE_RECV_ERROR,"CONNECT tunnel failed, response 525",0,2,0,0,57,0,525
www.google.com,SG,Singapore,simba telecom,,,,,,true,,56,CURLE_RECV_ERROR,"CONNECT tunnel failed, response 525",0,2,0,0,53,0,525
www.google.com,SG,Singapore,starhub mobile,,,,,,false,,56,CURLE_RECV_ERROR,"CONNECT tunnel failed, response 525",0,2,0,0,52,0,525
www.google.com,SN,Senegal,sudatel-senegal,37196,sudatel-senegal,37196,Sudatel Senegal,true,true,,0,,,0,2,1094,2359,2359,200,200
www.google.com,SG,Singapore,singtel mobile,,,,,,false,,56,CURLE_RECV_ERROR,"CONNECT tunnel failed, response 525",0,2,0,0,53,0,525
www.google.com,SG,Singapore,singtel mobile,,,,,,true,,56,CURLE_RECV_ERROR,"CONNECT tunnel failed, response 525",0,2,0,0,54,0,525
www.google.com,SA,Saudi Arabia,mobily,35819,mobily,35819,"Etihad Etisalat, a joint stock company",true,false,,0,,,0,2,935,1902,1902,200,200
www.google.com,SL,Sierra Leone,africell sierra leone,36988,africell sierra leone,36988,Africell Sierra Leone Limited,true,false,,0,,,0,2,923,1477,1477,200,200
www.google.com,SG,Singapore,m1,4773,m1,4773,M1 LIMITED,true,true,,0,,,0,2,779,1208,1208,200,200
www.google.com,RE,Réunion,telco oi,327697,telco oi,,,,true,,0,,,47,49,5239,6120,6120,200,200
www.google.com,SX,Sint Maarten (Dutch part),smitcoms n.v.,27781,smitcoms n.v.,27781,SMITCOMS N.V.,true,false,,0,,,57,59,832,1247,1247,200,200
www.google.com,SK,Slovakia,o2 slovakia,,,,,,false,,56,CURLE_RECV_ERROR,"CONNECT tunnel failed, response 525",0,2,0,0,54,0,525
www.google.com,SK,Slovakia,o2 slovakia,,,,,,true,,56,CURLE_RECV_ERROR,"CONNECT tunnel failed, response 525",0,2,0,0,55,0,525
www.google.com,SL,Sierra Leone,africell sierra leone,36988,africell sierra leone,36988,Africell Sierra Leone Limited,true,true,,0,,,0,2,1065,1792,1793,200,200
www.google.com,SK,Slovakia,orange slovensko,,,,,,false,,56,CURLE_RECV_ERROR,"CONNECT tunnel failed, response 525",0,2,0,0,50,0,525
www.google.com,SK,Slovakia,orange slovensko,,,,,,true,,56,CURLE_RECV_ERROR,"CONNECT tunnel failed, response 525",0,2,0,0,52,0,525
www.google.com,SG,Singapore,m1,4773,m1,4773,M1 LIMITED,true,false,,0,,,0,2,879,1248,1248,200,200
www.google.com,RE,Réunion,telco oi,327697,telco oi,,,,false,,0,,,59,60,10881,11929,11930,200,200
www.google.com,SX,Sint Maarten (Dutch part),smitcoms n.v.,27781,smitcoms n.v.,27781,SMITCOMS N.V.,true,true,,0,,,0,2,602,933,933,200,200
www.google.com,SI,Slovenia,t-2,,,,,,true,,56,CURLE_RECV_ERROR,"CONNECT tunnel failed, response 525",1,2,0,0,51,0,525
www.google.com,RU,Russian Federation,mcs,47204,mcs,,,,false,,0,,,0,2,567,824,824,200,200
www.google.com,SI,Slovenia,t-2,,,,,,false,,56,CURLE_RECV_ERROR,"CONNECT tunnel failed, response 525",0,2,0,0,277,0,525
www.google.com,SK,Slovakia,"swan, a.s.",5578,"swan, a.s.",5578,"SWAN, a.s.",true,true,,0,,,0,2,456,699,699,200,200
www.google.com,SK,Slovakia,slovak telekom,6855,slovak telekom,6855,"Slovak Telekom, a.s.",true,true,,0,,,0,2,478,810,810,200,200
www.google.com,SL,Sierra Leone,zain,37164,zain,37164,Orange (SL) Limited,true,false,,0,,,0,2,1836,3237,3237,200,200
www.google.com,SK,Slovakia,"swan, a.s.",5578,"swan, a.s.",5578,"SWAN, a.s.",true,false,,0,,,0,2,450,688,689,200,200
www.google.com,SB,Solomon Islands,solomon telekom,,,,,,true,,56,CURLE_RECV_ERROR,"CONNECT tunnel failed, response 525",0,2,0,0,48,0,525
www.google.com,SB,Solomon Islands,solomon telekom,,,,,,false,,56,CURLE_RECV_ERROR,"CONNECT tunnel failed, response 525",1,203,0,0,249,0,525
www.google.com,SK,Slovakia,slovak telekom,6855,slovak telekom,6855,"Slovak Telekom, a.s.",true,false,,0,,,0,2,468,789,789,200,200
www.google.com,SO,Somalia,golis-telecom,,,,,,false,,56,CURLE_RECV_ERROR,"CONNECT tunnel failed, response 525",0,2,0,0,54,0,525
www.google.com,SO,Somalia,golis-telecom,,,,,,true,,56,CURLE_RECV_ERROR,"CONNECT tunnel failed, response 525",0,2,0,0,55,0,525
www.google.com,SI,Slovenia,a1 slovenija,21283,a1 slovenija,21283,"A1 Slovenija telekomunikacijske storitve,d.d.",true,false,,0,,,0,2,495,761,762,200,200
www.google.com,SO,Somalia,hormuud,,,,,,false,,56,CURLE_RECV_ERROR,"CONNECT tunnel failed, response 525",0,1,0,0,53,0,525
www.google.com,SO,Somalia,somtel,,,,,,false,,56,CURLE_RECV_ERROR,"CONNECT tunnel failed, response 525",0,2,0,0,54,0,525
www.google.com,SO,Somalia,somtel,,,,,,true,,56,CURLE_RECV_ERROR,"CONNECT tunnel failed, response 525",0,2,0,0,53,0,525
www.google.com,SL,Sierra Leone,qcell,328297,qcell,328297,QCell (SL) Limited,true,false,,0,,,0,2,1134,1775,1776,200,200
www.google.com,SO,Somalia,somtel-somalia,,,,,,false,,56,CURLE_RECV_ERROR,"CONNECT tunnel failed, response 525",0,2,0,0,54,0,525
www.google.com,SI,Slovenia,a1 slovenija,21283,a1 slovenija,21283,"A1 Slovenija telekomunikacijske storitve,d.d.",true,true,,0,,,0,2,440,692,692,200,200
www.google.com,SO,Somalia,somtel-somalia,,,,,,true,,56,CURLE_RECV_ERROR,"CONNECT tunnel failed, response 525",0,2,0,0,54,0,525
www.google.com,SO,Somalia,hormuud,,,,,,true,,56,CURLE_RECV_ERROR,"CONNECT tunnel failed, response 525",0,2,0,0,53,0,525
www.google.com,ZA,South Africa,rain,,,,,,false,,56,CURLE_RECV_ERROR,"CONNECT tunnel failed, response 525",0,2,0,0,65,0,525
www.google.com,SL,Sierra Leone,zain,37164,zain,37164,Orange (SL) Limited,true,true,,0,,,0,2,1769,2990,2991,200,200
www.google.com,ZA,South Africa,rain,,,,,,true,,56,CURLE_RECV_ERROR,"CONNECT tunnel failed, response 525",0,1,0,0,69,0,525
www.google.com,SL,Sierra Leone,qcell,328297,qcell,328297,QCell (SL) Limited,true,true,,0,,,0,2,1162,1930,1930,200,200
www.google.com,ZA,South Africa,mtn business solutions,,,,,,false,,56,CURLE_RECV_ERROR,"CONNECT tunnel failed, response 525",0,2,0,0,74,0,525
www.google.com,ZA,South Africa,mtn business solutions,,,,,,true,,56,CURLE_RECV_ERROR,"CONNECT tunnel failed, response 525",0,2,0,0,74,0,525
www.google.com,ZA,South Africa,afrihost-sp,,,,,,false,,56,CURLE_RECV_ERROR,"CONNECT tunnel failed, response 525",0,2,0,0,74,0,525
www.google.com,SI,Slovenia,telekom slovenije,5603,telekom slovenije,5603,"Telekom Slovenije, d.d.",true,false,,0,,,0,2,585,1191,1192,200,200
www.google.com,ZA,South Africa,afrihost-sp,,,,,,true,,56,CURLE_RECV_ERROR,"CONNECT tunnel failed, response 525",0,2,0,0,74,0,525
www.google.com,SI,Slovenia,telekom slovenije,5603,telekom slovenije,5603,"Telekom Slovenije, d.d.",true,true,,0,,,0,2,585,1193,1193,200,200
www.google.com,SO,Somalia,telesom,37473,telesom,37473,Telesom,true,true,,0,,,0,2,934,1778,1778,200,200
www.google.com,SI,Slovenia,telemach,3212,telemach,3212,Telemach Slovenija d.o.o.,true,true,,0,,,0,2,1700,2082,2083,200,200
www.google.com,SO,Somalia,telesom,37473,telesom,37473,Telesom,true,false,,0,,,84,86,1275,2054,2054,200,200
www.google.com,RU,Russian Federation,mcs,47204,mcs,,,,true,,0,,,0,2,533,818,818,200,200
www.google.com,SI,Slovenia,telemach,3212,telemach,3212,Telemach Slovenija d.o.o.,true,false,,0,,,0,2,963,1833,1833,200,200
www.google.com,SS,South Sudan,telecom-4g,,,,,,true,,56,CURLE_RECV_ERROR,"CONNECT tunnel failed, response 525",0,2,0,0,54,0,525
www.google.com,SS,South Sudan,mtn south sudan,,,,,,false,,56,CURLE_RECV_ERROR,"CONNECT tunnel failed, response 525",0,2,0,0,56,0,525
www.google.com,ZA,South Africa,telkom internet,37457,telkom internet,37457,Telkom SA Ltd.,true,true,,0,,,0,202,1230,2233,2234,200,200
www.google.com,ZA,South Africa,mtn sa mobile,12091,mtn sa mobile,12091,MTN SA,true,true,,0,,,0,2,1136,2064,2064,200,200
www.google.com,SS,South Sudan,mtn south sudan,,,,,,true,,56,CURLE_RECV_ERROR,"CONNECT tunnel failed, response 525",0,2,0,0,55,0,525
www.google.com,SS,South Sudan,telecom-4g,,,,,,false,,56,CURLE_RECV_ERROR,"CONNECT tunnel failed, response 525",0,2,0,0,56,0,525
www.google.com,ZA,South Africa,telkom internet,37457,telkom internet,37457,Telkom SA Ltd.,true,false,,0,,,0,2,1095,1979,1980,200,200
www.google.com,ZA,South Africa,vodacom,29975,vodacom,29975,Vodacom,true,false,,0,,,0,2,1160,2078,2078,200,200
www.google.com,ZA,South Africa,mtn sa mobile,12091,mtn sa mobile,12091,MTN SA,true,false,,0,,,1,2,1275,2362,2362,200,200
www.google.com,RO,Romania,digi romania business,,,8708,DIGI ROMANIA S.A.,,true,,56,CURLE_RECV_ERROR,"CONNECT tunnel failed, response 500",0,2,0,0,16216,0,500
www.google.com,ZA,South Africa,vodacom,29975,vodacom,29975,Vodacom,true,true,,0,,,0,2,1172,2133,2134,200,200
www.google.com,ZA,South Africa,telkom limited,37457,telkom limited,37457,Telkom SA Ltd.,true,true,,0,,,0,1,1536,2543,2544,200,200
www.google.com,ES,Spain,digi spain,57269,digi spain,57269,DIGI SPAIN TELECOM S.L.U.,true,false,,0,,,0,2,571,887,887,200,200
www.google.com,SO,Somalia,amtel,328319,amtel,328319,AMTEL LTD,true,false,,0,,,0,2,1433,4583,4583,200,200
www.google.com,ES,Spain,digi spain,57269,digi spain,57269,DIGI SPAIN TELECOM S.L.U.,true,true,,0,,,0,2,667,984,985,200,200
www.google.com,ZA,South Africa,cell c,37168,cell c,37168,Cell C (Pty) Ltd,true,false,,0,,,0,2,1241,2136,2136,200,200
www.google.com,SO,Somalia,amtel,328319,amtel,328319,AMTEL LTD,true,true,,0,,,0,202,3253,4086,4087,200,200
www.google.com,ES,Spain,yoigo,15704,yoigo,15704,XTRA TELECOM S.A.,true,false,,0,,,0,2,841,1568,1568,200,200
www.google.com,ES,Spain,jazztel,,,,,,false,,56,CURLE_RECV_ERROR,"CONNECT tunnel failed, response 525",0,2,0,0,60,0,525
www.google.com,ES,Spain,jazztel,,,,,,true,,56,CURLE_RECV_ERROR,"CONNECT tunnel failed, response 525",0,2,0,0,57,0,525
www.google.com,ZA,South Africa,telkom limited,37457,telkom limited,37457,Telkom SA Ltd.,true,false,,0,,,0,2,1255,2189,2189,200,200
www.google.com,ZA,South Africa,cell c,37168,cell c,37168,Cell C (Pty) Ltd,true,true,,0,,,0,2,1062,1963,1964,200,200
www.google.com,ES,Spain,"procono, s.a.",,,,,,true,,56,CURLE_RECV_ERROR,"CONNECT tunnel failed, response 525",0,2,0,0,55,0,525
www.google.com,ES,Spain,orange espana,12479,orange espana,12479,Orange Espagne SA,true,false,,0,,,0,2,1456,1793,1794,200,200
www.google.com,ES,Spain,"procono, s.a.",,,,,,false,,56,CURLE_RECV_ERROR,"CONNECT tunnel failed, response 525",0,2,0,0,61,0,525
www.google.com,ES,Spain,avatel telecom,,,,,,false,,56,CURLE_RECV_ERROR,"CONNECT tunnel failed, response 525",0,2,0,0,58,0,525
www.google.com,ES,Spain,zinnia telecomunicaciones sl.,,,,,,false,,56,CURLE_RECV_ERROR,"CONNECT tunnel failed, response 525",0,2,0,0,58,0,525
www.google.com,ES,Spain,yoigo,15704,yoigo,15704,XTRA TELECOM S.A.,true,true,,0,,,0,2,969,1647,1647,200,200
www.google.com,ES,Spain,zinnia telecomunicaciones sl.,,,,,,true,,56,CURLE_RECV_ERROR,"CONNECT tunnel failed, response 525",0,2,0,0,57,0,525
www.google.com,LK,Sri Lanka,mobitel,,,,,,true,,56,CURLE_RECV_ERROR,"CONNECT tunnel failed, response 525",0,2,0,0,54,0,525
www.google.com,ES,Spain,avatel telecom,,,,,,true,,56,CURLE_RECV_ERROR,"CONNECT tunnel failed, response 525",0,2,0,0,59,0,525
www.google.com,ES,Spain,digi spain telecom,57269,digi spain telecom,57269,DIGI SPAIN TELECOM S.L.U.,true,false,,0,,,0,2,474,750,750,200,200
www.google.com,LK,Sri Lanka,mobitel,,,,,,false,,56,CURLE_RECV_ERROR,"CONNECT tunnel failed, response 525",0,2,0,0,53,0,525
www.google.com,ES,Spain,telefonica de espana,3352,telefonica de espana,3352,TELEFONICA DE ESPANA S.A.U.,true,false,,0,,,0,1,683,1203,1203,200,200
www.google.com,ES,Spain,digi spain telecom,57269,digi spain telecom,57269,DIGI SPAIN TELECOM S.L.U.,true,true,,0,,,0,2,412,693,693,200,200
www.google.com,ES,Spain,telefonica de espana,3352,telefonica de espana,3352,TELEFONICA DE ESPANA S.A.U.,true,true,,0,,,0,2,643,1076,1077,200,200
www.google.com,ES,Spain,aire networks,29119,aire networks,29119,AIRE NETWORKS DEL MEDITERRANEO SL UNIPERSONAL,true,false,,0,,,0,2,390,870,870,200,200
www.google.com,ES,Spain,aire networks,29119,aire networks,29119,AIRE NETWORKS DEL MEDITERRANEO SL UNIPERSONAL,true,true,,0,,,0,2,465,735,736,200,200
www.google.com,ES,Spain,orange espana,12479,orange espana,,,,true,,0,,,104,105,1993,2603,2604,200,200
www.google.com,SD,Sudan,sudatel,15706,sudatel,15706,Sudatel Telecom Group,true,false,,0,,,0,2,645,1015,1015,200,200
www.google.com,SD,Sudan,sudatel,15706,sudatel,15706,Sudatel Telecom Group,true,true,,0,,,0,2,691,1042,1042,200,200
www.google.com,SR,Suriname,telesur,,,,,,true,,56,CURLE_RECV_ERROR,"CONNECT tunnel failed, response 525",0,2,0,0,51,0,525
www.google.com,SR,Suriname,telesur,,,,,,false,,56,CURLE_RECV_ERROR,"CONNECT tunnel failed, response 525",0,1,0,0,54,0,525
www.google.com,LK,Sri Lanka,hutch sri lanka,17470,hutch sri lanka,17470,Hutchison Telecommunications Lanka (Private) Limited,true,true,,0,,,0,2,1546,2364,2364,200,200
www.google.com,SD,Sudan,mtn sudan,36972,mtn sudan,36972,MTN SUDAN,true,false,,0,,,0,2,1548,2638,2638,200,200
www.google.com,SZ,Eswatini,swazi mobile,,,,,,true,,56,CURLE_RECV_ERROR,"CONNECT tunnel failed, response 525",0,2,0,0,52,0,525
www.google.com,SZ,Eswatini,swazi mobile,,,,,,false,,56,CURLE_RECV_ERROR,"CONNECT tunnel failed, response 525",0,2,0,0,51,0,525
www.google.com,LK,Sri Lanka,hutch sri lanka,17470,hutch sri lanka,17470,Hutchison Telecommunications Lanka (Private) Limited,true,false,,0,,,78,80,1578,2308,2309,200,200
www.google.com,SD,Sudan,mtn sudan,36972,mtn sudan,36972,MTN SUDAN,true,true,,0,,,0,1,1337,2456,2456,200,200
www.google.com,SE,Sweden,hi3g access,44034,hi3g access,44034,Hi3G Access AB,true,true,,0,,,0,2,362,521,521,200,200
www.google.com,SE,Sweden,lycamobile,,,,,,false,,56,CURLE_RECV_ERROR,"CONNECT tunnel failed, response 525",0,2,0,0,61,0,525
www.google.com,SE,Sweden,lycamobile,,,,,,true,,56,CURLE_RECV_ERROR,"CONNECT tunnel failed, response 525",0,2,0,0,61,0,525
www.google.com,SE,Sweden,gotalandsnatet,,,,,,false,,56,CURLE_RECV_ERROR,"CONNECT tunnel failed, response 525",0,2,0,0,61,0,525
www.google.com,SE,Sweden,gotalandsnatet,,,,,,true,,56,CURLE_RECV_ERROR,"CONNECT tunnel failed, response 525",0,2,0,0,63,0,525
www.google.com,ES,Spain,telefonica de espana static ip,3352,telefonica de espana static ip,3352,TELEFONICA DE ESPANA S.A.U.,true,false,,0,,,0,2,1376,2318,2318,200,200
www.google.com,SE,Sweden,hi3g access,44034,hi3g access,44034,Hi3G Access AB,true,false,,0,,,36,38,353,514,514,200,200
www.google.com,ES,Spain,telefonica de espana static ip,3352,telefonica de espana static ip,3352,TELEFONICA DE ESPANA S.A.U.,true,true,,0,,,0,2,1849,2471,2471,200,200
www.google.com,SZ,Eswatini,swazimtn-ltd,327765,swazimtn-ltd,327765,Swazi MTN Ltd,true,false,,0,,,0,2,1458,2676,2677,200,200
www.google.com,RO,Romania,digi romania business,8708,digi romania business,,,,false,,28,CURLE_OPERATION_TIMEDOUT,Connection timed out after 30000 milliseconds,0,0,0,0,30000,0,200
www.google.com,SD,Sudan,zain sudan,36998,zain sudan,36998,Sudanese Mobile Telephone (ZAIN) Co Ltd,true,false,,0,,,0,2,4603,5462,5463,200,200
www.google.com,SE,Sweden,tele2 sweden,1257,tele2 sweden,1257,Tele2 Sverige AB,true,false,,0,,,0,2,516,756,756,200,200
www.google.com,SZ,Eswatini,swazimtn-ltd,327765,swazimtn-ltd,327765,Swazi MTN Ltd,true,true,,0,,,73,74,1510,2394,2394,200,200
www.google.com,SE,Sweden,telenor sverige,8434,telenor sverige,8434,Telenor Sverige AB,true,true,,0,,,0,2,465,729,729,200,200
www.google.com,SE,Sweden,telenor sverige,8434,telenor sverige,8434,Telenor Sverige AB,true,false,,0,,,0,2,469,691,691,200,200
www.google.com,SE,Sweden,tele2 sweden,1257,tele2 sweden,1257,Tele2 Sverige AB,true,true,,0,,,0,2,498,754,754,200,200
www.google.com,SE,Sweden,telia mobile,3301,telia mobile,3301,Telia Company AB,true,false,,0,,,0,2,480,752,752,200,200
www.google.com,CH,Switzerland,sunrise,6730,sunrise,6730,Sunrise GmbH,true,true,,0,,,0,2,485,679,679,200,200
www.google.com,SE,Sweden,telia mobile,3301,telia mobile,3301,Telia Company AB,true,true,,0,,,0,2,443,727,728,200,200
www.google.com,SD,Sudan,zain sudan,36998,zain sudan,36998,Sudanese Mobile Telephone (ZAIN) Co Ltd,true,true,,0,,,0,2,3723,4942,4942,200,200
www.google.com,SY,Syrian Arab Republic,syrian telecom,,,,,,false,,56,CURLE_RECV_ERROR,"CONNECT tunnel failed, response 525",0,2,0,0,55,0,525
www.google.com,CH,Switzerland,sunrise,6730,sunrise,6730,Sunrise GmbH,true,false,,0,,,0,2,384,576,576,200,200
www.google.com,CH,Switzerland,salt mobile,15796,salt mobile,15796,Salt Mobile SA,true,true,,0,,,1,2,451,658,658,200,200
www.google.com,SY,Syrian Arab Republic,syrian telecom,,,,,,true,,56,CURLE_RECV_ERROR,"CONNECT tunnel failed, response 525",68,69,0,0,125,0,525
www.google.com,CH,Switzerland,salt mobile,15796,salt mobile,15796,Salt Mobile SA,true,false,,0,,,0,2,511,713,713,200,200
www.google.com,CH,Switzerland,swisscom,3303,swisscom,3303,Swisscom (Schweiz) AG,true,false,,0,,,0,2,415,674,674,200,200
www.google.com,CH,Switzerland,swisscom,3303,swisscom,3303,Swisscom (Schweiz) AG,true,true,,0,,,78,79,474,773,773,200,200
www.google.com,SY,Syrian Arab Republic,syriatel mobile telecom,48065,syriatel mobile telecom,48065,Syriatel Mobile Telecom,true,false,,0,,,0,2,795,1294,1294,200,200
www.google.com,SY,Syrian Arab Republic,syriatel mobile telecom,48065,syriatel mobile telecom,48065,Syriatel Mobile Telecom,true,true,,0,,,0,2,648,1089,1090,200,200
www.google.com,TW,"Taiwan, Province of China",chunghwa telecom,17421,chunghwa telecom,17421,Mobile Business Group,true,true,,0,,,0,2,967,1421,1421,200,200
www.google.com,SY,Syrian Arab Republic,rcell,214707,rcell,214707,RCell LLC,true,false,,0,,,0,2,1115,1889,1889,200,200
www.google.com,TW,"Taiwan, Province of China",fareastone,9674,fareastone,9674,"Far EastTone Telecommunication Co., Ltd.",true,false,,0,,,0,2,1016,1553,1554,200,200
www.google.com,TW,"Taiwan, Province of China",fareastone,9674,fareastone,9674,"Far EastTone Telecommunication Co., Ltd.",true,true,,0,,,0,2,1192,1701,1701,200,200
www.google.com,TW,"Taiwan, Province of China",chunghwa telecom,17421,chunghwa telecom,17421,Mobile Business Group,true,false,,0,,,0,2,1127,1596,1597,200,200
www.google.com,SY,Syrian Arab Republic,rcell,214707,rcell,214707,RCell LLC,true,true,,0,,,0,2,1556,2516,2516,200,200
www.google.com,TW,"Taiwan, Province of China",twn broadband,24158,twn broadband,24158,"Taiwan Mobile Co., Ltd.",true,true,,0,,,0,2,766,1126,1126,200,200
www.google.com,TW,"Taiwan, Province of China",taiwan mobile,24158,taiwan mobile,24158,"Taiwan Mobile Co., Ltd.",true,false,,0,,,46,47,810,1187,1187,200,200
www.google.com,SR,Suriname,digicel suriname nv,52398,digicel suriname nv,52398,Digicel Suriname NV,true,false,,0,,,0,2,6401,13339,13339,200,200
www.google.com,TW,"Taiwan, Province of China",twn broadband,24158,twn broadband,24158,"Taiwan Mobile Co., Ltd.",true,false,,0,,,0,2,757,1123,1123,200,200
www.google.com,TW,"Taiwan, Province of China",taiwan mobile,24158,taiwan mobile,24158,"Taiwan Mobile Co., Ltd.",true,true,,0,,,0,2,752,1135,1136,200,200
www.google.com,TJ,Tajikistan,closed joint stock company tt mobile,43197,closed joint stock company tt mobile,43197,Closed Joint Stock Company TT mobile,true,false,,0,,,0,2,674,999,1000,200,200
www.google.com,TJ,Tajikistan,tcell (cjsc indigo tajikistan),47139,tcell (cjsc indigo tajikistan),47139,CJSC INDIGO TAJIKISTAN,true,true,,0,,,0,2,1007,1457,1457,200,200
www.google.com,TJ,Tajikistan,closed joint stock company tt mobile,43197,closed joint stock company tt mobile,43197,Closed Joint Stock Company TT mobile,true,true,,0,,,0,2,654,977,977,200,200
www.google.com,TJ,Tajikistan,cjsc babilon-mobile,204106,cjsc babilon-mobile,204106,CJSC Babilon-Mobile,true,false,,0,,,0,2,891,1314,1315,200,200
www.google.com,TJ,Tajikistan,cjsc indigo tajikistan,48887,cjsc indigo tajikistan,48887,CJSC INDIGO TAJIKISTAN,true,false,,0,,,0,2,652,979,979,200,200
www.google.com,SR,Suriname,digicel suriname nv,52398,digicel suriname nv,52398,Digicel Suriname NV,true,true,,0,,,0,2,7379,9558,9558,200,200
www.google.com,ES,Spain,vodafone spain,12430,vodafone spain,12430,VODAFONE ESPANA S.A.U.,true,false,,0,,,0,2,1632,6976,6976,200,200
www.google.com,TJ,Tajikistan,cjsc babilon-mobile,204106,cjsc babilon-mobile,204106,CJSC Babilon-Mobile,true,true,,0,,,0,2,806,1239,1239,200,200
www.google.com,TZ,"Tanzania, United Republic of",ttcldata,,,,,,true,,56,CURLE_RECV_ERROR,"CONNECT tunnel failed, response 525",0,2,0,0,60,0,525
www.google.com,TZ,"Tanzania, United Republic of",ttcldata,,,,,,false,,56,CURLE_RECV_ERROR,"CONNECT tunnel failed, response 525",0,2,0,0,54,0,525
www.google.com,TJ,Tajikistan,cjsc indigo tajikistan,48887,cjsc indigo tajikistan,48887,CJSC INDIGO TAJIKISTAN,true,true,,0,,,0,2,684,1022,1022,200,200
www.google.com,TZ,"Tanzania, United Republic of",barmedas-tanzania,,,,,,false,,56,CURLE_RECV_ERROR,"CONNECT tunnel failed, response 525",41,42,0,0,98,0,525
www.google.com,TZ,"Tanzania, United Republic of",barmedas-tanzania,,,,,,true,,56,CURLE_RECV_ERROR,"CONNECT tunnel failed, response 525",0,2,0,0,57,0,525
www.google.com,TJ,Tajikistan,zet-mobile,34557,zet-mobile,34557,Tacom LLC,true,false,,0,,,0,2,829,1248,1248,200,200
www.google.com,TZ,"Tanzania, United Republic of",liquid intelligent technologies,,,,,,false,,56,CURLE_RECV_ERROR,"CONNECT tunnel failed, response 525",0,2,0,0,59,0,525
www.google.com,TZ,"Tanzania, United Republic of",liquid intelligent technologies,,,,,,true,,56,CURLE_RECV_ERROR,"CONNECT tunnel failed, response 525",0,1,0,0,60,0,525
www.google.com,TJ,Tajikistan,zet-mobile,34557,zet-mobile,34557,Tacom LLC,true,true,,0,,,0,2,862,1265,1265,200,200
www.google.com,TJ,Tajikistan,babilon-t,24722,babilon-t,24722,LLC Babilon-T,true,false,,0,,,0,2,1006,1439,1440,200,200
www.google.com,TJ,Tajikistan,tcell (cjsc indigo tajikistan),47139,tcell (cjsc indigo tajikistan),47139,CJSC INDIGO TAJIKISTAN,true,false,,0,,,24,26,910,1407,1407,200,200
www.google.com,TJ,Tajikistan,babilon-t,24722,babilon-t,24722,LLC Babilon-T,true,true,,0,,,0,2,966,1419,1420,200,200
www.google.com,CH,Switzerland,lycamobile,31404,lycamobile,31404,LYCATEL DISTRIBUTION UK LIMITED,true,false,,0,,,0,2,3108,4982,4982,200,200
www.google.com,TH,Thailand,3bb broadband,,,,,,false,,56,CURLE_RECV_ERROR,"CONNECT tunnel failed, response 525",0,2,0,0,58,0,525
www.google.com,TH,Thailand,3bb broadband,,,,,,true,,56,CURLE_RECV_ERROR,"CONNECT tunnel failed, response 525",0,203,0,0,261,0,525
www.google.com,TZ,"Tanzania, United Republic of",mic tanzania,37035,mic tanzania,37035,MIC TANZANIA LTD,true,false,,0,,,0,2,1164,2384,2384,200,200
www.google.com,TZ,"Tanzania, United Republic of",airtel tanzania,37133,airtel tanzania,,,,false,,0,,,0,2,1097,2075,2075,200,200
www.google.com,TZ,"Tanzania, United Republic of",airtel tanzania,37133,airtel tanzania,,,,true,,0,,,0,2,925,1706,1706,200,200
www.google.com,TH,Thailand,true mobile,132618,true mobile,132618,True Move Company Limited,true,true,,0,,,0,2,754,1187,1188,200,200
www.google.com,TZ,"Tanzania, United Republic of",halotel,327885,halotel,327885,Viettel Tanzania PLC,true,false,,0,,,0,2,1064,1964,1964,200,200
www.google.com,TZ,"Tanzania, United Republic of",mic tanzania,37035,mic tanzania,37035,MIC TANZANIA LTD,true,true,,0,,,0,2,1246,2347,2348,200,200
www.google.com,TH,Thailand,true mobile,132618,true mobile,132618,True Move Company Limited,true,false,,0,,,0,2,958,1384,1384,200,200
www.google.com,TH,Thailand,ais eds,45458,ais eds,45458,ADVANCED WIRELESS NETWORK COMPANY LIMITED,true,false,,0,,,0,2,746,1138,1138,200,200
www.google.com,TH,Thailand,dtac,24378,dtac,24378,Total Access Communication PLC.,true,false,,0,,,0,2,801,1192,1192,200,200
www.google.com,TH,Thailand,national telecom public company,,,,,,false,,56,CURLE_RECV_ERROR,"CONNECT tunnel failed, response 525",60,61,0,0,137,0,525
www.google.com,TH,Thailand,national telecom public company,,,,,,true,,56,CURLE_RECV_ERROR,"CONNECT tunnel failed, response 525",58,60,0,0,139,0,525
www.google.com,TZ,"Tanzania, United Republic of",halotel,327885,halotel,327885,Viettel Tanzania PLC,true,true,,0,,,0,2,1279,2146,2146,200,200
www.google.com,TL,Timor-Leste,telkomcel,,,,,,false,,56,CURLE_RECV_ERROR,"CONNECT tunnel failed, response 525",0,2,0,0,79,0,525
www.google.com,TL,Timor-Leste,timor telecom,,,,,,true,,56,CURLE_RECV_ERROR,"CONNECT tunnel failed, response 525",0,1,0,0,50,0,525
www.google.com,TL,Timor-Leste,timor telecom,,,,,,false,,56,CURLE_RECV_ERROR,"CONNECT tunnel failed, response 525",0,2,0,0,54,0,525
www.google.com,TL,Timor-Leste,telkomcel,,,,,,true,,56,CURLE_RECV_ERROR,"CONNECT tunnel failed, response 525",0,2,0,0,53,0,525
www.google.com,TL,Timor-Leste,viettel timor leste,,,,,,false,,56,CURLE_RECV_ERROR,"CONNECT tunnel failed, response 525",0,2,0,0,56,0,525
www.google.com,TL,Timor-Leste,viettel timor leste,,,,,,true,,56,CURLE_RECV_ERROR,"CONNECT tunnel failed, response 525",0,2,0,0,55,0,525
www.google.com,TG,Togo,atlantique telecom,,,,,,true,,56,CURLE_RECV_ERROR,"CONNECT tunnel failed, response 525",0,2,0,0,51,0,525
www.google.com,TO,Tonga,digicel tonga,,,,,,false,,56,CURLE_RECV_ERROR,"CONNECT tunnel failed, response 525",0,2,0,0,48,0,525
www.google.com,TG,Togo,atlantique telecom,,,,,,false,,56,CURLE_RECV_ERROR,"CONNECT tunnel failed, response 525",0,2,0,0,53,0,525
www.google.com,CH,Switzerland,lycamobile,31404,lycamobile,31404,LYCATEL DISTRIBUTION UK LIMITED,true,true,,0,,,1,2,4890,6919,6919,200,200
www.google.com,TO,Tonga,digicel tonga,,,,,,true,,56,CURLE_RECV_ERROR,"CONNECT tunnel failed, response 525",0,2,0,0,55,0,525
www.google.com,TH,Thailand,ais eds,45458,ais eds,45458,ADVANCED WIRELESS NETWORK COMPANY LIMITED,true,true,,0,,,0,2,748,1141,1142,200,200
www.google.com,TH,Thailand,dtac,24378,dtac,24378,Total Access Communication PLC.,true,true,,0,,,0,2,963,1344,1344,200,200
www.google.com,TT,Trinidad and Tobago,bmobile fiber,,,,,,false,,56,CURLE_RECV_ERROR,"CONNECT tunnel failed, response 525",0,2,0,0,59,0,525
www.google.com,TT,Trinidad and Tobago,bmobile fiber,,,,,,true,,56,CURLE_RECV_ERROR,"CONNECT tunnel failed, response 525",0,2,0,0,62,0,525
www.google.com,TT,Trinidad and Tobago,digicel trinidad & tobago,27800,digicel trinidad & tobago,27800,Digicel Trinidad and Tobago Ltd.,true,false,,0,,,0,1,772,1172,1173,200,200
www.google.com,TH,Thailand,ais mobile,131445,ais mobile,131445,ADVANCED WIRELESS NETWORK COMPANY LIMITED,true,true,,0,,,0,2,1302,1980,1981,200,200
www.google.com,TT,Trinidad and Tobago,bmobile dsl,5639,bmobile dsl,5639,Telecommunication Services of Trinidad and Tobago,true,false,,0,,,0,2,1165,2105,2105,200,200
www.google.com,TH,Thailand,ais mobile,131445,ais mobile,131445,ADVANCED WIRELESS NETWORK COMPANY LIMITED,true,false,,0,,,0,2,908,1627,1627,200,200
www.google.com,TN,Tunisia,ooredoo tunisia,37693,ooredoo tunisia,37693,OOREDOO TUNISIE SA,true,true,,0,,,0,2,586,896,896,200,200
www.google.com,TG,Togo,togocom,24691,togocom,24691,"TogoTelecom, Togo",true,true,,0,,,0,2,1035,2035,2035,200,200
www.google.com,TT,Trinidad and Tobago,digicel trinidad & tobago,27800,digicel trinidad & tobago,27800,Digicel Trinidad and Tobago Ltd.,true,true,,0,,,1,2,1597,2007,2007,200,200
www.google.com,TT,Trinidad and Tobago,bmobile dsl,5639,bmobile dsl,5639,Telecommunication Services of Trinidad and Tobago,true,true,,0,,,0,2,1145,1869,1869,200,200
www.google.com,TG,Togo,togocom,24691,togocom,24691,"TogoTelecom, Togo",true,false,,0,,,0,2,1053,2044,2044,200,200
www.google.com,TR,Turkey,fibim fibernet gsm san. ve tic. a.s,,,,,,false,,56,CURLE_RECV_ERROR,"CONNECT tunnel failed, response 525",83,85,0,0,141,0,525
www.google.com,TR,Turkey,fibim fibernet gsm san. ve tic. a.s,,,,,,true,,56,CURLE_RECV_ERROR,"CONNECT tunnel failed, response 525",0,2,0,0,59,0,525
www.google.com,TN,Tunisia,orange tunisie,37492,orange tunisie,37492,Orange Tunisie,true,true,,0,,,0,2,555,865,865,200,200
www.google.com,TN,Tunisia,ooredoo tunisia,37693,ooredoo tunisia,37693,OOREDOO TUNISIE SA,true,false,,0,,,0,2,685,1124,1125,200,200
www.google.com,TR,Turkey,turk telekom,20978,turk telekom,20978,TT Mobil Iletisim Hizmetleri A.S,true,false,,0,,,0,2,447,1006,1006,200,200
www.google.com,TN,Tunisia,orange internet,37492,orange internet,37492,Orange Tunisie,true,false,,0,,,0,2,635,1062,1062,200,200
www.google.com,TN,Tunisia,orange tunisie,37492,orange tunisie,37492,Orange Tunisie,true,false,,0,,,0,2,586,942,942,200,200
www.google.com,TR,Turkey,vodafone,,,,,,true,,56,CURLE_RECV_ERROR,"CONNECT tunnel failed, response 525",0,2,0,0,56,0,525
www.google.com,TN,Tunisia,orange internet,37492,orange internet,37492,Orange Tunisie,true,true,,0,,,0,2,662,980,980,200,200
www.google.com,TZ,"Tanzania, United Republic of",vodacom tanzania,36908,vodacom tanzania,36908,Vodacom Tanzania Ltd,true,false,,0,,,0,202,5584,7862,7862,200,200
www.google.com,TR,Turkey,vodafone,,,,,,false,,56,CURLE_RECV_ERROR,"CONNECT tunnel failed, response 525",0,2,0,0,56,0,525
www.google.com,TM,Turkmenistan,altyn asyr cjsc,,,,,,false,,56,CURLE_RECV_ERROR,"CONNECT tunnel failed, response 525",0,2,0,0,53,0,525
www.google.com,TM,Turkmenistan,altyn asyr cjsc,,,,,,true,,56,CURLE_RECV_ERROR,"CONNECT tunnel failed, response 525",0,2,0,0,56,0,525
www.google.com,TC,Turks and Caicos Islands,digicel turks and caicos,,,,,,false,,56,CURLE_RECV_ERROR,"CONNECT tunnel failed, response 525",0,2,0,0,57,0,525
www.google.com,TC,Turks and Caicos Islands,digicel turks and caicos,,,,,,true,,56,CURLE_RECV_ERROR,"CONNECT tunnel failed, response 525",0,2,0,0,53,0,525
www.google.com,TR,Turkey,turk telekom,20978,turk telekom,20978,TT Mobil Iletisim Hizmetleri A.S,true,true,,0,,,0,2,484,1120,1121,200,200
www.google.com,TZ,"Tanzania, United Republic of",vodacom tanzania,36908,vodacom tanzania,36908,Vodacom Tanzania Ltd,true,true,,0,,,0,2,4509,5914,5915,200,200
www.google.com,TR,Turkey,vodafone turkey,15897,vodafone turkey,15897,Vodafone Telekomunikasyon A.S.,true,true,,0,,,0,2,647,1266,1266,200,200
www.google.com,LK,Sri Lanka,airtel lanka,,,,,,false,,56,CURLE_RECV_ERROR,"CONNECT tunnel failed, response 500",0,2,0,0,21154,0,500
www.google.com,TR,Turkey,turkcell,16135,turkcell,16135,TURKCELL ILETISIM HIZMETLERI A.S.,true,false,,0,,,0,2,824,1689,1689,200,200
www.google.com,TR,Turkey,vodafone turkey,15897,vodafone turkey,15897,Vodafone Telekomunikasyon A.S.,true,false,,0,,,0,2,541,1128,1128,200,200
www.google.com,LK,Sri Lanka,dialog axiata,,,,,,false,,56,CURLE_RECV_ERROR,"CONNECT tunnel failed, response 500",0,2,0,0,21413,0,500
www.google.com,TR,Turkey,turkcell,16135,turkcell,16135,TURKCELL ILETISIM HIZMETLERI A.S.,true,true,,0,,,0,2,974,2015,2015,200,200
www.google.com,TN,Tunisia,tunisie telecom,327934,tunisie telecom,327934,SOCIETE NATIONALE DES TELECOMMUNICATIONS (Tunisie Telecom),true,false,,0,,,0,2,5682,6010,6010,200,200
www.google.com,ES,Spain,vodafone spain,12430,vodafone spain,12430,VODAFONE ESPANA S.A.U.,true,true,,56,CURLE_RECV_ERROR,Connection closed abruptly,0,2,22354,0,22711,0,200
www.google.com,UG,Uganda,mtn uganda,20294,mtn uganda,20294,MTN Uganda,true,false,,0,,,0,2,1080,1840,1841,200,200
www.google.com,TN,Tunisia,tunisie telecom,327934,tunisie telecom,327934,SOCIETE NATIONALE DES TELECOMMUNICATIONS (Tunisie Telecom),true,true,,0,,,0,2,4211,4696,4696,200,200
www.google.com,UA,Ukraine,lifecell,34058,lifecell,34058,"Limited Liability Company ""lifecell""",true,false,,0,,,0,2,539,900,901,200,200
www.google.com,UG,Uganda,airtel uganda,37075,airtel uganda,37075,Airtel Uganda Limited,true,false,,0,,,0,2,1197,2466,2466,200,200
www.google.com,UA,Ukraine,vodafone ukraine,21497,vodafone ukraine,21497,"PrJSC ""VF UKRAINE""",true,false,,0,,,51,53,888,1427,1427,200,200
www.google.com,UA,Ukraine,lifecell,34058,lifecell,34058,"Limited Liability Company ""lifecell""",true,true,,0,,,0,2,564,871,872,200,200
www.google.com,UA,Ukraine,k-telekom,203451,k-telekom,203451,K-telekom LLC,true,false,,0,,,0,2,623,923,923,200,200
www.google.com,AE,United Arab Emirates,du,,,,,,false,,56,CURLE_RECV_ERROR,"CONNECT tunnel failed, response 525",0,2,0,0,61,0,525
www.google.com,AE,United Arab Emirates,du,,,,,,true,,56,CURLE_RECV_ERROR,"CONNECT tunnel failed, response 525",0,2,0,0,59,0,525
www.google.com,UG,Uganda,mtn uganda,20294,mtn uganda,20294,MTN Uganda,true,true,,0,,,0,2,979,1722,1723,200,200
www.google.com,UG,Uganda,tangerine-ug,37113,tangerine-ug,37113,Tangerine Limited,true,false,,0,,,25,27,1252,2029,2029,200,200
www.google.com,UG,Uganda,airtel uganda,37075,airtel uganda,37075,Airtel Uganda Limited,true,true,,0,,,0,2,1118,2044,2044,200,200
www.google.com,UG,Uganda,tangerine-ug,37113,tangerine-ug,37113,Tangerine Limited,true,true,,0,,,0,2,956,1850,1850,200,200
www.google.com,UA,Ukraine,vodafone ukraine,21497,vodafone ukraine,21497,"PrJSC ""VF UKRAINE""",true,true,,0,,,0,2,840,1355,1355,200,200
www.google.com,UA,Ukraine,k-telekom,203451,k-telekom,203451,K-telekom LLC,true,true,,0,,,0,2,631,1306,1307,200,200
www.google.com,GB,United Kingdom,sparks communications,,,,,,false,,56,CURLE_RECV_ERROR,"CONNECT tunnel failed, response 525",0,2,0,0,83,0,525
www.google.com,GB,United Kingdom,sparks communications,,,,,,true,,56,CURLE_RECV_ERROR,"CONNECT tunnel failed, response 525",0,2,0,0,80,0,525
www.google.com,GB,United Kingdom,mass response service,,,,,,true,,56,CURLE_RECV_ERROR,"CONNECT tunnel failed, response 525",0,2,0,0,84,0,525
www.google.com,GB,United Kingdom,orange,,,,,,false,,56,CURLE_RECV_ERROR,"CONNECT tunnel failed, response 525",0,2,0,0,73,0,525
www.google.com,GB,United Kingdom,orange,,,,,,true,,56,CURLE_RECV_ERROR,"CONNECT tunnel failed, response 525",0,2,0,0,81,0,525
www.google.com,UA,Ukraine,kyivstar,15895,kyivstar,15895,"""Kyivstar"" PJSC",true,false,,0,,,0,2,656,955,955,200,200
www.google.com,GB,United Kingdom,vodafone,25135,vodafone,25135,Vodafone Limited,true,false,,0,,,0,2,475,680,680,200,200
www.google.com,AE,United Arab Emirates,e& uae,5384,e& uae,5384,EMIRATES TELECOMMUNICATIONS GROUP COMPANY (ETISALAT GROUP) PJSC,true,false,,0,,,0,2,769,1555,1555,200,200
www.google.com,GB,United Kingdom,lycamobile,31404,lycamobile,31404,LYCATEL DISTRIBUTION UK LIMITED,true,true,,0,,,0,1,556,947,947,200,200
www.google.com,GB,United Kingdom,mass response service,,,,,,false,,56,CURLE_RECV_ERROR,"CONNECT tunnel failed, response 525",0,2,0,0,87,0,525
www.google.com,GB,United Kingdom,vodafone,25135,vodafone,25135,Vodafone Limited,true,true,,0,,,0,2,465,680,680,200,200
www.google.com,LK,Sri Lanka,airtel lanka,,,,,,true,,56,CURLE_RECV_ERROR,"CONNECT tunnel failed, response 500",0,2,0,0,21203,0,500
www.google.com,UA,Ukraine,kyivstar,15895,kyivstar,15895,"""Kyivstar"" PJSC",true,true,,0,,,0,2,748,1070,1070,200,200
www.google.com,GB,United Kingdom,o2 uk,35228,o2 uk,35228,Telefonica UK Limited,true,false,,0,,,0,2,621,940,940,200,200
www.google.com,AE,United Arab Emirates,e& uae,5384,e& uae,5384,EMIRATES TELECOMMUNICATIONS GROUP COMPANY (ETISALAT GROUP) PJSC,true,true,,0,,,0,2,849,1546,1546,200,200
www.google.com,GB,United Kingdom,virgin media,,,,,,false,,56,CURLE_RECV_ERROR,"CONNECT tunnel failed, response 525",0,2,0,0,77,0,525
www.google.com,LK,Sri Lanka,dialog axiata,,,,,,true,,56,CURLE_RECV_ERROR,"CONNECT tunnel failed, response 500",0,2,0,0,21446,0,500
www.google.com,GB,United Kingdom,virgin media,,,,,,true,,56,CURLE_RECV_ERROR,"CONNECT tunnel failed, response 525",0,2,0,0,81,0,525
www.google.com,AE,United Arab Emirates,du telecom,15802,du telecom,15802,Emirates Integrated Telecommunications Company PJSC,true,false,,0,,,0,2,984,1873,1874,200,200
www.google.com,GB,United Kingdom,plan communications,35691,plan communications,35691,Plan Communications Ltd,true,true,,0,,,0,1,417,622,622,200,200
www.google.com,GB,United Kingdom,lycamobile,31404,lycamobile,31404,LYCATEL DISTRIBUTION UK LIMITED,true,false,,0,,,0,2,501,768,768,200,200
www.google.com,GB,United Kingdom,three,206067,three,206067,Hutchison 3G UK Limited,true,false,,0,,,0,2,457,728,729,200,200
www.google.com,GB,United Kingdom,o2 uk,35228,o2 uk,35228,Telefonica UK Limited,true,true,,0,,,0,2,703,1034,1034,200,200
www.google.com,GB,United Kingdom,three,206067,three,206067,Hutchison 3G UK Limited,true,true,,0,,,0,2,364,643,643,200,200
www.google.com,AE,United Arab Emirates,du telecom,15802,du telecom,15802,Emirates Integrated Telecommunications Company PJSC,true,true,,0,,,0,2,1038,1982,1982,200,200
www.google.com,GB,United Kingdom,plan communications,35691,plan communications,35691,Plan Communications Ltd,true,false,,0,,,0,2,511,721,721,200,200
www.google.com,GB,United Kingdom,sky broadband,5607,sky broadband,5607,Sky UK Limited,true,false,,0,,,0,2,498,775,775,200,200
www.google.com,US,United States,optimum mobile,,,,,,true,,56,CURLE_RECV_ERROR,"CONNECT tunnel failed, response 525",0,2,0,0,400,0,525
www.google.com,US,United States,ne colorado cellular,32307,ne colorado cellular,32307,NE COLORADO CELLULAR INC,true,true,,0,,,0,2,396,578,578,200,200
www.google.com,GB,United Kingdom,sky broadband,5607,sky broadband,5607,Sky UK Limited,true,true,,0,,,0,2,437,723,723,200,200
www.google.com,US,United States,optimum mobile,,,,,,false,,56,CURLE_RECV_ERROR,"CONNECT tunnel failed, response 525",0,2,0,0,419,0,525
www.google.com,US,United States,cox communications,,,,,,false,,56,CURLE_RECV_ERROR,"CONNECT tunnel failed, response 525",0,2,0,0,428,0,525
www.google.com,US,United States,c spire,15212,c spire,15212,C Spire,true,true,,0,,,30,31,398,651,651,200,200
www.google.com,US,United States,cox communications,,,,,,true,,56,CURLE_RECV_ERROR,"CONNECT tunnel failed, response 525",0,2,0,0,408,0,525
www.google.com,US,United States,belgacom international carrier services,,,,,,true,,56,CURLE_RECV_ERROR,"CONNECT tunnel failed, response 525",0,2,0,0,432,0,525
www.google.com,US,United States,belgacom international carrier services,,,,,,false,,56,CURLE_RECV_ERROR,"CONNECT tunnel failed, response 525",0,2,0,0,409,0,525
www.google.com,US,United States,c spire,15212,c spire,15212,C Spire,true,false,,0,,,0,2,357,550,550,200,200
www.google.com,GB,United Kingdom,bt,2856,bt,2856,British Telecommunications PLC,true,false,,0,,,62,64,822,1126,1127,200,200
www.google.com,US,United States,verizon wireless,6167,verizon wireless,6167,Verizon Business,true,false,,0,,,0,2,356,603,603,200,200
www.google.com,US,United States,verizon wireless,6167,verizon wireless,6167,Verizon Business,true,true,,0,,,0,2,359,521,521,200,200
www.google.com,US,United States,verizon 5g home,,,,,,true,,56,CURLE_RECV_ERROR,"CONNECT tunnel failed, response 525",0,2,0,0,421,0,525
www.google.com,US,United States,verizon 5g home,,,,,,false,,56,CURLE_RECV_ERROR,"CONNECT tunnel failed, response 525",1,2,0,0,438,0,525
www.google.com,GB,United Kingdom,bt,2856,bt,2856,British Telecommunications PLC,true,true,,0,,,0,2,653,1227,1228,200,200
www.google.com,US,United States,optimum online,,,,,,true,,56,CURLE_RECV_ERROR,"CONNECT tunnel failed, response 525",0,2,0,0,409,0,525
www.google.com,US,United States,ne colorado cellular,32307,ne colorado cellular,32307,NE COLORADO CELLULAR INC,true,false,,0,,,0,2,539,875,875,200,200
www.google.com,US,United States,uscellular,6614,uscellular,6614,"T-Mobile USA, Inc.",true,false,,0,,,0,2,445,704,704,200,200
www.google.com,US,United States,uscellular,6614,uscellular,6614,"T-Mobile USA, Inc.",true,true,,0,,,0,2,497,727,727,200,200
www.google.com,US,United States,optimum online,,,,,,false,,56,CURLE_RECV_ERROR,"CONNECT tunnel failed, response 525",0,2,0,0,412,0,525
www.google.com,US,United States,spectrum,20001,spectrum,20001,Charter Communications Inc,true,false,,0,,,0,2,408,1019,1020,200,200
www.google.com,US,United States,t-mobile usa,21928,t-mobile usa,21928,"T-Mobile USA, Inc.",true,true,,0,,,0,2,481,730,730,200,200
www.google.com,GB,United Kingdom,working group two,35120,working group two,35120,WORKING GROUP TWO AS,true,false,,0,,,0,2,1117,1816,1816,200,200
www.google.com,US,United States,optimum,,,,,,false,,56,CURLE_RECV_ERROR,"CONNECT tunnel failed, response 525",1,2,0,0,421,0,525
www.google.com,US,United States,optimum,,,,,,true,,56,CURLE_RECV_ERROR,"CONNECT tunnel failed, response 525",0,2,0,0,427,0,525
www.google.com,US,United States,at&t wireless,7018,at&t wireless,7018,"AT&T Enterprises, LLC",true,false,,0,,,0,2,922,1339,1339,200,200
www.google.com,US,United States,at&t wireless,7018,at&t wireless,7018,"AT&T Enterprises, LLC",true,true,,0,,,0,2,668,995,995,200,200
www.google.com,UY,Uruguay,telstar,,,,,,false,,56,CURLE_RECV_ERROR,"CONNECT tunnel failed, response 525",0,2,0,0,51,0,525
www.google.com,US,United States,gci communications,,,,,,false,,56,CURLE_RECV_ERROR,"CONNECT tunnel failed, response 525",0,2,0,0,415,0,525
www.google.com,US,United States,gci communications,,,,,,true,,56,CURLE_RECV_ERROR,"CONNECT tunnel failed, response 525",0,2,0,0,472,0,525
www.google.com,UY,Uruguay,telstar,,,,,,true,,56,CURLE_RECV_ERROR,"CONNECT tunnel failed, response 525",0,2,0,0,57,0,525
www.google.com,GB,United Kingdom,working group two,35120,working group two,35120,WORKING GROUP TWO AS,true,true,,0,,,0,2,1146,1658,1659,200,200
www.google.com,US,United States,spectrum,20001,spectrum,20001,Charter Communications Inc,true,true,,0,,,0,2,936,1644,1645,200,200
www.google.com,UZ,Uzbekistan,city-line-uz,,,,,,false,,56,CURLE_RECV_ERROR,"CONNECT tunnel failed, response 525",0,2,0,0,57,0,525
www.google.com,US,United States,strata networks,30432,strata networks,30432,UBTANET,true,true,,0,,,0,2,508,777,777,200,200
www.google.com,UZ,Uzbekistan,city-line-uz,,,,,,true,,56,CURLE_RECV_ERROR,"CONNECT tunnel failed, response 525",0,2,0,0,62,0,525
www.google.com,US,United States,strata networks,30432,strata networks,30432,UBTANET,true,false,,0,,,1,2,530,797,797,200,200
www.google.com,US,United States,boost mobile,398378,boost mobile,398378,Boost Mobile,true,true,,0,,,0,2,896,1789,1790,200,200
www.google.com,UY,Uruguay,antel uruguay,6057,antel uruguay,6057,Administracion Nacional de Telecomunicaciones,true,false,,0,,,0,2,642,949,950,200,200
www.google.com,US,United States,t-mobile usa,21928,t-mobile usa,21928,"T-Mobile USA, Inc.",true,false,,0,,,0,2,1069,1782,1782,200,200
www.google.com,UY,Uruguay,antel uruguay,6057,antel uruguay,6057,Administracion Nacional de Telecomunicaciones,true,true,,0,,,0,2,620,963,963,200,200
www.google.com,US,United States,boost mobile,398378,boost mobile,398378,Boost Mobile,true,false,,0,,,0,2,823,2164,2165,200,200
www.google.com,UZ,Uzbekistan,coscom liability company,49273,coscom liability company,49273,COSCOM Liability Limited Company,true,true,,0,,,0,2,837,1247,1248,200,200
www.google.com,UZ,Uzbekistan,uztelecom,201767,uztelecom,201767,"""Uzbektelekom"" Joint Stock Company",true,false,,0,,,0,2,839,1194,1195,200,200
www.google.com,UZ,Uzbekistan,unitel,41202,unitel,41202,UNITEL LLC,true,true,,0,,,0,2,776,1154,1154,200,200
www.google.com,UZ,Uzbekistan,unitel llc,41202,unitel llc,41202,UNITEL LLC,true,false,,0,,,0,2,848,1305,1305,200,200
www.google.com,UZ,Uzbekistan,uztelecom,201767,uztelecom,201767,"""Uzbektelekom"" Joint Stock Company",true,true,,0,,,0,2,756,1184,1185,200,200
www.google.com,UZ,Uzbekistan,universal mobile systems lcc,64466,universal mobile systems lcc,64466,UNIVERSAL MOBILE SYSTEMS LCC,true,false,,0,,,0,2,631,959,959,200,200
www.google.com,UZ,Uzbekistan,coscom liability company,49273,coscom liability company,49273,COSCOM Liability Limited Company,true,false,,0,,,47,48,925,1323,1324,200,200
www.google.com,UY,Uruguay,claro uruguay,11664,claro uruguay,11664,Techtel LMDS Comunicaciones Interactivas S.A.,true,true,,0,,,0,2,1479,1893,1893,200,200
www.google.com,UZ,Uzbekistan,unitel llc,41202,unitel llc,41202,UNITEL LLC,true,true,,0,,,36,37,810,1396,1396,200,200
www.google.com,UZ,Uzbekistan,unitel,41202,unitel,41202,UNITEL LLC,true,false,,0,,,0,2,777,1135,1135,200,200
www.google.com,VE,"Venezuela, Bolivarian Republic of",corporacion digitel,264731,corporacion digitel,264731,Corporacion Digitel C.A.,true,false,,0,,,0,2,774,1111,1111,200,200
www.google.com,UZ,Uzbekistan,universal mobile systems lcc,64466,universal mobile systems lcc,64466,UNIVERSAL MOBILE SYSTEMS LCC,true,true,,0,,,0,2,780,1122,1122,200,200
www.google.com,UY,Uruguay,claro uruguay,11664,claro uruguay,11664,Techtel LMDS Comunicaciones Interactivas S.A.,true,false,,0,,,0,2,1059,1734,1735,200,200
www.google.com,VN,Viet Nam,vietnamobile telecommunications joint stock compan,,,,,,true,,56,CURLE_RECV_ERROR,"CONNECT tunnel failed, response 525",0,1,0,0,56,0,525
www.google.com,VN,Viet Nam,vietnamobile telecommunications joint stock compan,,,,,,false,,56,CURLE_RECV_ERROR,"CONNECT tunnel failed, response 525",0,2,0,0,55,0,525
www.google.com,VE,"Venezuela, Bolivarian Republic of",corporacion digitel,264731,corporacion digitel,264731,Corporacion Digitel C.A.,true,true,,0,,,0,2,703,1061,1061,200,200
www.google.com,VG,"Virgin Islands, British",digicel british virgin islands,,,,,,true,,56,CURLE_RECV_ERROR,"CONNECT tunnel failed, response 525",0,2,0,0,53,0,525
www.google.com,VG,"Virgin Islands, British",digicel british virgin islands,,,,,,false,,56,CURLE_RECV_ERROR,"CONNECT tunnel failed, response 525",0,2,0,0,52,0,525
www.google.com,VE,"Venezuela, Bolivarian Republic of",telecomunicaciones movilnet,27889,telecomunicaciones movilnet,27889,Telecomunicaciones MOVILNET,true,false,,0,,,0,2,717,1142,1142,200,200
www.google.com,YE,Yemen,yemen net,,,,,,false,,56,CURLE_RECV_ERROR,"CONNECT tunnel failed, response 525",0,2,0,0,56,0,525
www.google.com,UY,Uruguay,movistar uruguay,19422,movistar uruguay,19422,Telefonica Moviles del Uruguay SA,true,true,,0,,,0,2,2910,4596,4596,200,200
www.google.com,YE,Yemen,yemen net,,,,,,true,,56,CURLE_RECV_ERROR,"CONNECT tunnel failed, response 525",0,2,0,0,52,0,525
www.google.com,VE,"Venezuela, Bolivarian Republic of",telecomunicaciones movilnet,27889,telecomunicaciones movilnet,27889,Telecomunicaciones MOVILNET,true,true,,0,,,0,2,483,980,980,200,200
www.google.com,VI,"Virgin Islands, U.S.",viya,14434,viya,14434,"VI POWERNET, LLC",true,false,,0,,,0,2,489,884,884,200,200
www.google.com,VN,Viet Nam,viettel group,7552,viettel group,7552,Viettel Group,true,false,,0,,,0,2,800,1284,1284,200,200
www.google.com,VN,Viet Nam,vnpt,45899,vnpt,45899,VNPT Corp,true,false,,0,,,0,2,885,1395,1395,200,200
www.google.com,UY,Uruguay,movistar uruguay,19422,movistar uruguay,19422,Telefonica Moviles del Uruguay SA,true,false,,0,,,1,2,735,3342,3342,200,200
www.google.com,VI,"Virgin Islands, U.S.",viya,14434,viya,14434,"VI POWERNET, LLC",true,true,,0,,,0,2,395,714,714,200,200
www.google.com,VN,Viet Nam,mobifone,131429,mobifone,131429,MOBIFONE Corporation,true,false,,0,,,0,2,1054,1463,1463,200,200
www.google.com,ZW,Zimbabwe,netone-cellular,,,,,,true,,56,CURLE_RECV_ERROR,"CONNECT tunnel failed, response 525",0,2,0,0,55,0,525
www.google.com,VG,"Virgin Islands, British",flow,14813,flow,14813,Columbus Telecommunications (Barbados) Limited,true,false,,0,,,0,2,585,969,970,200,200
www.google.com,VG,"Virgin Islands, British",flow,14813,flow,14813,Columbus Telecommunications (Barbados) Limited,true,true,,0,,,0,2,420,969,969,200,200
www.google.com,ZW,Zimbabwe,telone,,,,,,false,,56,CURLE_RECV_ERROR,"CONNECT tunnel failed, response 525",8,10,0,0,64,0,525
www.google.com,VN,Viet Nam,mobifone,131429,mobifone,131429,MOBIFONE Corporation,true,true,,0,,,0,2,846,1250,1251,200,200
www.google.com,VN,Viet Nam,vnpt,45899,vnpt,45899,VNPT Corp,true,true,,0,,,0,2,875,1341,1341,200,200
www.google.com,ZW,Zimbabwe,netone-cellular,,,,,,false,,56,CURLE_RECV_ERROR,"CONNECT tunnel failed, response 525",0,2,0,0,52,0,525
www.google.com,ZW,Zimbabwe,telone,,,,,,true,,56,CURLE_RECV_ERROR,"CONNECT tunnel failed, response 525",0,2,0,0,52,0,525
www.google.com,VN,Viet Nam,viettel group,7552,viettel group,7552,Viettel Group,true,true,,0,,,0,2,883,1376,1376,200,200
www.google.com,ZM,Zambia,mtn zambia,36962,mtn zambia,36962,MTN Zambia,true,true,,0,,,0,2,1402,2412,2412,200,200
www.google.com,VE,"Venezuela, Bolivarian Republic of",telefonica venezolana,6306,telefonica venezolana,6306,"TELEFONICA VENEZOLANA, C.A.",true,false,,0,,,0,2,754,2061,2062,200,200
www.google.com,ZM,Zambia,mtn zambia,36962,mtn zambia,36962,MTN Zambia,true,false,,0,,,0,2,1150,2228,2228,200,200
www.google.com,VE,"Venezuela, Bolivarian Republic of",telefonica venezolana,6306,telefonica venezolana,6306,"TELEFONICA VENEZOLANA, C.A.",true,true,,0,,,0,2,744,2643,2643,200,200
www.google.com,ZW,Zimbabwe,liquid intelligent technologies,56696,liquid intelligent technologies,56696,Liquid Telecommunications Ltd,true,false,,0,,,0,2,978,1974,1975,200,200
www.google.com,ZW,Zimbabwe,liquid intelligent technologies,56696,liquid intelligent technologies,56696,Liquid Telecommunications Ltd,true,true,,0,,,0,2,1091,1962,1963,200,200
www.google.com,ZM,Zambia,zamtel,37154,zamtel,37154,Zambia Telecommunications Company Ltd aka ZAMTEL,true,true,,0,,,0,2,3195,4132,4133,200,200
www.google.com,ZM,Zambia,airtel zambia,37287,airtel zambia,37287,Zain Zambia PLC,true,false,,0,,,68,70,1717,7451,7451,200,200
www.google.com,ZM,Zambia,zamtel,37154,zamtel,37154,Zambia Telecommunications Company Ltd aka ZAMTEL,true,false,,0,,,58,60,2599,3761,3761,200,200
www.google.com,ZM,Zambia,airtel zambia,37287,airtel zambia,37287,Zain Zambia PLC,true,true,,0,,,0,2,2127,7999,8000,200,200
www.google.com,ZM,Zambia,beeline-telecoms-limited,,,329444,BEELINE TELECOMS LIMITED,,false,,56,CURLE_RECV_ERROR,"CONNECT tunnel failed, response 500",0,2,0,0,15442,0,500
www.google.com,ZM,Zambia,beeline-telecoms-limited,,,329444,BEELINE TELECOMS LIMITED,,true,,56,CURLE_RECV_ERROR,"CONNECT tunnel failed, response 500",0,1,0,0,15440,0,500
