domain,country_code,country_name,isp,asn,exit_node_isp,geodb_asn,geodb_as_name,asn_match,ech_grease,go_error,curl_exit_code,curl_error_name,curl_error_message,dns_lookup_ms,tcp_connection_ms,tls_handshake_ms,server_time_ms,total_time_ms,http_status,http_connect_status
cloudflare-ech.com,AF,Afghanistan,afghan wireless,,,,,,true,,56,CURLE_RECV_ERROR,"CONNECT tunnel failed, response 525",79,80,0,0,129,0,525
cloudflare-ech.com,AF,Afghanistan,telecom development company afghanistan,,,,,,false,,56,CURLE_RECV_ERROR,"CONNECT tunnel failed, response 525",80,81,0,0,131,0,525
cloudflare-ech.com,AF,Afghanistan,multacom corporation,,,,,,false,,56,CURLE_RECV_ERROR,"CONNECT tunnel failed, response 525",78,80,0,0,130,0,525
cloudflare-ech.com,AF,Afghanistan,mtn afghanistan,,,,,,false,,56,CURLE_RECV_ERROR,"CONNECT tunnel failed, response 525",78,80,0,0,131,0,525
cloudflare-ech.com,AF,Afghanistan,multacom corporation,,,,,,true,,56,CURLE_RECV_ERROR,"CONNECT tunnel failed, response 525",79,81,0,0,132,0,525
cloudflare-ech.com,AF,Afghanistan,afghan telecom,,,,,,true,,56,CURLE_RECV_ERROR,"CONNECT tunnel failed, response 525",78,80,0,0,131,0,525
cloudflare-ech.com,AF,Afghanistan,telecom development company afghanistan,,,,,,true,,56,CURLE_RECV_ERROR,"CONNECT tunnel failed, response 525",76,78,0,0,131,0,525
cloudflare-ech.com,AF,Afghanistan,afghan telecom,,,,,,false,,56,CURLE_RECV_ERROR,"CONNECT tunnel failed, response 525",80,81,0,0,134,0,525
cloudflare-ech.com,AF,Afghanistan,mtn afghanistan,,,,,,true,,56,CURLE_RECV_ERROR,"CONNECT tunnel failed, response 525",80,82,0,0,135,0,525
cloudflare-ech.com,AF,Afghanistan,afghan wireless,,,,,,false,,56,CURLE_RECV_ERROR,"CONNECT tunnel failed, response 525",80,81,0,0,135,0,525
cloudflare-ech.com,AL,Albania,mobitel sh.p.k.,,,,,,false,,56,CURLE_RECV_ERROR,"CONNECT tunnel failed, response 525",0,2,0,0,54,0,525
cloudflare-ech.com,AL,Albania,mobitel sh.p.k.,,,,,,true,,56,CURLE_RECV_ERROR,"CONNECT tunnel failed, response 525",0,2,0,0,56,0,525
cloudflare-ech.com,AL,Albania,one albania,50616,one albania,50616,ONE ALBANIA SH.A.,true,true,,0,,,0,2,517,784,785,301,200
cloudflare-ech.com,AL,Albania,vodafone albania,50973,vodafone albania,50973,Vodafone Albania Sh.A.,true,false,,0,,,0,2,591,896,897,301,200
cloudflare-ech.com,AL,Albania,one albania,50616,one albania,50616,ONE ALBANIA SH.A.,true,false,,0,,,0,2,486,781,781,301,200
cloudflare-ech.com,AL,Albania,vodafone albania,50973,vodafone albania,50973,Vodafone Albania Sh.A.,true,true,,0,,,0,2,485,761,761,301,200
cloudflare-ech.com,DZ,Algeria,wataniya-telecom,33779,wataniya-telecom,33779,Wataniya Telecom Algerie,true,false,,0,,,0,2,515,813,814,301,200
cloudflare-ech.com,DZ,Algeria,wataniya-telecom,33779,wataniya-telecom,33779,Wataniya Telecom Algerie,true,true,,0,,,0,2,481,802,802,301,200
cloudflare-ech.com,AF,Afghanistan,etisalat afghanistan,131284,etisalat afghanistan,131284,Etisalat Afghan,true,false,,0,,,0,1,1132,1634,1635,301,200
cloudflare-ech.com,AF,Afghanistan,etisalat afghanistan,131284,etisalat afghanistan,131284,Etisalat Afghan,true,true,,35,CURLE_SSL_CONNECT_ERROR,TLS connect error: error:00000000:lib(0)::reason(0),0,2,0,0,988,0,200
cloudflare-ech.com,DZ,Algeria,optimum-telecom-algeria,327931,optimum-telecom-algeria,327931,Optimum Telecom Algeria,true,true,,0,,,0,1,875,1262,1263,301,200
cloudflare-ech.com,DZ,Algeria,atm,327712,atm,327712,Telecom Algeria,true,false,,0,,,0,2,658,1030,1030,301,200
cloudflare-ech.com,DZ,Algeria,algerie telecom,36947,algerie telecom,36947,Telecom Algeria,true,false,,0,,,0,2,1036,1768,1768,301,200
cloudflare-ech.com,DZ,Algeria,optimum-telecom-algeria,327931,optimum-telecom-algeria,327931,Optimum Telecom Algeria,true,false,,0,,,0,2,745,1714,1714,301,200
cloudflare-ech.com,DZ,Algeria,algerie telecom,36947,algerie telecom,36947,Telecom Algeria,true,true,,0,,,0,2,1118,1869,1870,301,200
cloudflare-ech.com,AF,Afghanistan,afghan wireless communication company,138322,afghan wireless communication company,138322,Afghan Wireless Communication Company,true,true,,0,,,0,2,2822,3385,3386,301,200
cloudflare-ech.com,AO,Angola,unitel,37119,unitel,37119,UNITEL SA,true,true,,0,,,0,2,1001,1648,1648,301,200
cloudflare-ech.com,AG,Antigua and Barbuda,apua,11594,apua,11594,APUA,true,false,,0,,,0,2,979,1391,1391,301,200
cloudflare-ech.com,AG,Antigua and Barbuda,digicel,33576,digicel,33576,Digicel Jamaica,true,true,,0,,,0,2,680,1076,1076,301,200
cloudflare-ech.com,AF,Afghanistan,afghan wireless communication company,138322,afghan wireless communication company,138322,Afghan Wireless Communication Company,true,false,,0,,,0,2,1384,2345,2346,301,200
cloudflare-ech.com,AG,Antigua and Barbuda,flow,14813,flow,14813,Columbus Telecommunications (Barbados) Limited,true,false,,0,,,0,2,659,1010,1010,301,200
cloudflare-ech.com,AO,Angola,aas1,328943,aas1,328943,Africell Angola S.A,true,false,,0,,,0,1,1138,1616,1617,301,200
cloudflare-ech.com,AG,Antigua and Barbuda,digicel,33576,digicel,33576,Digicel Jamaica,true,false,,0,,,100,102,1045,1451,1452,301,200
cloudflare-ech.com,AM,Armenia,telecom armenia ojsc,,,,,,false,,56,CURLE_RECV_ERROR,"CONNECT tunnel failed, response 525",0,2,0,0,53,0,525
cloudflare-ech.com,AO,Angola,unitel,37119,unitel,37119,UNITEL SA,true,false,,0,,,0,2,837,1449,1450,301,200
cloudflare-ech.com,AM,Armenia,telecom armenia ojsc,,,,,,true,,56,CURLE_RECV_ERROR,"CONNECT tunnel failed, response 525",0,2,0,0,56,0,525
cloudflare-ech.com,AG,Antigua and Barbuda,apua,11594,apua,11594,APUA,true,true,,0,,,0,2,755,1095,1095,301,200
cloudflare-ech.com,AG,Antigua and Barbuda,flow,14813,flow,14813,Columbus Telecommunications (Barbados) Limited,true,true,,0,,,0,2,627,995,996,301,200
cloudflare-ech.com,AW,Aruba,new millennium telecom services n.v.,,,,,,false,,56,CURLE_RECV_ERROR,"CONNECT tunnel failed, response 525",0,2,0,0,48,0,525
cloudflare-ech.com,AW,Aruba,new millennium telecom services n.v.,,,,,,true,,56,CURLE_RECV_ERROR,"CONNECT tunnel failed, response 525",0,2,0,0,56,0,525
cloudflare-ech.com,AO,Angola,aas1,328943,aas1,328943,Africell Angola S.A,true,true,,0,,,0,2,1085,1669,1669,301,200
cloudflare-ech.com,AR,Argentina,personal,7303,personal,7303,Telecom Argentina S.A.,true,false,,0,,,0,2,903,1342,1342,301,200
cloudflare-ech.com,AM,Armenia,ucom,44395,ucom,44395,Ucom CJSC,true,false,,0,,,0,2,571,872,873,301,200
cloudflare-ech.com,AR,Argentina,personal,7303,personal,7303,Telecom Argentina S.A.,true,true,,0,,,0,2,926,1401,1401,301,200
cloudflare-ech.com,AW,Aruba,setar aruba,11816,setar aruba,11816,SERVICIO DI TELECOMUNICACION DI ARUBA (SETAR) N.V.,true,true,,0,,,0,2,577,874,874,301,200
cloudflare-ech.com,AM,Armenia,viva armenia cjsc,43733,viva armenia cjsc,43733,Viva Armenia CJSC,true,false,,0,,,0,2,901,1256,1256,301,200
cloudflare-ech.com,AW,Aruba,setar aruba,11816,setar aruba,11816,SERVICIO DI TELECOMUNICACION DI ARUBA (SETAR) N.V.,true,false,,0,,,0,1,497,803,804,301,200
cloudflare-ech.com,AM,Armenia,ucom,44395,ucom,44395,Ucom CJSC,true,true,,0,,,0,2,587,900,900,301,200
cloudflare-ech.com,AM,Armenia,viva armenia cjsc,43733,viva armenia cjsc,43733,Viva Armenia CJSC,true,true,,0,,,0,2,619,1019,1019,301,200
cloudflare-ech.com,AR,Argentina,claro argentina,11664,claro argentina,11664,Techtel LMDS Comunicaciones Interactivas S.A.,true,false,,0,,,0,2,1220,1655,1655,301,200
cloudflare-ech.com,AU,Australia,telstra internet,1221,telstra internet,1221,Telstra Limited,true,true,,0,,,0,2,867,1274,1275,301,200
cloudflare-ech.com,AR,Argentina,claro argentina,11664,claro argentina,11664,Techtel LMDS Comunicaciones Interactivas S.A.,true,true,,0,,,0,2,865,1678,1679,301,200
cloudflare-ech.com,AT,Austria,hutchison drei austria gmbh,25255,hutchison drei austria gmbh,25255,Hutchison Drei Austria GmbH,true,false,,0,,,0,2,377,605,606,301,200
cloudflare-ech.com,AT,Austria,hutchison drei austria gmbh,25255,hutchison drei austria gmbh,25255,Hutchison Drei Austria GmbH,true,true,,0,,,56,58,436,670,670,301,200
cloudflare-ech.com,AT,Austria,mass response service,51265,mass response service,51265,Mass Response Service GmbH,true,true,,0,,,0,2,375,611,612,301,200
cloudflare-ech.com,AU,Australia,telstra internet,1221,telstra internet,1221,Telstra Limited,true,false,,0,,,0,2,1090,1492,1492,301,200
cloudflare-ech.com,AT,Austria,mass response service,51265,mass response service,51265,Mass Response Service GmbH,true,false,,0,,,0,2,485,733,734,301,200
cloudflare-ech.com,AT,Austria,magenta telekom,8412,magenta telekom,8412,T-Mobile Austria GmbH,true,false,,0,,,0,2,504,750,750,301,200
cloudflare-ech.com,AU,Australia,optus,4804,optus,4804,SingTel Optus Pty Ltd,true,true,,0,,,0,2,1313,1861,1862,301,200
cloudflare-ech.com,AZ,Azerbaijan,nar,,,,,,false,,56,CURLE_RECV_ERROR,"CONNECT tunnel failed, response 525",1,2,0,0,64,0,525
cloudflare-ech.com,AZ,Azerbaijan,nar,,,,,,true,,56,CURLE_RECV_ERROR,"CONNECT tunnel failed, response 525",0,2,0,0,63,0,525
cloudflare-ech.com,AT,Austria,magenta telekom,8412,magenta telekom,8412,T-Mobile Austria GmbH,true,true,,0,,,0,2,421,672,672,301,200
cloudflare-ech.com,AZ,Azerbaijan,azercell telecom,31721,azercell telecom,31721,"""Azercell Telecom Ltd"" Azerbaijan-Turkey Joint Venture",true,false,,0,,,0,2,442,655,655,301,200
cloudflare-ech.com,AU,Australia,optus,4804,optus,4804,SingTel Optus Pty Ltd,true,false,,0,,,0,2,1175,1773,1773,301,200
cloudflare-ech.com,AZ,Azerbaijan,azercell telecom,31721,azercell telecom,31721,"""Azercell Telecom Ltd"" Azerbaijan-Turkey Joint Venture",true,true,,0,,,0,2,452,679,679,301,200
cloudflare-ech.com,BS,Bahamas,alivfibr,,,,,,false,,56,CURLE_RECV_ERROR,"CONNECT tunnel failed, response 525",0,1,0,0,69,0,525
cloudflare-ech.com,BS,Bahamas,alivfibr,,,,,,true,,56,CURLE_RECV_ERROR,"CONNECT tunnel failed, response 525",0,2,0,0,55,0,525
cloudflare-ech.com,AU,Australia,vodafone australia,133612,vodafone australia,133612,Vodafone Australia Pty Ltd,true,false,,0,,,0,2,1579,2234,2235,301,200
cloudflare-ech.com,BH,Bahrain,zain bahrain b.s.c.,,,,,,false,,56,CURLE_RECV_ERROR,"CONNECT tunnel failed, response 525",0,2,0,0,55,0,525
cloudflare-ech.com,DZ,Algeria,atm,327712,atm,327712,Telecom Algeria,true,true,,0,,,1,2,7124,7432,7432,301,200
cloudflare-ech.com,BH,Bahrain,zain bahrain b.s.c.,,,,,,true,,56,CURLE_RECV_ERROR,"CONNECT tunnel failed, response 525",0,2,0,0,56,0,525
cloudflare-ech.com,BS,Bahamas,bahamas telecommunications corporation,8014,bahamas telecommunications corporation,8014,Bahamas Telecommunications Corporation,true,false,,0,,,0,2,359,642,642,301,200
cloudflare-ech.com,BS,Bahamas,bahamas telecommunications corporation,8014,bahamas telecommunications corporation,8014,Bahamas Telecommunications Corporation,true,true,,0,,,0,2,279,511,511,301,200
cloudflare-ech.com,BD,Bangladesh,teletalk bangladesh,,,,,,true,,56,CURLE_RECV_ERROR,"CONNECT tunnel failed, response 525",0,2,0,0,56,0,525
cloudflare-ech.com,BD,Bangladesh,telenor,,,,,,false,,56,CURLE_RECV_ERROR,"CONNECT tunnel failed, response 525",0,2,0,0,60,0,525
cloudflare-ech.com,BD,Bangladesh,telenor,,,,,,true,,56,CURLE_RECV_ERROR,"CONNECT tunnel failed, response 525",0,2,0,0,54,0,525
cloudflare-ech.com,AZ,Azerbaijan,bakcell,197830,bakcell,197830,BAKCELL LLC,true,false,,0,,,0,2,1028,1431,1431,301,200
cloudflare-ech.com,BD,Bangladesh,banglalink digital communications ltd.,,,,,,false,,56,CURLE_RECV_ERROR,"CONNECT tunnel failed, response 525",0,2,0,0,54,0,525
cloudflare-ech.com,BS,Bahamas,bealiv ltd,15146,bealiv ltd,15146,Cable Bahamas,true,false,,0,,,0,2,575,934,935,301,200
cloudflare-ech.com,BD,Bangladesh,banglalink digital communications ltd.,,,,,,true,,56,CURLE_RECV_ERROR,"CONNECT tunnel failed, response 525",0,2,0,0,55,0,525
cloudflare-ech.com,BD,Bangladesh,teletalk bangladesh,,,,,,false,,56,CURLE_RECV_ERROR,"CONNECT tunnel failed, response 525",0,2,0,0,54,0,525
cloudflare-ech.com,AZ,Azerbaijan,bakcell,197830,bakcell,197830,BAKCELL LLC,true,true,,0,,,0,2,812,1103,1103,301,200
cloudflare-ech.com,BS,Bahamas,bealiv ltd,15146,bealiv ltd,15146,Cable Bahamas,true,true,,0,,,0,2,345,737,737,301,200
cloudflare-ech.com,AU,Australia,vodafone australia,133612,vodafone australia,133612,Vodafone Australia Pty Ltd,true,true,,0,,,0,2,1416,2166,2166,301,200
cloudflare-ech.com,BD,Bangladesh,banglalink,,,,,,false,,56,CURLE_RECV_ERROR,"CONNECT tunnel failed, response 525",0,2,0,0,53,0,525
cloudflare-ech.com,BD,Bangladesh,banglalink,,,,,,true,,56,CURLE_RECV_ERROR,"CONNECT tunnel failed, response 525",0,2,0,0,54,0,525
cloudflare-ech.com,BH,Bahrain,batelco,5416,batelco,5416,BEYON B.S.C.,true,false,,0,,,0,2,528,789,789,301,200
cloudflare-ech.com,BB,Barbados,digicel barbados,,,,,,false,,56,CURLE_RECV_ERROR,"CONNECT tunnel failed, response 525",0,2,0,0,53,0,525
cloudflare-ech.com,BB,Barbados,digicel barbados,,,,,,true,,56,CURLE_RECV_ERROR,"CONNECT tunnel failed, response 525",0,2,0,0,55,0,525
cloudflare-ech.com,BH,Bahrain,stc bahrain,51375,stc bahrain,51375,STC BAHRAIN B.S.C CLOSED,true,false,,0,,,0,2,602,865,865,301,200
cloudflare-ech.com,BH,Bahrain,batelco,5416,batelco,5416,BEYON B.S.C.,true,true,,0,,,0,2,452,689,689,301,200
cloudflare-ech.com,BY,Belarus,best cjsc,,,,,,true,,56,CURLE_RECV_ERROR,"CONNECT tunnel failed, response 525",42,43,0,0,101,0,525
cloudflare-ech.com,BH,Bahrain,stc bahrain,51375,stc bahrain,51375,STC BAHRAIN B.S.C CLOSED,true,true,,0,,,0,2,466,734,735,301,200
cloudflare-ech.com,BB,Barbados,flow,14813,flow,14813,Columbus Telecommunications (Barbados) Limited,true,true,,0,,,0,2,503,734,734,301,200
cloudflare-ech.com,BB,Barbados,flow,14813,flow,14813,Columbus Telecommunications (Barbados) Limited,true,false,,0,,,0,2,373,617,617,301,200
cloudflare-ech.com,BY,Belarus,best cjsc,,,,,,false,,56,CURLE_RECV_ERROR,"CONNECT tunnel failed, response 525",0,2,0,0,55,0,525
cloudflare-ech.com,BY,Belarus,a1 belarus,42772,a1 belarus,42772,Unitary enterprise A1,true,true,,0,,,0,1,456,706,707,301,200
cloudflare-ech.com,BY,Belarus,a1 belarus,42772,a1 belarus,42772,Unitary enterprise A1,true,false,,0,,,0,2,496,779,779,301,200
cloudflare-ech.com,BD,Bangladesh,robi,24432,robi,24432,Axiata (Bangladesh) Limited,true,false,,0,,,0,2,1088,1646,1646,301,200
cloudflare-ech.com,BY,Belarus,mts belarus,25106,mts belarus,25106,Mobile TeleSystems JLLC,true,true,,0,,,0,2,665,969,970,301,200
cloudflare-ech.com,BE,Belgium,belgacom international carrier services,,,,,,false,,56,CURLE_RECV_ERROR,"CONNECT tunnel failed, response 525",0,2,0,0,50,0,525
cloudflare-ech.com,BD,Bangladesh,grameenphone,24389,grameenphone,24389,grameenphone limited,true,false,,0,,,0,1,1071,1779,1779,301,200
cloudflare-ech.com,BE,Belgium,belgacom international carrier services,,,,,,true,,56,CURLE_RECV_ERROR,"CONNECT tunnel failed, response 525",0,2,0,0,55,0,525
cloudflare-ech.com,BY,Belarus,mts belarus,25106,mts belarus,25106,Mobile TeleSystems JLLC,true,false,,0,,,0,2,542,838,838,301,200
cloudflare-ech.com,BD,Bangladesh,robi,24432,robi,24432,Axiata (Bangladesh) Limited,true,true,,0,,,0,2,942,1484,1485,301,200
cloudflare-ech.com,BD,Bangladesh,grameenphone,24389,grameenphone,24389,grameenphone limited,true,true,,0,,,0,2,1028,1581,1581,301,200
cloudflare-ech.com,BE,Belgium,proximus,5432,proximus,5432,Proximus NV,true,true,,0,,,0,2,638,936,936,301,200
cloudflare-ech.com,BE,Belgium,proximus,5432,proximus,5432,Proximus NV,true,false,,0,,,0,2,601,1501,1501,301,200
cloudflare-ech.com,BE,Belgium,orange belgium,47377,orange belgium,47377,Orange Belgium SA,true,false,,0,,,0,2,438,675,675,301,200
cloudflare-ech.com,AR,Argentina,telefonica de argentina,22927,telefonica de argentina,22927,Telefonica de Argentina,true,false,,0,,,0,2,3406,4884,4885,301,200
cloudflare-ech.com,BE,Belgium,orange belgium,47377,orange belgium,47377,Orange Belgium SA,true,true,,0,,,0,2,384,598,598,301,200
cloudflare-ech.com,BJ,Benin,moov benin,,,,,,false,,56,CURLE_RECV_ERROR,"CONNECT tunnel failed, response 525",0,2,0,0,52,0,525
cloudflare-ech.com,BJ,Benin,moov benin,,,,,,true,,56,CURLE_RECV_ERROR,"CONNECT tunnel failed, response 525",0,2,0,0,51,0,525
cloudflare-ech.com,BZ,Belize,belize telemedia limited,10269,belize telemedia limited,10269,Belize Telemedia Limited,true,true,,0,,,0,2,534,786,786,301,200
cloudflare-ech.com,BT,Bhutan,druknet isp,,,,,,false,,56,CURLE_RECV_ERROR,"CONNECT tunnel failed, response 525",0,2,0,0,53,0,525
cloudflare-ech.com,BT,Bhutan,druknet isp,,,,,,true,,56,CURLE_RECV_ERROR,"CONNECT tunnel failed, response 525",0,2,0,0,54,0,525
cloudflare-ech.com,BE,Belgium,telenet,6848,telenet,6848,Telenet BV,true,false,,0,,,0,2,658,940,941,301,200
cloudflare-ech.com,BE,Belgium,telenet,6848,telenet,6848,Telenet BV,true,true,,0,,,0,2,461,737,738,301,200
cloudflare-ech.com,BZ,Belize,belize telemedia limited,10269,belize telemedia limited,10269,Belize Telemedia Limited,true,false,,0,,,0,2,318,542,542,301,200
cloudflare-ech.com,AU,Australia,vocus,9443,vocus,9443,VOCUS PTY LTD,true,false,,0,,,0,2,2654,4250,4250,301,200
cloudflare-ech.com,BO,"Bolivia, Plurinational State of",universidad mayor de san simon,,,,,,false,,56,CURLE_RECV_ERROR,"CONNECT tunnel failed, response 525",67,68,0,0,124,0,525
cloudflare-ech.com,BZ,Belize,speednet wireless,262239,speednet wireless,262239,Speednet Communications Limited,true,false,,0,,,0,2,441,806,806,301,200
cloudflare-ech.com,BO,"Bolivia, Plurinational State of",universidad mayor de san simon,,,,,,true,,56,CURLE_RECV_ERROR,"CONNECT tunnel failed, response 525",0,2,0,0,55,0,525
cloudflare-ech.com,BZ,Belize,speednet wireless,262239,speednet wireless,262239,Speednet Communications Limited,true,true,,0,,,0,1,470,838,839,301,200
cloudflare-ech.com,AU,Australia,vocus,9443,vocus,9443,VOCUS PTY LTD,true,true,,0,,,0,2,3139,4747,4747,301,200
cloudflare-ech.com,BA,Bosnia and Herzegovina,jp ht d.d. mostar,,,,,,false,,56,CURLE_RECV_ERROR,"CONNECT tunnel failed, response 525",0,2,0,0,56,0,525
cloudflare-ech.com,BO,"Bolivia, Plurinational State of",entel bolivia,6568,entel bolivia,6568,Entel S.A. - EntelNet,true,false,,0,,,0,2,661,906,907,301,200
cloudflare-ech.com,BO,"Bolivia, Plurinational State of",entel bolivia,6568,entel bolivia,6568,Entel S.A. - EntelNet,true,true,,0,,,0,2,479,689,689,301,200
cloudflare-ech.com,BA,Bosnia and Herzegovina,jp ht d.d. mostar,,,,,,true,,56,CURLE_RECV_ERROR,"CONNECT tunnel failed, response 525",0,2,0,0,52,0,525
cloudflare-ech.com,BO,"Bolivia, Plurinational State of",tigo bolivia,27882,tigo bolivia,27882,Telefónica Celular de Bolivia S.A.,true,false,,0,,,0,2,716,1038,1039,301,200
cloudflare-ech.com,BO,"Bolivia, Plurinational State of",tigo bolivia,27882,tigo bolivia,27882,Telefónica Celular de Bolivia S.A.,true,true,,0,,,0,2,584,902,902,301,200
cloudflare-ech.com,AR,Argentina,telefonica de argentina,22927,telefonica de argentina,22927,Telefonica de Argentina,true,true,,0,,,0,2,4216,7164,7164,301,200
cloudflare-ech.com,BO,"Bolivia, Plurinational State of",nuevatel pcs de bolivia s.a.,28024,nuevatel pcs de bolivia s.a.,28024,Nuevatel PCS de Bolivia S.A.,true,false,,0,,,0,2,1676,2070,2070,301,200
cloudflare-ech.com,BA,Bosnia and Herzegovina,mtel bosnia,25144,mtel bosnia,25144,"""Telekomunikacije Republike Srpske"" akcionarsko drustvo Banja Luka",true,false,,0,,,0,2,511,1027,1027,301,200
cloudflare-ech.com,BE,Belgium,lycamobile,,,,,,true,,56,CURLE_RECV_ERROR,"CONNECT tunnel failed, response 525",0,2,0,0,172,0,525
cloudflare-ech.com,BE,Belgium,lycamobile,,,,,,false,,56,CURLE_RECV_ERROR,"CONNECT tunnel failed, response 525",0,2,0,0,435,0,525
cloudflare-ech.com,BA,Bosnia and Herzegovina,mtel bosnia,25144,mtel bosnia,25144,"""Telekomunikacije Republike Srpske"" akcionarsko drustvo Banja Luka",true,true,,0,,,0,3,969,1307,1307,301,200
cloudflare-ech.com,AT,Austria,telekom austria,,,8447,A1 Telekom Austria AG,,true,,56,CURLE_RECV_ERROR,"CONNECT tunnel failed, response 500",0,2,0,0,15768,0,500
cloudflare-ech.com,BR,Brazil,algar telecom,,,,,,false,,56,CURLE_RECV_ERROR,"CONNECT tunnel failed, response 525",0,2,0,0,90,0,525
cloudflare-ech.com,AT,Austria,telekom austria,,,8447,A1 Telekom Austria AG,,false,,56,CURLE_RECV_ERROR,"CONNECT tunnel failed, response 500",0,2,0,0,15524,0,500
cloudflare-ech.com,BO,"Bolivia, Plurinational State of",nuevatel pcs de bolivia s.a.,28024,nuevatel pcs de bolivia s.a.,28024,Nuevatel PCS de Bolivia S.A.,true,true,,0,,,0,2,3705,4084,4084,301,200
cloudflare-ech.com,BR,Brazil,algar telecom,,,,,,true,,56,CURLE_RECV_ERROR,"CONNECT tunnel failed, response 525",0,2,0,0,91,0,525
cloudflare-ech.com,BR,Brazil,mobilelink provedor de servicos de internet ltda,274762,mobilelink provedor de servicos de internet ltda,274762,MOBILELINK PROVEDOR DE SERVICOS DE INTERNET LTDA,true,false,,0,,,0,2,467,844,844,301,200
cloudflare-ech.com,BR,Brazil,tim live,,,,,,true,,56,CURLE_RECV_ERROR,"CONNECT tunnel failed, response 525",0,2,0,0,86,0,525
cloudflare-ech.com,BW,Botswana,mascom-wireless-botswana,37014,mascom-wireless-botswana,37014,Mascom Wireless Ltd,true,true,,0,,,0,2,1194,1824,1824,301,200
cloudflare-ech.com,BR,Brazil,tim brasil,26615,tim brasil,26615,TIM S/A,true,false,,0,,,0,2,1019,1353,1353,301,200
cloudflare-ech.com,BR,Brazil,gsm engenharia em tecnologia da informacao eireli,,,,,,false,,56,CURLE_RECV_ERROR,"CONNECT tunnel failed, response 525",0,2,0,0,82,0,525
cloudflare-ech.com,BR,Brazil,gsm engenharia em tecnologia da informacao eireli,,,,,,true,,56,CURLE_RECV_ERROR,"CONNECT tunnel failed, response 525",0,2,0,0,85,0,525
cloudflare-ech.com,BA,Bosnia and Herzegovina,bh telecom d.d. sarajevo,9146,bh telecom d.d. sarajevo,9146,BH Telecom d.d. Sarajevo,true,false,,0,,,0,2,1162,1766,1766,301,200
cloudflare-ech.com,BR,Brazil,vivo,27699,vivo,27699,TELEFÔNICA BRASIL S.A,true,false,,0,,,0,2,389,652,652,301,200
cloudflare-ech.com,BR,Brazil,unifique telecomunicacoes sa,,,,,,false,,56,CURLE_RECV_ERROR,"CONNECT tunnel failed, response 525",0,2,0,0,82,0,525
cloudflare-ech.com,BR,Brazil,unifique telecomunicacoes sa,,,,,,true,,56,CURLE_RECV_ERROR,"CONNECT tunnel failed, response 525",0,2,0,0,86,0,525
cloudflare-ech.com,BR,Brazil,vivo,27699,vivo,27699,TELEFÔNICA BRASIL S.A,true,true,,0,,,0,2,567,834,834,301,200
cloudflare-ech.com,BR,Brazil,tim live,,,,,,false,,56,CURLE_RECV_ERROR,"CONNECT tunnel failed, response 525",0,2,0,0,79,0,525
cloudflare-ech.com,BW,Botswana,botswana telecommunications corporation,14988,botswana telecommunications corporation,14988,Botswana Telecommunications Corporation,true,false,,0,,,0,2,1043,1570,1570,301,200
cloudflare-ech.com,BR,Brazil,surf telecom s.a.,,,,,,false,,56,CURLE_RECV_ERROR,"CONNECT tunnel failed, response 525",0,2,0,0,87,0,525
cloudflare-ech.com,BW,Botswana,mascom-wireless-botswana,37014,mascom-wireless-botswana,37014,Mascom Wireless Ltd,true,false,,0,,,0,1,852,1323,1323,301,200
cloudflare-ech.com,BA,Bosnia and Herzegovina,bh telecom d.d. sarajevo,9146,bh telecom d.d. sarajevo,9146,BH Telecom d.d. Sarajevo,true,true,,0,,,0,2,1630,2248,2248,301,200
cloudflare-ech.com,BR,Brazil,surf telecom s.a.,,,,,,true,,56,CURLE_RECV_ERROR,"CONNECT tunnel failed, response 525",0,2,0,0,80,0,525
cloudflare-ech.com,BW,Botswana,botswana telecommunications corporation,14988,botswana telecommunications corporation,14988,Botswana Telecommunications Corporation,true,true,,0,,,0,2,1049,1568,1568,301,200
cloudflare-ech.com,BR,Brazil,mobilelink provedor de servicos de internet ltda,274762,mobilelink provedor de servicos de internet ltda,274762,MOBILELINK PROVEDOR DE SERVICOS DE INTERNET LTDA,true,true,,0,,,0,2,596,853,854,301,200
cloudflare-ech.com,BR,Brazil,brisanet,28126,brisanet,28126,BRISANET SERVICOS DE TELECOMUNICACOES S.A,true,false,,0,,,0,2,756,1034,1035,301,200
cloudflare-ech.com,BR,Brazil,tim brasil,26615,tim brasil,26615,TIM S/A,true,true,,0,,,0,2,958,1320,1320,301,200
cloudflare-ech.com,BR,Brazil,brisanet,28126,brisanet,28126,BRISANET SERVICOS DE TELECOMUNICACOES S.A,true,true,,0,,,0,2,527,815,815,301,200
cloudflare-ech.com,BO,"Bolivia, Plurinational State of",telefonica celular de bolivia s.a.,27882,telefonica celular de bolivia s.a.,27882,Telefónica Celular de Bolivia S.A.,true,false,,0,,,84,85,4424,5630,5630,301,200
cloudflare-ech.com,BR,Brazil,ita.net telecom,268038,ita.net telecom,268038,LG Telecomunicacoes,true,false,,0,,,0,2,694,950,950,301,200
cloudflare-ech.com,BN,Brunei Darussalam,unified national networks (unn) sdn bhd,10094,unified national networks (unn) sdn bhd,10094,Unified National Networks,true,false,,0,,,0,2,720,1126,1126,301,200
cloudflare-ech.com,BG,Bulgaria,lycamobile,,,,,,false,,56,CURLE_RECV_ERROR,"CONNECT tunnel failed, response 525",0,2,0,0,55,0,525
cloudflare-ech.com,BR,Brazil,ita.net telecom,268038,ita.net telecom,268038,LG Telecomunicacoes,true,true,,0,,,88,89,545,798,799,301,200
cloudflare-ech.com,BG,Bulgaria,horizon scope mobile telecom wll,,,,,,false,,56,CURLE_RECV_ERROR,"CONNECT tunnel failed, response 525",0,1,0,0,54,0,525
cloudflare-ech.com,BG,Bulgaria,lycamobile,,,,,,true,,56,CURLE_RECV_ERROR,"CONNECT tunnel failed, response 525",0,2,0,0,56,0,525
cloudflare-ech.com,BG,Bulgaria,horizon scope mobile telecom wll,,,,,,true,,56,CURLE_RECV_ERROR,"CONNECT tunnel failed, response 525",0,2,0,0,53,0,525
cloudflare-ech.com,BF,Burkina Faso,orange burkina faso,,,,,,false,,56,CURLE_RECV_ERROR,"CONNECT tunnel failed, response 525",0,2,0,0,56,0,525
cloudflare-ech.com,BF,Burkina Faso,orange burkina faso,,,,,,true,,56,CURLE_RECV_ERROR,"CONNECT tunnel failed, response 525",0,2,0,0,55,0,525
cloudflare-ech.com,BN,Brunei Darussalam,unified national networks (unn) sdn bhd,10094,unified national networks (unn) sdn bhd,10094,Unified National Networks,true,true,,0,,,0,2,664,1068,1068,301,200
cloudflare-ech.com,BF,Burkina Faso,telecel-faso,,,,,,false,,56,CURLE_RECV_ERROR,"CONNECT tunnel failed, response 525",0,2,0,0,49,0,525
cloudflare-ech.com,BO,"Bolivia, Plurinational State of",telefonica celular de bolivia s.a.,27882,telefonica celular de bolivia s.a.,27882,Telefónica Celular de Bolivia S.A.,true,true,,0,,,0,2,3303,3820,3820,301,200
cloudflare-ech.com,BF,Burkina Faso,telecel-faso,,,,,,true,,56,CURLE_RECV_ERROR,"CONNECT tunnel failed, response 525",0,2,0,0,51,0,525
cloudflare-ech.com,BI,Burundi,viettel burundi,,,,,,true,,56,CURLE_RECV_ERROR,"CONNECT tunnel failed, response 525",0,2,0,0,53,0,525
cloudflare-ech.com,BI,Burundi,viettel burundi,,,,,,false,,56,CURLE_RECV_ERROR,"CONNECT tunnel failed, response 525",0,1,0,0,51,0,525
cloudflare-ech.com,BI,Burundi,ucom-wic,,,,,,false,,56,CURLE_RECV_ERROR,"CONNECT tunnel failed, response 525",0,2,0,0,56,0,525
cloudflare-ech.com,BI,Burundi,ucom-wic,,,,,,true,,56,CURLE_RECV_ERROR,"CONNECT tunnel failed, response 525",0,2,0,0,57,0,525
cloudflare-ech.com,KH,Cambodia,"smart axiata co.,ltd",,,,,,false,,56,CURLE_RECV_ERROR,"CONNECT tunnel failed, response 525",0,2,0,0,56,0,525
cloudflare-ech.com,KH,Cambodia,"smart axiata co.,ltd",,,,,,true,,56,CURLE_RECV_ERROR,"CONNECT tunnel failed, response 525",0,2,0,0,53,0,525
cloudflare-ech.com,BG,Bulgaria,vivacom,8866,vivacom,8866,Vivacom Bulgaria EAD,true,false,,0,,,0,2,635,918,919,301,200
cloudflare-ech.com,KH,Cambodia,flash broadband pvt. ltd.,,,,,,false,,56,CURLE_RECV_ERROR,"CONNECT tunnel failed, response 525",0,2,0,0,55,0,525
cloudflare-ech.com,BG,Bulgaria,a1 bulgaria,12716,a1 bulgaria,12716,A1 Bulgaria EAD,true,true,,0,,,0,2,511,776,776,301,200
cloudflare-ech.com,KH,Cambodia,flash broadband pvt. ltd.,,,,,,true,,56,CURLE_RECV_ERROR,"CONNECT tunnel failed, response 525",0,2,0,0,54,0,525
cloudflare-ech.com,KH,Cambodia,smart axiata,,,,,,false,,56,CURLE_RECV_ERROR,"CONNECT tunnel failed, response 525",0,2,0,0,54,0,525
cloudflare-ech.com,KH,Cambodia,cellcard,,,,,,false,,56,CURLE_RECV_ERROR,"CONNECT tunnel failed, response 525",0,2,0,0,55,0,525
cloudflare-ech.com,BG,Bulgaria,a1 bulgaria,12716,a1 bulgaria,12716,A1 Bulgaria EAD,true,false,,0,,,0,2,391,650,650,301,200
cloudflare-ech.com,KH,Cambodia,cellcard,,,,,,true,,56,CURLE_RECV_ERROR,"CONNECT tunnel failed, response 525",0,2,0,0,56,0,525
cloudflare-ech.com,BJ,Benin,benin telecom,37424,benin telecom,37424,SPACETEL BENIN SA,true,true,,0,,,0,2,4875,8122,8123,301,200
cloudflare-ech.com,KH,Cambodia,smart axiata,,,,,,true,,56,CURLE_RECV_ERROR,"CONNECT tunnel failed, response 525",0,2,0,0,50,0,525
cloudflare-ech.com,KH,Cambodia,south east asia telecom cambodia,,,,,,false,,56,CURLE_RECV_ERROR,"CONNECT tunnel failed, response 525",0,1,0,0,49,0,525
cloudflare-ech.com,KH,Cambodia,south east asia telecom cambodia,,,,,,true,,56,CURLE_RECV_ERROR,"CONNECT tunnel failed, response 525",0,2,0,0,51,0,525
cloudflare-ech.com,BG,Bulgaria,vivacom,8866,vivacom,8866,Vivacom Bulgaria EAD,true,true,,0,,,0,2,585,894,894,301,200
cloudflare-ech.com,BJ,Benin,benin telecom,37424,benin telecom,37424,SPACETEL BENIN SA,true,false,,0,,,0,2,4265,6631,6631,301,200
cloudflare-ech.com,BW,Botswana,obo,36963,obo,36963,Orange Botswana (PTY) Ltd,true,false,,0,,,0,2,3385,6479,6479,301,200
cloudflare-ech.com,KH,Cambodia,metfone,38623,metfone,38623,"VIETTEL (CAMBODIA) PTE., LTD",true,true,,0,,,0,2,926,1332,1332,301,200
cloudflare-ech.com,CA,Canada,videotron ltee,,,,,,false,,56,CURLE_RECV_ERROR,"CONNECT tunnel failed, response 525",0,2,0,0,64,0,525
cloudflare-ech.com,KH,Cambodia,metfone,38623,metfone,38623,"VIETTEL (CAMBODIA) PTE., LTD",true,false,,0,,,0,2,1084,1477,1478,301,200
cloudflare-ech.com,CM,Cameroon,orange cameroun,36912,orange cameroun,36912,Orange Cameroun SA,true,false,,0,,,0,2,1172,1749,1749,301,200
cloudflare-ech.com,CA,Canada,videotron ltee,,,,,,true,,56,CURLE_RECV_ERROR,"CONNECT tunnel failed, response 525",0,2,0,0,63,0,525
cloudflare-ech.com,CA,Canada,sasktel,,,,,,false,,56,CURLE_RECV_ERROR,"CONNECT tunnel failed, response 525",0,2,0,0,62,0,525
cloudflare-ech.com,CA,Canada,sasktel,,,,,,true,,56,CURLE_RECV_ERROR,"CONNECT tunnel failed, response 525",0,2,0,0,61,0,525
cloudflare-ech.com,CM,Cameroon,orange cameroun,36912,orange cameroun,36912,Orange Cameroun SA,true,true,,0,,,78,79,1080,1659,1660,301,200
cloudflare-ech.com,CA,Canada,virgin plus,577,virgin plus,577,Bell Canada,true,false,,0,,,0,2,336,465,466,301,200
cloudflare-ech.com,CA,Canada,virgin plus,577,virgin plus,577,Bell Canada,true,true,,0,,,0,2,241,371,371,301,200
cloudflare-ech.com,CA,Canada,eastlink,11260,eastlink,11260,EastLink,true,true,,0,,,0,2,781,1219,1219,301,200
cloudflare-ech.com,BR,Brazil,claro brazil,4230,claro brazil,4230,CLARO S.A.,true,true,,0,,,0,2,4750,5384,5384,301,200
cloudflare-ech.com,CM,Cameroon,mtn cameroon,30992,mtn cameroon,30992,MTN Network Solutions (Cameroon),true,true,,0,,,0,1,1476,2334,2335,301,200
cloudflare-ech.com,CA,Canada,rogers cable,812,rogers cable,812,Rogers Communications Canada Inc.,true,false,,0,,,0,1,266,414,414,301,200
cloudflare-ech.com,CA,Canada,bell mobility,577,bell mobility,577,Bell Canada,true,false,,0,,,0,2,1788,2402,2402,301,200
cloudflare-ech.com,CM,Cameroon,mtn cameroon,30992,mtn cameroon,30992,MTN Network Solutions (Cameroon),true,false,,0,,,0,2,1545,2393,2394,301,200
cloudflare-ech.com,BR,Brazil,claro brazil,22085,claro brazil,4230,CLARO S.A.,false,false,,0,,,0,2,3394,4074,4074,301,200
cloudflare-ech.com,CA,Canada,eastlink,11260,eastlink,11260,EastLink,true,false,,0,,,0,2,670,982,982,301,200
cloudflare-ech.com,CA,Canada,rogers cable,812,rogers cable,812,Rogers Communications Canada Inc.,true,true,,0,,,1,2,235,378,379,301,200
cloudflare-ech.com,CA,Canada,bell canada,577,bell canada,577,Bell Canada,true,true,,0,,,0,2,111,209,210,301,200
cloudflare-ech.com,CM,Cameroon,camtel,15964,camtel,15964,CAMEROON TELECOMMUNICATIONS NETWORK,true,true,,0,,,0,2,1604,2250,2251,301,200
cloudflare-ech.com,CM,Cameroon,camtel,15964,camtel,15964,CAMEROON TELECOMMUNICATIONS NETWORK,true,false,,0,,,0,2,3356,4035,4035,301,200
cloudflare-ech.com,CA,Canada,northwestel,,,,,,false,,56,CURLE_RECV_ERROR,"CONNECT tunnel failed, response 525",0,2,0,0,63,0,525
cloudflare-ech.com,CA,Canada,bell canada,577,bell canada,577,Bell Canada,true,false,,0,,,0,2,117,208,208,301,200
cloudflare-ech.com,CA,Canada,northwestel,,,,,,true,,56,CURLE_RECV_ERROR,"CONNECT tunnel failed, response 525",0,2,0,0,63,0,525
cloudflare-ech.com,CV,Cape Verde,tmais,,,,,,true,,56,CURLE_RECV_ERROR,"CONNECT tunnel failed, response 525",0,2,0,0,51,0,525
cloudflare-ech.com,CV,Cape Verde,tmais,,,,,,false,,56,CURLE_RECV_ERROR,"CONNECT tunnel failed, response 525",0,2,0,0,51,0,525
cloudflare-ech.com,CA,Canada,telus communications,852,telus communications,852,TELUS Communications Inc.,true,false,,0,,,0,2,495,728,728,301,200
cloudflare-ech.com,CA,Canada,bell mobility,577,bell mobility,577,Bell Canada,true,true,,0,,,0,2,1961,2695,2696,301,200
cloudflare-ech.com,CV,Cape Verde,alou,,,,,,false,,56,CURLE_RECV_ERROR,"CONNECT tunnel failed, response 525",58,59,0,0,110,0,525
cloudflare-ech.com,CV,Cape Verde,alou,,,,,,true,,56,CURLE_RECV_ERROR,"CONNECT tunnel failed, response 525",58,60,0,0,114,0,525
cloudflare-ech.com,BF,Burkina Faso,onatel,25543,onatel,25543,ONATEL/FasoNet's Autonomous System ONATEL BURKINA,true,false,,0,,,0,2,1302,2063,2064,301,200
cloudflare-ech.com,BW,Botswana,obo,36963,obo,36963,Orange Botswana (PTY) Ltd,true,true,,0,,,0,2,6705,9593,9594,301,200
cloudflare-ech.com,CF,Central African Republic,orange central african republic,,,,,,false,,56,CURLE_RECV_ERROR,"CONNECT tunnel failed, response 525",0,2,0,0,51,0,525
cloudflare-ech.com,CF,Central African Republic,orange central african republic,,,,,,true,,56,CURLE_RECV_ERROR,"CONNECT tunnel failed, response 525",0,2,0,0,54,0,525
cloudflare-ech.com,CF,Central African Republic,moovafricacentrafrique,,,,,,false,,56,CURLE_RECV_ERROR,"CONNECT tunnel failed, response 525",0,2,0,0,54,0,525
cloudflare-ech.com,CF,Central African Republic,moovafricacentrafrique,,,,,,true,,56,CURLE_RECV_ERROR,"CONNECT tunnel failed, response 525",0,2,0,0,57,0,525
cloudflare-ech.com,TD,Chad,ilnet-telecom,,,,,,false,,56,CURLE_RECV_ERROR,"CONNECT tunnel failed, response 525",0,1,0,0,52,0,525
cloudflare-ech.com,TD,Chad,ilnet-telecom,,,,,,true,,56,CURLE_RECV_ERROR,"CONNECT tunnel failed, response 525",0,2,0,0,55,0,525
cloudflare-ech.com,CA,Canada,bell dsl internet,577,bell dsl internet,577,Bell Canada,true,false,,0,,,0,2,357,914,914,301,200
cloudflare-ech.com,CA,Canada,telus communications,852,telus communications,852,TELUS Communications Inc.,true,true,,0,,,0,1,515,720,720,301,200
cloudflare-ech.com,CA,Canada,rogers wireless,812,rogers wireless,812,Rogers Communications Canada Inc.,true,false,,0,,,0,2,371,601,601,301,200
cloudflare-ech.com,BF,Burkina Faso,onatel,25543,onatel,25543,ONATEL/FasoNet's Autonomous System ONATEL BURKINA,true,true,,0,,,0,2,1082,1632,1632,301,200
cloudflare-ech.com,CA,Canada,rogers wireless,812,rogers wireless,812,Rogers Communications Canada Inc.,true,true,,0,,,0,2,205,393,394,301,200
cloudflare-ech.com,CA,Canada,bell dsl internet,577,bell dsl internet,577,Bell Canada,true,true,,0,,,0,2,476,954,954,301,200
cloudflare-ech.com,CL,Chile,movistar chile,,,,,,true,,56,CURLE_RECV_ERROR,"CONNECT tunnel failed, response 525",0,2,0,0,68,0,525
cloudflare-ech.com,CA,Canada,freedom mobile,20365,freedom mobile,20365,Videotron Ltee,true,false,,0,,,0,2,1211,1601,1602,301,200
cloudflare-ech.com,CL,Chile,movistar chile,,,,,,false,,56,CURLE_RECV_ERROR,"CONNECT tunnel failed, response 525",0,2,0,0,62,0,525
cloudflare-ech.com,CL,Chile,mundo chile,,,,,,true,,56,CURLE_RECV_ERROR,"CONNECT tunnel failed, response 525",0,2,0,0,65,0,525
cloudflare-ech.com,CL,Chile,mundo chile,,,,,,false,,56,CURLE_RECV_ERROR,"CONNECT tunnel failed, response 525",0,2,0,0,66,0,525
cloudflare-ech.com,CA,Canada,freedom mobile,20365,freedom mobile,20365,Videotron Ltee,true,true,,0,,,0,2,776,1157,1157,301,200
cloudflare-ech.com,KY,Cayman Islands,digicel cayman,13771,digicel cayman,13771,Digicel Cayman Limited,true,false,,0,,,0,2,612,1113,1113,301,200
cloudflare-ech.com,CL,Chile,entel hogar fibra,27651,entel hogar fibra,27651,ENTEL CHILE S.A.,true,false,,0,,,0,2,776,1129,1129,301,200
cloudflare-ech.com,CN,China,china telecom,,,,,,false,,56,CURLE_RECV_ERROR,"CONNECT tunnel failed, response 525",0,2,0,0,64,0,525
cloudflare-ech.com,CN,China,china telecom,,,,,,true,,56,CURLE_RECV_ERROR,"CONNECT tunnel failed, response 525",0,2,0,0,68,0,525
cloudflare-ech.com,CN,China,henan mobile communications,,,,,,false,,56,CURLE_RECV_ERROR,"CONNECT tunnel failed, response 525",1,2,0,0,64,0,525
cloudflare-ech.com,CL,Chile,entel hogar fibra,27651,entel hogar fibra,27651,ENTEL CHILE S.A.,true,true,,0,,,0,2,736,1133,1134,301,200
cloudflare-ech.com,KY,Cayman Islands,digicel cayman,13771,digicel cayman,13771,Digicel Cayman Limited,true,true,,0,,,0,2,743,1172,1173,301,200
cloudflare-ech.com,CL,Chile,movistar movil chile,7418,movistar movil chile,7418,TELEFÓNICA CHILE S.A.,true,false,,0,,,0,2,995,1553,1554,301,200
cloudflare-ech.com,CN,China,henan mobile communications,,,,,,true,,56,CURLE_RECV_ERROR,"CONNECT tunnel failed, response 525",0,2,0,0,66,0,525
cloudflare-ech.com,CN,China,china mobile shandong,,,,,,false,,56,CURLE_RECV_ERROR,"CONNECT tunnel failed, response 525",0,1,0,0,63,0,525
cloudflare-ech.com,CN,China,china mobile shandong,,,,,,true,,56,CURLE_RECV_ERROR,"CONNECT tunnel failed, response 525",0,2,0,0,58,0,525
cloudflare-ech.com,CN,China,heilongjiang mobile communication company,,,,,,false,,56,CURLE_RECV_ERROR,"CONNECT tunnel failed, response 525",0,2,0,0,60,0,525
cloudflare-ech.com,CN,China,china mobile hebei,,,,,,false,,56,CURLE_RECV_ERROR,"CONNECT tunnel failed, response 525",0,1,0,0,63,0,525
cloudflare-ech.com,CN,China,tianjin mobile communication company,,,,,,false,,56,CURLE_RECV_ERROR,"CONNECT tunnel failed, response 525",0,2,0,0,62,0,525
cloudflare-ech.com,CN,China,tianjin mobile communication company,,,,,,true,,56,CURLE_RECV_ERROR,"CONNECT tunnel failed, response 525",0,2,0,0,60,0,525
cloudflare-ech.com,CN,China,heilongjiang mobile communication company,,,,,,true,,56,CURLE_RECV_ERROR,"CONNECT tunnel failed, response 525",0,2,0,0,62,0,525
cloudflare-ech.com,CN,China,shanghai mobile communications,,,,,,false,,56,CURLE_RECV_ERROR,"CONNECT tunnel failed, response 525",0,1,0,0,62,0,525
cloudflare-ech.com,CN,China,china mobile hebei,,,,,,true,,56,CURLE_RECV_ERROR,"CONNECT tunnel failed, response 525",0,2,0,0,56,0,525
cloudflare-ech.com,CN,China,shanghai mobile communications,,,,,,true,,56,CURLE_RECV_ERROR,"CONNECT tunnel failed, response 525",0,2,0,0,56,0,525
cloudflare-ech.com,CL,Chile,movistar movil chile,7418,movistar movil chile,7418,TELEFÓNICA CHILE S.A.,true,true,,0,,,0,2,1135,1533,1533,301,200
cloudflare-ech.com,TD,Chad,millicom-chad,327802,millicom-chad,327802,MILLICOM CHAD SA,true,false,,0,,,1,2,1506,2270,2270,301,200
cloudflare-ech.com,CL,Chile,wom chile,52341,wom chile,52341,WOM S.A.,true,false,,0,,,0,2,688,978,978,301,200
cloudflare-ech.com,CL,Chile,entel chile,27651,entel chile,27651,ENTEL CHILE S.A.,true,false,,0,,,0,2,630,1001,1002,301,200
cloudflare-ech.com,CL,Chile,claro chile,6535,claro chile,27995,CLARO CHILE S.A.,false,false,,0,,,0,2,1185,1697,1697,301,200
cloudflare-ech.com,CL,Chile,claro chile,6535,claro chile,27995,CLARO CHILE S.A.,false,true,,0,,,0,2,1022,1788,1788,301,200
cloudflare-ech.com,CO,Colombia,movistar colombia,3816,movistar colombia,3816,COLOMBIA TELECOMUNICACIONES S.A. ESP,true,false,,0,,,0,2,488,749,750,301,200
cloudflare-ech.com,CL,Chile,wom chile,52341,wom chile,52341,WOM S.A.,true,true,,0,,,0,2,668,926,927,301,200
cloudflare-ech.com,CL,Chile,entel chile,27651,entel chile,27651,ENTEL CHILE S.A.,true,true,,0,,,0,2,574,890,890,301,200
cloudflare-ech.com,TD,Chad,millicom-chad,327802,millicom-chad,327802,MILLICOM CHAD SA,true,true,,0,,,0,2,1684,2285,2285,301,200
cloudflare-ech.com,CO,Colombia,claro colombia,26611,claro colombia,26611,COMCEL S.A.,true,false,,0,,,46,48,745,1088,1089,301,200
cloudflare-ech.com,CO,Colombia,tigo colombia,13489,tigo colombia,13489,EPM Telecomunicaciones S.A. E.S.P.,true,false,,0,,,0,2,478,700,700,301,200
cloudflare-ech.com,CO,Colombia,movistar colombia,3816,movistar colombia,3816,COLOMBIA TELECOMUNICACIONES S.A. ESP,true,true,,0,,,0,2,610,889,889,301,200
cloudflare-ech.com,CO,Colombia,claro colombia,26611,claro colombia,26611,COMCEL S.A.,true,true,,0,,,0,2,597,974,975,301,200
cloudflare-ech.com,CN,China,china unicom,4808,china unicom,4808,China Unicom Beijing Province Network,true,false,,0,,,0,2,1619,2305,2305,301,200
cloudflare-ech.com,CO,Colombia,tigo colombia,13489,tigo colombia,13489,EPM Telecomunicaciones S.A. E.S.P.,true,true,,0,,,0,2,432,701,701,301,200
cloudflare-ech.com,CO,Colombia,partners telecom colombia sas,271773,partners telecom colombia sas,271773,PARTNERS TELECOM COLOMBIA SAS,true,true,,0,,,0,1,1426,1658,1659,301,200
cloudflare-ech.com,CN,China,china unicom,4808,china unicom,4808,China Unicom Beijing Province Network,true,true,,0,,,0,2,1318,1977,1977,301,200
cloudflare-ech.com,KM,Comoros,comores telecom,36939,comores telecom,36939,Comores Telecom,true,false,,0,,,0,1,954,1342,1343,301,200
cloudflare-ech.com,KM,Comoros,comores telecom,36939,comores telecom,36939,Comores Telecom,true,true,,0,,,0,2,800,1188,1188,301,200
cloudflare-ech.com,CD,"Congo, the Democratic Republic of the",africell-drc,,,,,,true,,56,CURLE_RECV_ERROR,"CONNECT tunnel failed, response 525",0,2,0,0,55,0,525
cloudflare-ech.com,CN,China,china mobile,56047,china mobile,56047,China Mobile Communications Corporation,true,true,,0,,,0,2,2207,3483,3483,301,200
cloudflare-ech.com,CD,"Congo, the Democratic Republic of the",africell-drc,,,,,,false,,56,CURLE_RECV_ERROR,"CONNECT tunnel failed, response 525",0,2,0,0,55,0,525
cloudflare-ech.com,CO,Colombia,etb,19429,etb,19429,ETB - Colombia,true,false,,0,,,0,2,1618,2804,2804,301,200
cloudflare-ech.com,CG,Congo,mtn congo,37463,mtn congo,37463,MTN CONGO,true,false,,0,,,1,3,1105,1668,1669,301,200
cloudflare-ech.com,CN,China,china mobile,56047,china mobile,56047,China Mobile Communications Corporation,true,false,,0,,,0,2,2173,2793,2794,301,200
cloudflare-ech.com,CO,Colombia,etb,19429,etb,19429,ETB - Colombia,true,true,,0,,,0,2,1511,2163,2164,301,200
cloudflare-ech.com,CG,Congo,mtn congo,37463,mtn congo,37463,MTN CONGO,true,true,,0,,,0,2,896,1429,1429,301,200
cloudflare-ech.com,CR,Costa Rica,grupo ice,,,,,,false,,56,CURLE_RECV_ERROR,"CONNECT tunnel failed, response 525",1,2,0,0,59,0,525
cloudflare-ech.com,CD,"Congo, the Democratic Republic of the",airtel drc,37020,airtel drc,327708,Airtel Rwanda Ltd,false,false,,0,,,0,2,1307,1756,1756,301,200
cloudflare-ech.com,CR,Costa Rica,grupo ice,,,,,,true,,56,CURLE_RECV_ERROR,"CONNECT tunnel failed, response 525",0,2,0,0,55,0,525
cloudflare-ech.com,BG,Bulgaria,yettel bulgaria,29244,yettel bulgaria,29244,CETIN Bulgaria EAD,true,true,,0,,,0,2,5933,6159,6159,301,200
cloudflare-ech.com,BG,Bulgaria,yettel bulgaria,29244,yettel bulgaria,29244,CETIN Bulgaria EAD,true,false,,0,,,0,2,5918,6142,6142,301,200
cloudflare-ech.com,CO,Colombia,partners telecom colombia sas,271773,partners telecom colombia sas,271773,PARTNERS TELECOM COLOMBIA SAS,true,false,,0,,,0,2,3429,3659,3659,301,200
cloudflare-ech.com,CR,Costa Rica,claro cr telecomunicaciones s.a.,14754,claro cr telecomunicaciones s.a.,14754,Telgua,true,false,,0,,,0,2,593,961,961,301,200
cloudflare-ech.com,CD,"Congo, the Democratic Republic of the",vodacom congo,37453,vodacom congo,37453,Vodacom Congo,true,true,,0,,,0,2,1314,1880,1881,301,200
cloudflare-ech.com,CR,Costa Rica,movistar costa rica,262202,movistar costa rica,262202,"Telefonica de Costa Rica TC, SA",true,false,,0,,,0,2,581,877,877,301,200
cloudflare-ech.com,CD,"Congo, the Democratic Republic of the",airtel drc,37020,airtel drc,327708,Airtel Rwanda Ltd,false,true,,0,,,52,53,1091,1520,1520,301,200
cloudflare-ech.com,CD,"Congo, the Democratic Republic of the",vodacom congo,37453,vodacom congo,37453,Vodacom Congo,true,false,,0,,,0,2,996,1574,1575,301,200
cloudflare-ech.com,CR,Costa Rica,claro cr telecomunicaciones s.a.,14754,claro cr telecomunicaciones s.a.,14754,Telgua,true,true,,0,,,0,1,586,974,974,301,200
cloudflare-ech.com,CR,Costa Rica,movistar costa rica,262202,movistar costa rica,262202,"Telefonica de Costa Rica TC, SA",true,true,,0,,,0,2,514,819,819,301,200
cloudflare-ech.com,CD,"Congo, the Democratic Republic of the",orange rdc,37447,orange rdc,37447,ORANGE RDC,true,false,,0,,,0,2,1052,1502,1502,301,200
cloudflare-ech.com,HR,Croatia,hrvatski telekom,5391,hrvatski telekom,5391,Hrvatski Telekom d.d.,true,true,,0,,,0,2,457,653,653,301,200
cloudflare-ech.com,CD,"Congo, the Democratic Republic of the",orange rdc,37447,orange rdc,37447,ORANGE RDC,true,true,,0,,,0,2,925,1382,1382,301,200
cloudflare-ech.com,HR,Croatia,hrvatski telekom,5391,hrvatski telekom,5391,Hrvatski Telekom d.d.,true,false,,0,,,0,2,462,646,647,301,200
cloudflare-ech.com,CG,Congo,airtel congo,37550,airtel congo,37550,Airtel Congo S.A,true,true,,0,,,0,2,1933,3043,3044,301,200
cloudflare-ech.com,HR,Croatia,a1 hrvatska mobile,12810,a1 hrvatska mobile,12810,A1 Hrvatska d.o.o.,true,false,,0,,,0,2,717,1028,1028,301,200
cloudflare-ech.com,HR,Croatia,telemach hrvatska,205714,telemach hrvatska,205714,Telemach Hrvatska d.o.o.,true,true,,0,,,0,2,457,746,747,301,200
cloudflare-ech.com,CW,Curaçao,verizon internet services,,,,,,true,,56,CURLE_RECV_ERROR,"CONNECT tunnel failed, response 525",0,2,0,0,55,0,525
cloudflare-ech.com,HR,Croatia,a1 hrvatska mobile,12810,a1 hrvatska mobile,12810,A1 Hrvatska d.o.o.,true,true,,0,,,0,2,660,979,979,301,200
cloudflare-ech.com,CW,Curaçao,verizon internet services,,,,,,false,,56,CURLE_RECV_ERROR,"CONNECT tunnel failed, response 525",0,2,0,0,56,0,525
cloudflare-ech.com,HR,Croatia,telemach hrvatska,205714,telemach hrvatska,205714,Telemach Hrvatska d.o.o.,true,false,,0,,,0,2,456,734,734,301,200
cloudflare-ech.com,CI,Côte d'Ivoire,mtn cote divoire s.a,36974,mtn cote divoire s.a,36974,MTN COTE D'IVOIRE S.A,true,true,,0,,,0,2,1021,1626,1627,301,200
cloudflare-ech.com,CY,Cyprus,cyprus telecommunications authority - cyprus,,,,,,false,,56,CURLE_RECV_ERROR,"CONNECT tunnel failed, response 525",0,2,0,0,57,0,525
cloudflare-ech.com,HR,Croatia,vipnet,12810,vipnet,12810,A1 Hrvatska d.o.o.,true,false,,0,,,0,2,569,827,828,301,200
cloudflare-ech.com,CY,Cyprus,cyprus telecommunications authority - cyprus,,,,,,true,,56,CURLE_RECV_ERROR,"CONNECT tunnel failed, response 525",0,2,0,0,51,0,525
cloudflare-ech.com,HR,Croatia,vipnet,12810,vipnet,12810,A1 Hrvatska d.o.o.,true,true,,0,,,0,2,482,684,685,301,200
cloudflare-ech.com,CY,Cyprus,lifecell digital ltd,,,,,,false,,56,CURLE_RECV_ERROR,"CONNECT tunnel failed, response 525",0,2,0,0,56,0,525
cloudflare-ech.com,CY,Cyprus,lifecell digital ltd,,,,,,true,,56,CURLE_RECV_ERROR,"CONNECT tunnel failed, response 525",0,2,0,0,71,0,525
cloudflare-ech.com,CG,Congo,airtel congo,37550,airtel congo,37550,Airtel Congo S.A,true,false,,0,,,0,1,3375,4195,4195,301,200
cloudflare-ech.com,CI,Côte d'Ivoire,orange cote divoire,29571,orange cote divoire,29571,ORANGE COTE D'IVOIRE,true,false,,0,,,0,2,1291,2251,2251,301,200
cloudflare-ech.com,CI,Côte d'Ivoire,mtn cote divoire s.a,36974,mtn cote divoire s.a,36974,MTN COTE D'IVOIRE S.A,true,false,,0,,,0,2,922,1429,1430,301,200
cloudflare-ech.com,CI,Côte d'Ivoire,orange cote divoire,29571,orange cote divoire,29571,ORANGE COTE D'IVOIRE,true,true,,0,,,0,2,743,1125,1125,301,200
cloudflare-ech.com,CW,Curaçao,digicel curacao,27660,digicel curacao,27660,Curacao Telecom,true,false,,0,,,0,2,580,969,969,301,200
cloudflare-ech.com,CY,Cyprus,cablenet communication systems,35432,cablenet communication systems,35432,Cablenet Communication Systems plc,true,true,,0,,,0,2,767,1096,1096,301,200
cloudflare-ech.com,CW,Curaçao,digicel curacao,27660,digicel curacao,27660,Curacao Telecom,true,true,,0,,,0,2,540,968,968,301,200
cloudflare-ech.com,CY,Cyprus,cablenet communication systems,35432,cablenet communication systems,35432,Cablenet Communication Systems plc,true,false,,0,,,0,2,486,795,795,301,200
cloudflare-ech.com,CY,Cyprus,kktcell,47883,kktcell,47883,KIBRIS MOBILE TELEKOMUNIKASYON LTD.,true,true,,0,,,0,2,891,1110,1110,301,200
cloudflare-ech.com,CY,Cyprus,epic,15805,epic,15805,EPIC LTD,true,false,,0,,,0,2,618,993,994,301,200
cloudflare-ech.com,CI,Côte d'Ivoire,atlantique telecom,37190,atlantique telecom,37190,Atlantique Telecom (Cote d'Ivoire),true,false,,0,,,60,62,2398,2840,2840,301,200
cloudflare-ech.com,CY,Cyprus,kktcell,47883,kktcell,47883,KIBRIS MOBILE TELEKOMUNIKASYON LTD.,true,false,,0,,,0,2,580,919,920,301,200
cloudflare-ech.com,CY,Cyprus,epic,15805,epic,15805,EPIC LTD,true,true,,0,,,0,2,706,1107,1107,301,200
cloudflare-ech.com,CY,Cyprus,kktc telsim,62211,kktc telsim,62211,VODAFONE MOBILE OPERATIONS LTD.,true,false,,0,,,1,2,551,874,874,301,200
cloudflare-ech.com,CI,Côte d'Ivoire,mtn cote divoire,36974,mtn cote divoire,36974,MTN COTE D'IVOIRE S.A,true,true,,0,,,0,1,1981,3850,3850,301,200
cloudflare-ech.com,CU,Cuba,"empresa de telecomunicaciones de cuba, s.a.",27725,"empresa de telecomunicaciones de cuba, s.a.",27725,"Empresa de Telecomunicaciones de Cuba, S.A.",true,false,,0,,,0,2,2080,2560,2560,301,200
cloudflare-ech.com,CI,Côte d'Ivoire,atlantique telecom,37190,atlantique telecom,37190,Atlantique Telecom (Cote d'Ivoire),true,true,,0,,,0,1,3916,4331,4331,301,200
cloudflare-ech.com,CY,Cyprus,primetel plc,8544,primetel plc,8544,Primetel PLC,true,false,,0,,,0,2,901,1349,1349,301,200
cloudflare-ech.com,CY,Cyprus,kktc telsim,62211,kktc telsim,62211,VODAFONE MOBILE OPERATIONS LTD.,true,true,,0,,,0,2,468,792,792,301,200
cloudflare-ech.com,CI,Côte d'Ivoire,mtn cote divoire,36974,mtn cote divoire,36974,MTN COTE D'IVOIRE S.A,true,false,,0,,,0,2,2596,5241,5241,301,200
cloudflare-ech.com,CY,Cyprus,primetel plc,8544,primetel plc,8544,Primetel PLC,true,true,,0,,,0,2,827,1246,1246,301,200
cloudflare-ech.com,CU,Cuba,"empresa de telecomunicaciones de cuba, s.a.",27725,"empresa de telecomunicaciones de cuba, s.a.",27725,"Empresa de Telecomunicaciones de Cuba, S.A.",true,true,,0,,,0,2,2725,3218,3218,301,200
cloudflare-ech.com,DK,Denmark,tdc net,3292,tdc net,3292,TDC Holding A/S,true,false,,0,,,0,2,486,653,654,301,200
cloudflare-ech.com,CZ,Czech Republic,t-mobile czech dsl,13036,t-mobile czech dsl,13036,T-Mobile Czech Republic a.s.,true,false,,0,,,0,2,459,655,655,301,200
cloudflare-ech.com,CZ,Czech Republic,t-mobile czech dsl,13036,t-mobile czech dsl,13036,T-Mobile Czech Republic a.s.,true,true,,0,,,0,2,458,654,655,301,200
cloudflare-ech.com,DK,Denmark,telenor,9158,telenor,9158,Telenor A/S,true,false,,0,,,0,2,470,707,708,301,200
cloudflare-ech.com,DJ,Djibouti,djibouti telecom,,,,,,false,,56,CURLE_RECV_ERROR,"CONNECT tunnel failed, response 525",0,2,0,0,53,0,525
cloudflare-ech.com,DJ,Djibouti,djibouti telecom,,,,,,true,,56,CURLE_RECV_ERROR,"CONNECT tunnel failed, response 525",0,2,0,0,62,0,525
cloudflare-ech.com,DK,Denmark,telenor,9158,telenor,9158,Telenor A/S,true,true,,0,,,0,2,439,684,684,301,200
cloudflare-ech.com,DM,Dominica,digicel saint lucia,,,,,,false,,56,CURLE_RECV_ERROR,"CONNECT tunnel failed, response 525",0,2,0,0,74,0,525
cloudflare-ech.com,DK,Denmark,tdc net,3292,tdc net,3292,TDC Holding A/S,true,true,,0,,,0,2,419,591,592,301,200
cloudflare-ech.com,DK,Denmark,hi3g access,44034,hi3g access,44034,Hi3G Access AB,true,false,,0,,,60,62,481,754,754,301,200
cloudflare-ech.com,DM,Dominica,digicel saint lucia,,,,,,true,,56,CURLE_RECV_ERROR,"CONNECT tunnel failed, response 525",0,2,0,0,82,0,525
cloudflare-ech.com,DK,Denmark,hi3g access,44034,hi3g access,44034,Hi3G Access AB,true,true,,0,,,0,2,455,683,684,301,200
cloudflare-ech.com,DK,Denmark,lycamobile,31404,lycamobile,31404,LYCATEL DISTRIBUTION UK LIMITED,true,false,,0,,,0,2,877,1347,1347,301,200
cloudflare-ech.com,DO,Dominican Republic,visnetwork srl,273861,visnetwork srl,273861,FASTNET SOLUTIONS SRL,true,true,,0,,,0,2,267,441,441,301,200
cloudflare-ech.com,DK,Denmark,telia,3308,telia,3308,Telia Company AB,true,false,,0,,,0,2,595,821,821,301,200
cloudflare-ech.com,DO,Dominican Republic,visnetwork srl,273861,visnetwork srl,273861,FASTNET SOLUTIONS SRL,true,false,,0,,,0,2,262,425,425,301,200
cloudflare-ech.com,DM,Dominica,flow,14813,flow,14813,Columbus Telecommunications (Barbados) Limited,true,true,,0,,,0,2,589,936,937,301,200
cloudflare-ech.com,DK,Denmark,telia,3308,telia,3308,Telia Company AB,true,true,,0,,,0,2,445,673,673,301,200
cloudflare-ech.com,DO,Dominican Republic,viva dominicana,46198,viva dominicana,46198,"Trilogy Dominicana, S.A.",true,false,,0,,,0,2,466,739,739,301,200
cloudflare-ech.com,DM,Dominica,flow,14813,flow,14813,Columbus Telecommunications (Barbados) Limited,true,false,,0,,,0,2,580,918,918,301,200
cloudflare-ech.com,DK,Denmark,lycamobile,31404,lycamobile,31404,LYCATEL DISTRIBUTION UK LIMITED,true,true,,0,,,0,2,1196,1575,1575,301,200
cloudflare-ech.com,EC,Ecuador,otecel s.a.,,,,,,false,,56,CURLE_RECV_ERROR,"CONNECT tunnel failed, response 525",0,2,0,0,61,0,525
cloudflare-ech.com,EC,Ecuador,otecel s.a.,,,,,,true,,56,CURLE_RECV_ERROR,"CONNECT tunnel failed, response 525",0,2,0,0,56,0,525
cloudflare-ech.com,EC,Ecuador,xtrim,,,,,,false,,56,CURLE_RECV_ERROR,"CONNECT tunnel failed, response 525",0,2,0,0,61,0,525
cloudflare-ech.com,EC,Ecuador,otecel,,,,,,false,,56,CURLE_RECV_ERROR,"CONNECT tunnel failed, response 525",0,2,0,0,57,0,525
cloudflare-ech.com,EC,Ecuador,otecel,,,,,,true,,56,CURLE_RECV_ERROR,"CONNECT tunnel failed, response 525",0,2,0,0,60,0,525
cloudflare-ech.com,EC,Ecuador,xtrim,,,,,,true,,56,CURLE_RECV_ERROR,"CONNECT tunnel failed, response 525",0,2,0,0,64,0,525
cloudflare-ech.com,EG,Egypt,telecom egypt,,,,,,true,,56,CURLE_RECV_ERROR,"CONNECT tunnel failed, response 525",0,2,0,0,58,0,525
cloudflare-ech.com,DO,Dominican Republic,viva dominicana,46198,viva dominicana,46198,"Trilogy Dominicana, S.A.",true,true,,0,,,0,2,400,663,663,301,200
cloudflare-ech.com,DO,Dominican Republic,altice dominicana s.a.,28118,altice dominicana s.a.,28118,ALTICE DOMINICANA S.A.,true,true,,0,,,0,2,663,1733,1734,301,200
cloudflare-ech.com,EG,Egypt,telecom egypt,,,,,,false,,56,CURLE_RECV_ERROR,"CONNECT tunnel failed, response 525",1,2,0,0,56,0,525
cloudflare-ech.com,DO,Dominican Republic,claro dominican republic,6400,claro dominican republic,6400,Compañía Dominicana de Teléfonos S. A.,true,true,,0,,,0,2,975,1434,1434,301,200
cloudflare-ech.com,DO,Dominican Republic,altice dominicana s.a.,28118,altice dominicana s.a.,28118,ALTICE DOMINICANA S.A.,true,false,,0,,,0,2,607,904,905,301,200
cloudflare-ech.com,DO,Dominican Republic,claro dominican republic,6400,claro dominican republic,6400,Compañía Dominicana de Teléfonos S. A.,true,false,,0,,,0,2,916,1314,1314,301,200
cloudflare-ech.com,EC,Ecuador,cnt ep,28006,cnt ep,28006,CORPORACION NACIONAL DE TELECOMUNICACIONES - CNT EP,true,false,,0,,,0,2,1101,1836,1836,301,200
cloudflare-ech.com,EC,Ecuador,cnt ep,28006,cnt ep,28006,CORPORACION NACIONAL DE TELECOMUNICACIONES - CNT EP,true,true,,0,,,0,2,1167,1934,1934,301,200
cloudflare-ech.com,CZ,Czech Republic,o2 czech republic,5610,o2 czech republic,5610,"O2 Czech Republic, a.s.",true,true,,0,,,0,2,4500,4757,4757,301,200
cloudflare-ech.com,EG,Egypt,e& egypt,36992,e& egypt,36992,ETISALAT MISR,true,true,,0,,,0,2,1252,2390,2391,301,200
cloudflare-ech.com,CZ,Czech Republic,o2 czech republic,5610,o2 czech republic,5610,"O2 Czech Republic, a.s.",true,false,,0,,,0,2,5573,5922,5923,301,200
cloudflare-ech.com,EG,Egypt,e& egypt,36992,e& egypt,36992,ETISALAT MISR,true,false,,0,,,64,66,1145,2014,2014,301,200
cloudflare-ech.com,SV,El Salvador,tigo el salvador,17079,tigo el salvador,17079,Telemovil El Salvador S.A.,true,true,,0,,,0,1,637,921,921,301,200
cloudflare-ech.com,EG,Egypt,orange egypt,37069,orange egypt,37069,The Egyptian Company for Mobile Services (Mobinil),true,false,,0,,,0,2,655,946,947,301,200
cloudflare-ech.com,EG,Egypt,orange egypt,37069,orange egypt,37069,The Egyptian Company for Mobile Services (Mobinil),true,true,,0,,,0,2,626,910,911,301,200
cloudflare-ech.com,SV,El Salvador,claro el salvador,,,,,,true,,56,CURLE_RECV_ERROR,"CONNECT tunnel failed, response 525",0,2,0,0,55,0,525
cloudflare-ech.com,SV,El Salvador,claro el salvador,,,,,,false,,56,CURLE_RECV_ERROR,"CONNECT tunnel failed, response 525",0,2,0,0,61,0,525
cloudflare-ech.com,SV,El Salvador,ca network s.a. de c.v.,,,,,,false,,56,CURLE_RECV_ERROR,"CONNECT tunnel failed, response 525",0,2,0,0,56,0,525
cloudflare-ech.com,SV,El Salvador,claro guatemala,14754,claro guatemala,14754,Telgua,true,false,,0,,,0,2,583,951,951,301,200
cloudflare-ech.com,GQ,Equatorial Guinea,muni-eg,,,,,,true,,56,CURLE_RECV_ERROR,"CONNECT tunnel failed, response 525",0,2,0,0,51,0,525
cloudflare-ech.com,SV,El Salvador,ca network s.a. de c.v.,,,,,,true,,56,CURLE_RECV_ERROR,"CONNECT tunnel failed, response 525",0,2,0,0,55,0,525
cloudflare-ech.com,GQ,Equatorial Guinea,muni-eg,,,,,,false,,56,CURLE_RECV_ERROR,"CONNECT tunnel failed, response 525",0,2,0,0,53,0,525
cloudflare-ech.com,GQ,Equatorial Guinea,getesa (orange equatorial guinea),,,,,,false,,56,CURLE_RECV_ERROR,"CONNECT tunnel failed, response 525",0,2,0,0,53,0,525
cloudflare-ech.com,GQ,Equatorial Guinea,getesa (orange equatorial guinea),,,,,,true,,56,CURLE_RECV_ERROR,"CONNECT tunnel failed, response 525",0,2,0,0,56,0,525
cloudflare-ech.com,EG,Egypt,vodafone egypt,36935,vodafone egypt,36935,Vodafone Data,true,true,,0,,,0,2,2010,2422,2422,301,200
cloudflare-ech.com,SV,El Salvador,claro guatemala,14754,claro guatemala,14754,Telgua,true,true,,0,,,0,2,767,1056,1056,301,200
cloudflare-ech.com,SV,El Salvador,tigo el salvador,17079,tigo el salvador,17079,Telemovil El Salvador S.A.,true,false,,0,,,0,2,737,1055,1056,301,200
cloudflare-ech.com,EG,Egypt,vodafone egypt,36935,vodafone egypt,36935,Vodafone Data,true,false,,0,,,0,2,1251,1792,1792,301,200
cloudflare-ech.com,EE,Estonia,telia eesti,,,,,,false,,56,CURLE_RECV_ERROR,"CONNECT tunnel failed, response 525",0,2,0,0,55,0,525
cloudflare-ech.com,EE,Estonia,telia eesti,,,,,,true,,56,CURLE_RECV_ERROR,"CONNECT tunnel failed, response 525",0,2,0,0,59,0,525
cloudflare-ech.com,SV,El Salvador,digicel s.a. de c.v.,27903,digicel s.a. de c.v.,27903,DIGICEL S.A. DE C.V.,true,false,,0,,,0,1,489,752,753,301,200
cloudflare-ech.com,SV,El Salvador,digicel s.a. de c.v.,27903,digicel s.a. de c.v.,27903,DIGICEL S.A. DE C.V.,true,true,,0,,,0,2,472,753,753,301,200
cloudflare-ech.com,EC,Ecuador,conecel,23487,conecel,23487,CONECEL,true,true,,0,,,0,2,3131,3513,3513,301,200
cloudflare-ech.com,EC,Ecuador,conecel,23487,conecel,23487,CONECEL,true,false,,0,,,0,2,3869,4245,4245,301,200
cloudflare-ech.com,EE,Estonia,elisa eesti,2586,elisa eesti,2586,Elisa Eesti AS,true,false,,0,,,0,2,630,1035,1035,301,200
cloudflare-ech.com,EE,Estonia,tele2 estonia,1257,tele2 estonia,1257,Tele2 Sverige AB,true,false,,0,,,0,2,588,873,874,301,200
cloudflare-ech.com,EE,Estonia,elisa eesti,2586,elisa eesti,2586,Elisa Eesti AS,true,true,,0,,,86,88,709,943,943,301,200
cloudflare-ech.com,EE,Estonia,tele2 estonia,1257,tele2 estonia,1257,Tele2 Sverige AB,true,true,,0,,,0,2,578,876,876,301,200
cloudflare-ech.com,SV,El Salvador,movistar el salvador,263783,movistar el salvador,263783,Telefonica Moviles El Salvador S.A. de C.V.,true,false,,0,,,0,1,572,1031,1031,301,200
cloudflare-ech.com,SV,El Salvador,movistar el salvador,263783,movistar el salvador,263783,Telefonica Moviles El Salvador S.A. de C.V.,true,true,,0,,,0,2,491,821,822,301,200
cloudflare-ech.com,ET,Ethiopia,ethiopian telecommunication corporation,24757,ethiopian telecommunication corporation,24757,EthioNet,true,true,,0,,,0,2,1130,1682,1683,301,200
cloudflare-ech.com,ET,Ethiopia,ethiopian telecommunication corporation,24757,ethiopian telecommunication corporation,24757,EthioNet,true,false,,0,,,0,2,856,1382,1382,301,200
cloudflare-ech.com,FI,Finland,telia finland,1759,telia finland,1759,Telia Finland Oyj,true,true,,0,,,0,2,510,756,757,301,200
cloudflare-ech.com,FI,Finland,telia finland,1759,telia finland,1759,Telia Finland Oyj,true,false,,0,,,0,2,387,649,649,301,200
cloudflare-ech.com,ET,Ethiopia,safaricom,328988,safaricom,328988,SAFARICOM TELECOMMUNICATIONS ETHIOPIA PLC,true,false,,0,,,0,2,994,1850,1851,301,200
cloudflare-ech.com,FJ,Fiji,vodafone fiji,38442,vodafone fiji,38442,Vodafone Fiji Limited,true,true,,0,,,0,2,1178,1814,1814,301,200
cloudflare-ech.com,FI,Finland,elisa,719,elisa,719,RIPE Network Coordination Centre,true,false,,0,,,0,2,440,680,681,301,200
cloudflare-ech.com,FI,Finland,dna oyj,16086,dna oyj,16086,DNA Oyj,true,false,,0,,,0,2,437,628,628,301,200
cloudflare-ech.com,FJ,Fiji,digicel fiji,45355,digicel fiji,45355,Digicel Pacific Ltd,true,false,,0,,,0,2,1571,2179,2179,301,200
cloudflare-ech.com,FI,Finland,elisa,719,elisa,719,RIPE Network Coordination Centre,true,true,,0,,,0,1,413,663,664,301,200
cloudflare-ech.com,FR,France,orange,3215,orange,3215,Orange S.A.,true,true,,0,,,0,2,379,554,554,301,200
cloudflare-ech.com,FR,France,1global,,,,,,true,,56,CURLE_RECV_ERROR,"CONNECT tunnel failed, response 525",0,2,0,0,69,0,525
cloudflare-ech.com,ET,Ethiopia,safaricom,328988,safaricom,328988,SAFARICOM TELECOMMUNICATIONS ETHIOPIA PLC,true,true,,0,,,0,2,1204,2099,2100,301,200
cloudflare-ech.com,FJ,Fiji,vodafone fiji,38442,vodafone fiji,38442,Vodafone Fiji Limited,true,false,,0,,,0,2,1233,1753,1754,301,200
cloudflare-ech.com,FI,Finland,elisa mobile,719,elisa mobile,719,RIPE Network Coordination Centre,true,false,,0,,,0,1,1915,2284,2285,301,200
cloudflare-ech.com,FR,France,1global,,,,,,false,,56,CURLE_RECV_ERROR,"CONNECT tunnel failed, response 525",21,23,0,0,87,0,525
cloudflare-ech.com,FI,Finland,elisa mobile,719,elisa mobile,719,RIPE Network Coordination Centre,true,true,,0,,,0,2,656,980,980,301,200
cloudflare-ech.com,FR,France,free mobile,51207,free mobile,51207,Free Mobile SAS,true,false,,0,,,0,2,386,639,639,301,200
cloudflare-ech.com,FJ,Fiji,digicel fiji,45355,digicel fiji,45355,Digicel Pacific Ltd,true,true,,0,,,0,2,1262,1870,1870,301,200
cloudflare-ech.com,FR,France,orange,3215,orange,3215,Orange S.A.,true,false,,0,,,52,53,406,566,567,301,200
cloudflare-ech.com,FR,France,free mobile,51207,free mobile,51207,Free Mobile SAS,true,true,,0,,,0,2,301,533,534,301,200
cloudflare-ech.com,GF,French Guiana,outremer telecom,,,,,,true,,56,CURLE_RECV_ERROR,"CONNECT tunnel failed, response 525",0,2,0,0,54,0,525
cloudflare-ech.com,GF,French Guiana,outremer telecom,,,,,,false,,56,CURLE_RECV_ERROR,"CONNECT tunnel failed, response 525",0,2,0,0,57,0,525
cloudflare-ech.com,FR,France,lycamobile,31404,lycamobile,31404,LYCATEL DISTRIBUTION UK LIMITED,true,false,,0,,,0,1,539,813,813,301,200
cloudflare-ech.com,FI,Finland,dna oyj,16086,dna oyj,16086,DNA Oyj,true,true,,0,,,0,2,396,592,592,301,200
cloudflare-ech.com,FR,France,arelion sweden,1299,arelion sweden,1299,Arelion Sweden AB,true,false,,0,,,0,2,614,927,927,301,200
cloudflare-ech.com,PF,French Polynesia,vodafone,,,,,,true,,56,CURLE_RECV_ERROR,"CONNECT tunnel failed, response 525",0,2,0,0,55,0,525
cloudflare-ech.com,PF,French Polynesia,vodafone,,,,,,false,,56,CURLE_RECV_ERROR,"CONNECT tunnel failed, response 525",0,2,0,0,56,0,525
cloudflare-ech.com,FR,France,bouygues telecom,5410,bouygues telecom,5410,Bouygues Telecom SA,true,false,,0,,,0,2,553,1383,1384,301,200
cloudflare-ech.com,FR,France,arelion sweden,1299,arelion sweden,1299,Arelion Sweden AB,true,true,,0,,,0,2,526,797,798,301,200
cloudflare-ech.com,GA,Gabon,airtel rwanda,,,,,,true,,56,CURLE_RECV_ERROR,"CONNECT tunnel failed, response 525",0,2,0,0,54,0,525
cloudflare-ech.com,FR,France,lycamobile,31404,lycamobile,31404,LYCATEL DISTRIBUTION UK LIMITED,true,true,,0,,,0,2,828,1128,1129,301,200
cloudflare-ech.com,GA,Gabon,airtel rwanda,,,,,,false,,56,CURLE_RECV_ERROR,"CONNECT tunnel failed, response 525",0,2,0,0,56,0,525
cloudflare-ech.com,GF,French Guiana,digicel antilles francaises guyane,48252,digicel antilles francaises guyane,48252,DIGICEL ANTILLES FRANCAISES GUYANE SA,true,false,,0,,,0,2,523,745,745,301,200
cloudflare-ech.com,GA,Gabon,gabon-telecom,,,,,,false,,56,CURLE_RECV_ERROR,"CONNECT tunnel failed, response 525",0,2,0,0,60,0,525
cloudflare-ech.com,GA,Gabon,gabon-telecom,,,,,,true,,56,CURLE_RECV_ERROR,"CONNECT tunnel failed, response 525",0,2,0,0,52,0,525
cloudflare-ech.com,FR,France,sfr,15557,sfr,15557,Societe Francaise Du Radiotelephone - SFR SA,true,true,,0,,,0,2,540,733,733,301,200
cloudflare-ech.com,GF,French Guiana,digicel antilles francaises guyane,48252,digicel antilles francaises guyane,48252,DIGICEL ANTILLES FRANCAISES GUYANE SA,true,true,,0,,,0,2,548,769,770,301,200
cloudflare-ech.com,FR,France,bouygues telecom,5410,bouygues telecom,5410,Bouygues Telecom SA,true,true,,0,,,0,2,1361,1889,1889,301,200
cloudflare-ech.com,PF,French Polynesia,vini,55943,vini,55943,ONATI,true,false,,0,,,0,1,698,1030,1030,301,200
cloudflare-ech.com,FR,France,free sas,51207,free sas,51207,Free Mobile SAS,true,true,,0,,,0,2,937,1445,1445,301,200
cloudflare-ech.com,FR,France,free sas,51207,free sas,51207,Free Mobile SAS,true,false,,0,,,0,2,829,1427,1427,301,200
cloudflare-ech.com,PF,French Polynesia,vini,55943,vini,55943,ONATI,true,true,,0,,,0,2,747,1107,1107,301,200
cloudflare-ech.com,FR,France,sfr,15557,sfr,15557,Societe Francaise Du Radiotelephone - SFR SA,true,false,,0,,,0,2,358,557,557,301,200
cloudflare-ech.com,GM,Gambia,qcell,37309,qcell,37309,QCell Limited,true,false,,0,,,0,2,959,1459,1459,301,200
cloudflare-ech.com,GE,Georgia,cellfie mobile,41738,cellfie mobile,41738,VEON Georgia LLC,true,false,,0,,,0,2,670,1096,1097,301,200
cloudflare-ech.com,GM,Gambia,qcell,37309,qcell,37309,QCell Limited,true,true,,0,,,0,2,685,1222,1222,301,200
cloudflare-ech.com,GE,Georgia,cellfie mobile,41738,cellfie mobile,41738,VEON Georgia LLC,true,true,,0,,,31,32,564,961,961,301,200
cloudflare-ech.com,GM,Gambia,gamtel,37552,gamtel,37552,Comium Gambia Ltd.,true,false,,0,,,0,2,1001,1526,1527,301,200
cloudflare-ech.com,DE,Germany,vodafone germany,3209,vodafone germany,3209,Vodafone GmbH,true,false,,0,,,0,2,567,848,848,301,200
cloudflare-ech.com,GM,Gambia,gamtel,37552,gamtel,37552,Comium Gambia Ltd.,true,true,,0,,,0,2,966,1500,1500,301,200
cloudflare-ech.com,DE,Germany,lebara,,,,,,false,,56,CURLE_RECV_ERROR,"CONNECT tunnel failed, response 525",0,2,0,0,59,0,525
cloudflare-ech.com,DE,Germany,lebara,,,,,,true,,56,CURLE_RECV_ERROR,"CONNECT tunnel failed, response 525",0,2,0,0,59,0,525
cloudflare-ech.com,DE,Germany,vodafone germany,3209,vodafone germany,3209,Vodafone GmbH,true,true,,0,,,0,2,549,817,817,301,200
cloudflare-ech.com,DE,Germany,lycamobile,31404,lycamobile,31404,LYCATEL DISTRIBUTION UK LIMITED,true,false,,0,,,0,2,613,1027,1027,301,200
cloudflare-ech.com,GE,Georgia,magticom,16010,magticom,16010,Magticom Ltd.,true,false,,0,,,0,2,1738,2363,2364,301,200
cloudflare-ech.com,DE,Germany,o2 deutschland,6805,o2 deutschland,6805,Telefonica Germany GmbH & Co.OHG,true,false,,0,,,0,2,416,594,594,301,200
cloudflare-ech.com,GE,Georgia,jsc silknet,42082,jsc silknet,42082,"JSC ""Silknet""",true,false,,0,,,52,53,3216,3514,3514,301,200
cloudflare-ech.com,GM,Gambia,africell,37524,africell,37524,Africell Gambia,true,false,,0,,,0,2,4364,4820,4821,301,200
cloudflare-ech.com,GM,Gambia,africell,37524,africell,37524,Africell Gambia,true,true,,0,,,0,2,3948,4364,4364,301,200
cloudflare-ech.com,DE,Germany,o2 deutschland,6805,o2 deutschland,6805,Telefonica Germany GmbH & Co.OHG,true,true,,0,,,0,2,356,534,534,301,200
cloudflare-ech.com,GE,Georgia,magticom,16010,magticom,16010,Magticom Ltd.,true,true,,0,,,0,2,540,793,794,301,200
cloudflare-ech.com,DE,Germany,deutsche telekom ag,3320,deutsche telekom ag,3320,Deutsche Telekom AG,true,false,,0,,,0,2,615,930,930,301,200
cloudflare-ech.com,DE,Germany,deutsche telekom ag,3320,deutsche telekom ag,3320,Deutsche Telekom AG,true,true,,0,,,0,1,637,974,974,301,200
cloudflare-ech.com,DE,Germany,lycamobile,31404,lycamobile,31404,LYCATEL DISTRIBUTION UK LIMITED,true,true,,0,,,0,2,930,1332,1332,301,200
cloudflare-ech.com,GH,Ghana,mtn ghana,30986,mtn ghana,30986,Scancom Ltd.,true,false,,0,,,0,2,676,1018,1018,301,200
cloudflare-ech.com,GR,Greece,cosmote mobile telecommunications,29247,cosmote mobile telecommunications,29247,Ote SA (Hellenic Telecommunications Organisation),true,false,,0,,,0,2,579,836,836,301,200
cloudflare-ech.com,GR,Greece,nova greece,25472,nova greece,25472,Nova Telecommunications & Media Single Member S.A,true,false,,0,,,0,2,527,834,834,301,200
cloudflare-ech.com,GP,Guadeloupe,free mobile,,,,,,true,,56,CURLE_RECV_ERROR,"CONNECT tunnel failed, response 525",0,2,0,0,55,0,525
cloudflare-ech.com,GP,Guadeloupe,outremer telecom,,,,,,false,,56,CURLE_RECV_ERROR,"CONNECT tunnel failed, response 525",0,2,0,0,56,0,525
cloudflare-ech.com,GP,Guadeloupe,outremer telecom,,,,,,true,,56,CURLE_RECV_ERROR,"CONNECT tunnel failed, response 525",0,2,0,0,51,0,525
cloudflare-ech.com,GP,Guadeloupe,free mobile,,,,,,false,,56,CURLE_RECV_ERROR,"CONNECT tunnel failed, response 525",0,2,0,0,61,0,525
cloudflare-ech.com,GP,Guadeloupe,orange,,,,,,true,,56,CURLE_RECV_ERROR,"CONNECT tunnel failed, response 525",0,2,0,0,52,0,525
cloudflare-ech.com,GP,Guadeloupe,orange,,,,,,false,,56,CURLE_RECV_ERROR,"CONNECT tunnel failed, response 525",0,2,0,0,53,0,525
cloudflare-ech.com,GR,Greece,cosmote mobile telecommunications,29247,cosmote mobile telecommunications,29247,Ote SA (Hellenic Telecommunications Organisation),true,true,,0,,,0,2,443,742,742,301,200
cloudflare-ech.com,GP,Guadeloupe,digicel antilles francaises guyane,,,,,,false,,56,CURLE_RECV_ERROR,"CONNECT tunnel failed, response 525",0,2,0,0,54,0,525
cloudflare-ech.com,GH,Ghana,mtn ghana,30986,mtn ghana,30986,Scancom Ltd.,true,true,,0,,,0,2,643,977,978,301,200
cloudflare-ech.com,GP,Guadeloupe,digicel antilles francaises guyane,,,,,,true,,56,CURLE_RECV_ERROR,"CONNECT tunnel failed, response 525",0,1,0,0,65,0,525
cloudflare-ech.com,GU,Guam,guamcell communications,,,,,,true,,56,CURLE_RECV_ERROR,"CONNECT tunnel failed, response 525",0,2,0,0,53,0,525
cloudflare-ech.com,GU,Guam,guamcell communications,,,,,,false,,56,CURLE_RECV_ERROR,"CONNECT tunnel failed, response 525",0,1,0,0,52,0,525
cloudflare-ech.com,GU,Guam,lumen,,,,,,false,,56,CURLE_RECV_ERROR,"CONNECT tunnel failed, response 525",0,2,0,0,50,0,525
cloudflare-ech.com,GU,Guam,lumen,,,,,,true,,56,CURLE_RECV_ERROR,"CONNECT tunnel failed, response 525",0,1,0,0,51,0,525
cloudflare-ech.com,GT,Guatemala,tigo guatemala,,,,,,true,,56,CURLE_RECV_ERROR,"CONNECT tunnel failed, response 525",0,2,0,0,51,0,525
cloudflare-ech.com,GT,Guatemala,tigo guatemala,,,,,,false,,56,CURLE_RECV_ERROR,"CONNECT tunnel failed, response 525",0,1,0,0,49,0,525
cloudflare-ech.com,GT,Guatemala,claro guatemala static ip,,,,,,true,,56,CURLE_RECV_ERROR,"CONNECT tunnel failed, response 525",0,2,0,0,53,0,525
cloudflare-ech.com,GR,Greece,nova greece,25472,nova greece,25472,Nova Telecommunications & Media Single Member S.A,true,true,,0,,,0,2,581,886,886,301,200
cloudflare-ech.com,GT,Guatemala,claro guatemala static ip,,,,,,false,,56,CURLE_RECV_ERROR,"CONNECT tunnel failed, response 525",0,2,0,0,53,0,525
cloudflare-ech.com,GT,Guatemala,comcel guatemala,,,,,,false,,56,CURLE_RECV_ERROR,"CONNECT tunnel failed, response 525",0,2,0,0,54,0,525
cloudflare-ech.com,GT,Guatemala,comcel guatemala,,,,,,true,,56,CURLE_RECV_ERROR,"CONNECT tunnel failed, response 525",0,2,0,0,53,0,525
cloudflare-ech.com,GG,Guernsey,sure (guernsey),,,,,,false,,56,CURLE_RECV_ERROR,"CONNECT tunnel failed, response 525",0,2,0,0,52,0,525
cloudflare-ech.com,GG,Guernsey,sure (guernsey),,,,,,true,,56,CURLE_RECV_ERROR,"CONNECT tunnel failed, response 525",0,2,0,0,53,0,525
cloudflare-ech.com,GE,Georgia,jsc silknet,42082,jsc silknet,42082,"JSC ""Silknet""",true,true,,0,,,0,2,737,1254,1254,301,200
cloudflare-ech.com,GN,Guinea,areeba-guinea,,,,,,true,,56,CURLE_RECV_ERROR,"CONNECT tunnel failed, response 525",0,2,0,0,56,0,525
cloudflare-ech.com,GN,Guinea,areeba-guinea,,,,,,false,,56,CURLE_RECV_ERROR,"CONNECT tunnel failed, response 525",0,2,0,0,58,0,525
cloudflare-ech.com,GR,Greece,vodafone greece,3329,vodafone greece,3329,VODAFONE-PANAFON HELLENIC TELECOMMUNICATIONS COMPANY SA,true,false,,0,,,0,2,842,1249,1250,301,200
cloudflare-ech.com,GR,Greece,vodafone greece,3329,vodafone greece,3329,VODAFONE-PANAFON HELLENIC TELECOMMUNICATIONS COMPANY SA,true,true,,0,,,0,2,616,915,915,301,200
cloudflare-ech.com,GH,Ghana,vodafone ghana,29614,vodafone ghana,29614,VODAFONE GHANA AS INTERNATIONAL TRANSIT,true,false,,0,,,63,65,1603,2561,2561,301,200
cloudflare-ech.com,GH,Ghana,vodafone ghana,29614,vodafone ghana,29614,VODAFONE GHANA AS INTERNATIONAL TRANSIT,true,true,,0,,,0,1,1199,2093,2094,301,200
cloudflare-ech.com,GT,Guatemala,claro guatemala,14754,claro guatemala,14754,Telgua,true,false,,0,,,0,2,556,896,896,301,200
cloudflare-ech.com,GT,Guatemala,claro guatemala,14754,claro guatemala,14754,Telgua,true,true,,0,,,0,1,535,871,871,301,200
cloudflare-ech.com,GW,Guinea-Bissau,orange-bissau,37559,orange-bissau,37559,Orange Bissau,true,false,,0,,,0,2,850,1321,1321,301,200
cloudflare-ech.com,GH,Ghana,airtel-ghana,37030,airtel-ghana,37030,Airtel Ghana Limited,true,false,,0,,,0,2,1533,2268,2268,301,200
cloudflare-ech.com,GY,Guyana,e-networks inc,52253,e-networks inc,52253,E-Networks Inc.,true,false,,0,,,0,2,726,1254,1254,301,200
cloudflare-ech.com,GW,Guinea-Bissau,orange-bissau,37559,orange-bissau,37559,Orange Bissau,true,true,,0,,,0,2,812,1338,1338,301,200
cloudflare-ech.com,GY,Guyana,e-networks inc,52253,e-networks inc,52253,E-Networks Inc.,true,true,,0,,,0,2,567,852,853,301,200
cloudflare-ech.com,GY,Guyana,guyana telephone & telegraph co.,19863,guyana telephone & telegraph co.,19863,Guyana Telephone & Telegraph Co.,true,false,,0,,,0,2,697,1145,1146,301,200
cloudflare-ech.com,GH,Ghana,airtel-ghana,37030,airtel-ghana,37030,Airtel Ghana Limited,true,true,,0,,,0,2,1628,2158,2159,301,200
cloudflare-ech.com,GY,Guyana,guyana telephone & telegraph co.,19863,guyana telephone & telegraph co.,19863,Guyana Telephone & Telegraph Co.,true,true,,0,,,0,2,553,981,981,301,200
cloudflare-ech.com,CY,Cyprus,winet,,,,,,false,,56,CURLE_RECV_ERROR,"CONNECT tunnel failed, response 500",0,2,0,0,20510,0,500
cloudflare-ech.com,HN,Honduras,claro guatemala,,,,,,false,,56,CURLE_RECV_ERROR,"CONNECT tunnel failed, response 525",0,1,0,0,55,0,525
cloudflare-ech.com,HN,Honduras,claro guatemala,,,,,,true,,56,CURLE_RECV_ERROR,"CONNECT tunnel failed, response 525",0,2,0,0,54,0,525
cloudflare-ech.com,HT,Haiti,access haiti s.a.,27759,access haiti s.a.,27759,ACCESS HAITI S.A.,true,true,,0,,,0,2,314,516,516,301,200
cloudflare-ech.com,HT,Haiti,access haiti s.a.,27759,access haiti s.a.,27759,ACCESS HAITI S.A.,true,false,,0,,,75,77,571,759,759,301,200
cloudflare-ech.com,HK,Hong Kong,csl mobile,,,,,,true,,56,CURLE_RECV_ERROR,"CONNECT tunnel failed, response 525",0,2,0,0,54,0,525
cloudflare-ech.com,HK,Hong Kong,multibyte info technology,,,,,,false,,56,CURLE_RECV_ERROR,"CONNECT tunnel failed, response 525",0,2,0,0,55,0,525
cloudflare-ech.com,HK,Hong Kong,multibyte info technology,,,,,,true,,56,CURLE_RECV_ERROR,"CONNECT tunnel failed, response 525",0,2,0,0,56,0,525
cloudflare-ech.com,HK,Hong Kong,china mobile hong kong,,,,,,false,,56,CURLE_RECV_ERROR,"CONNECT tunnel failed, response 525",0,2,0,0,51,0,525
cloudflare-ech.com,HK,Hong Kong,china mobile hong kong,,,,,,true,,56,CURLE_RECV_ERROR,"CONNECT tunnel failed, response 525",0,2,0,0,55,0,525
cloudflare-ech.com,HK,Hong Kong,hutchison telephone company,,,,,,false,,56,CURLE_RECV_ERROR,"CONNECT tunnel failed, response 525",0,2,0,0,55,0,525
cloudflare-ech.com,HK,Hong Kong,hutchison telephone company,,,,,,true,,56,CURLE_RECV_ERROR,"CONNECT tunnel failed, response 525",0,2,0,0,55,0,525
cloudflare-ech.com,HK,Hong Kong,csl mobile,,,,,,false,,56,CURLE_RECV_ERROR,"CONNECT tunnel failed, response 525",0,2,0,0,64,0,525
cloudflare-ech.com,GN,Guinea,orange guinea,37461,orange guinea,37461,ORANGE GUINEE,true,false,,0,,,0,2,2002,2600,2600,301,200
cloudflare-ech.com,HK,Hong Kong,china unicom global,,,,,,true,,56,CURLE_RECV_ERROR,"CONNECT tunnel failed, response 525",0,2,0,0,53,0,525
cloudflare-ech.com,HK,Hong Kong,china unicom global,,,,,,false,,56,CURLE_RECV_ERROR,"CONNECT tunnel failed, response 525",0,2,0,0,55,0,525
cloudflare-ech.com,HK,Hong Kong,smartone mobile communications,,,,,,true,,56,CURLE_RECV_ERROR,"CONNECT tunnel failed, response 525",0,2,0,0,58,0,525
cloudflare-ech.com,HK,Hong Kong,smartone mobile communications,,,,,,false,,56,CURLE_RECV_ERROR,"CONNECT tunnel failed, response 525",0,2,0,0,55,0,525
cloudflare-ech.com,HK,Hong Kong,hutchison hk,,,,,,true,,56,CURLE_RECV_ERROR,"CONNECT tunnel failed, response 525",0,1,0,0,51,0,525
cloudflare-ech.com,HK,Hong Kong,hutchison hk,,,,,,false,,56,CURLE_RECV_ERROR,"CONNECT tunnel failed, response 525",0,2,0,0,52,0,525
cloudflare-ech.com,HK,Hong Kong,china mobile,,,,,,false,,56,CURLE_RECV_ERROR,"CONNECT tunnel failed, response 525",0,2,0,0,51,0,525
cloudflare-ech.com,HK,Hong Kong,china mobile,,,,,,true,,56,CURLE_RECV_ERROR,"CONNECT tunnel failed, response 525",0,2,0,0,51,0,525
cloudflare-ech.com,HU,Hungary,yettel hungary,,,,,,false,,56,CURLE_RECV_ERROR,"CONNECT tunnel failed, response 525",0,2,0,0,52,0,525
cloudflare-ech.com,HU,Hungary,yettel hungary,,,,,,true,,56,CURLE_RECV_ERROR,"CONNECT tunnel failed, response 525",0,2,0,0,53,0,525
cloudflare-ech.com,GY,Guyana,u mobile cellular inc.,52433,u mobile cellular inc.,52433,U Mobile (Cellular) Inc.,true,false,,35,CURLE_SSL_CONNECT_ERROR,TLS connect error: error:00000000:lib(0)::reason(0),0,2,0,0,3074,0,200
cloudflare-ech.com,GY,Guyana,u mobile cellular inc.,,,52433,U Mobile (Cellular) Inc.,,true,,56,CURLE_RECV_ERROR,"CONNECT tunnel failed, response 502",0,2,0,0,931,0,502
cloudflare-ech.com,GN,Guinea,orange guinea,37461,orange guinea,37461,ORANGE GUINEE,true,true,,0,,,0,2,1291,1689,1689,301,200
cloudflare-ech.com,HU,Hungary,one hungary,21334,one hungary,21334,One Hungary Ltd.,true,false,,0,,,0,3,389,566,566,301,200
cloudflare-ech.com,HU,Hungary,one hungary,21334,one hungary,21334,One Hungary Ltd.,true,true,,0,,,0,2,375,556,556,301,200
cloudflare-ech.com,IS,Iceland,mila hf,,,,,,false,,56,CURLE_RECV_ERROR,"CONNECT tunnel failed, response 525",0,2,0,0,59,0,525
cloudflare-ech.com,IS,Iceland,mila hf,,,,,,true,,56,CURLE_RECV_ERROR,"CONNECT tunnel failed, response 525",0,2,0,0,57,0,525
cloudflare-ech.com,HU,Hungary,magyar telekom,5483,magyar telekom,5483,Magyar Telekom plc.,true,false,,0,,,0,1,515,809,809,301,200
cloudflare-ech.com,HU,Hungary,magyar telekom,5483,magyar telekom,5483,Magyar Telekom plc.,true,true,,0,,,0,2,414,684,684,301,200
cloudflare-ech.com,CZ,Czech Republic,vodafone czech republic,,,,,,false,,56,CURLE_RECV_ERROR,"CONNECT tunnel failed, response 500",0,2,0,0,20415,0,500
cloudflare-ech.com,HN,Honduras,tigo honduras,52262,tigo honduras,52262,Telefónica Celular S.A,true,true,,0,,,0,2,865,1108,1108,301,200
cloudflare-ech.com,IS,Iceland,vodafone iceland,12969,vodafone iceland,12969,Ljosleidarinn ehf,true,false,,0,,,0,2,900,1170,1170,301,200
cloudflare-ech.com,IS,Iceland,nova hf,44735,nova hf,44735,Nova hf,true,false,,0,,,0,2,569,850,850,301,200
cloudflare-ech.com,IS,Iceland,nova hf,44735,nova hf,44735,Nova hf,true,true,,0,,,0,1,566,859,860,301,200
cloudflare-ech.com,HN,Honduras,tigo honduras,52262,tigo honduras,52262,Telefónica Celular S.A,true,false,,0,,,0,2,785,1087,1087,301,200
cloudflare-ech.com,IS,Iceland,vodafone iceland,12969,vodafone iceland,12969,Ljosleidarinn ehf,true,true,,0,,,0,2,622,904,904,301,200
cloudflare-ech.com,IN,India,nextra,,,,,,false,,56,CURLE_RECV_ERROR,"CONNECT tunnel failed, response 525",0,2,0,0,76,0,525
cloudflare-ech.com,IN,India,nextra,,,,,,true,,56,CURLE_RECV_ERROR,"CONNECT tunnel failed, response 525",0,2,0,0,73,0,525
cloudflare-ech.com,CY,Cyprus,winet,,,,,,true,,56,CURLE_RECV_ERROR,"CONNECT tunnel failed, response 500",0,1,0,0,20460,0,500
cloudflare-ech.com,IN,India,vodafone idea,38266,vodafone idea,38266,Vodafone Idea Ltd. (VIL),true,false,,0,,,0,1,1063,1671,1671,301,200
cloudflare-ech.com,IN,India,jio,55836,jio,55836,Reliance Jio Infocomm Limited,true,false,,0,,,48,50,1781,2239,2239,301,200
cloudflare-ech.com,ID,Indonesia,telkomsel,23693,telkomsel,23693,PT. Telekomunikasi Selular,true,false,,0,,,0,2,728,1094,1095,301,200
cloudflare-ech.com,IN,India,vodafone idea,38266,vodafone idea,38266,Vodafone Idea Ltd. (VIL),true,true,,0,,,0,2,1241,1679,1679,301,200
cloudflare-ech.com,IN,India,jio,55836,jio,55836,Reliance Jio Infocomm Limited,true,true,,0,,,0,2,986,1590,1590,301,200
cloudflare-ech.com,IN,India,airtel,45609,airtel,45609,Bharti Airtel Limited,true,false,,0,,,0,2,1139,2081,2082,301,200
cloudflare-ech.com,ID,Indonesia,smartfren,18004,smartfren,18004,PT WIRELESS INDONESIA ( WIN ),true,false,,0,,,0,2,953,1431,1432,301,200
cloudflare-ech.com,HT,Haiti,alpha communications network,27653,alpha communications network,27653,Alpha Communications Network,true,true,,0,,,0,2,2977,3533,3533,301,200
cloudflare-ech.com,ID,Indonesia,telkomsel,23693,telkomsel,23693,PT. Telekomunikasi Selular,true,true,,0,,,0,2,706,1062,1062,301,200
cloudflare-ech.com,ID,Indonesia,by.u,,,,,,true,,56,CURLE_RECV_ERROR,"CONNECT tunnel failed, response 525",0,2,0,0,60,0,525
cloudflare-ech.com,ID,Indonesia,by.u,,,,,,false,,56,CURLE_RECV_ERROR,"CONNECT tunnel failed, response 525",0,2,0,0,61,0,525
cloudflare-ech.com,ID,Indonesia,orion cyber internet,,,,,,false,,56,CURLE_RECV_ERROR,"CONNECT tunnel failed, response 525",0,2,0,0,60,0,525
cloudflare-ech.com,ID,Indonesia,orion cyber internet,,,,,,true,,56,CURLE_RECV_ERROR,"CONNECT tunnel failed, response 525",0,2,0,0,68,0,525
cloudflare-ech.com,IR,"Iran, Islamic Republic of",mtn irancell,,,,,,false,,56,CURLE_RECV_ERROR,"CONNECT tunnel failed, response 525",0,2,0,0,59,0,525
cloudflare-ech.com,IN,India,airtel,45609,airtel,45609,Bharti Airtel Limited,true,true,,0,,,0,2,1499,1943,1943,301,200
cloudflare-ech.com,IR,"Iran, Islamic Republic of",mtn irancell,,,,,,true,,56,CURLE_RECV_ERROR,"CONNECT tunnel failed, response 525",0,2,0,0,53,0,525
cloudflare-ech.com,IQ,Iraq,allay nawroz telecom company for communication/ltd,,,,,,false,,56,CURLE_RECV_ERROR,"CONNECT tunnel failed, response 500",0,2,0,0,15,0,500
cloudflare-ech.com,IQ,Iraq,allay nawroz telecom company for communication/ltd,,,,,,true,,56,CURLE_RECV_ERROR,"CONNECT tunnel failed, response 500",0,2,0,0,14,0,500
cloudflare-ech.com,IQ,Iraq,Hala Al Rafidain Company for Communications and Internet LTD.,,,,,,false,,56,CURLE_RECV_ERROR,"CONNECT tunnel failed, response 525",0,2,0,0,63,0,525
cloudflare-ech.com,IQ,Iraq,Hala Al Rafidain Company for Communications and Internet LTD.,,,,,,true,,56,CURLE_RECV_ERROR,"CONNECT tunnel failed, response 525",0,2,0,0,62,0,525
cloudflare-ech.com,CZ,Czech Republic,vodafone czech republic,,,,,,true,,56,CURLE_RECV_ERROR,"CONNECT tunnel failed, response 500",0,2,0,0,20416,0,500
cloudflare-ech.com,HT,Haiti,alpha communications network,27653,alpha communications network,27653,Alpha Communications Network,true,false,,0,,,0,2,1927,2570,2570,301,200
cloudflare-ech.com,IQ,Iraq,horizon scope mobile telecom wll,,,,,,false,,56,CURLE_RECV_ERROR,"CONNECT tunnel failed, response 525",0,2,0,0,74,0,525
cloudflare-ech.com,IQ,Iraq,horizon scope mobile telecom wll,,,,,,true,,56,CURLE_RECV_ERROR,"CONNECT tunnel failed, response 525",0,2,0,0,78,0,525
cloudflare-ech.com,ID,Indonesia,indosat,4761,indosat,4761,PT. INDOSAT Tbk,true,false,,0,,,0,2,951,1599,1600,301,200
cloudflare-ech.com,IN,India,bsnl,9829,bsnl,9829,Bharat Sanchar Nigam Ltd,true,false,,0,,,0,2,1976,2739,2739,301,200
cloudflare-ech.com,ID,Indonesia,xl axiata,24203,xl axiata,24203,PT XL Axiata,true,false,,0,,,0,1,850,1295,1295,301,200
cloudflare-ech.com,IQ,Iraq,iq networks for data and internet services,44217,iq networks for data and internet services,44217,IQ Networks for Data and Internet Services Ltd,true,true,,0,,,1,2,452,675,676,301,200
cloudflare-ech.com,IQ,Iraq,Shams Telecom Networks and Internet Service Ltd,,,,,,true,,56,CURLE_RECV_ERROR,"CONNECT tunnel failed, response 525",0,1,0,0,66,0,525
cloudflare-ech.com,ID,Indonesia,smartfren,18004,smartfren,18004,PT WIRELESS INDONESIA ( WIN ),true,true,,0,,,0,2,805,1269,1269,301,200
cloudflare-ech.com,IQ,Iraq,Shams Telecom Networks and Internet Service Ltd,,,,,,false,,56,CURLE_RECV_ERROR,"CONNECT tunnel failed, response 525",0,2,0,0,73,0,525
cloudflare-ech.com,ID,Indonesia,indosat,4761,indosat,4761,PT. INDOSAT Tbk,true,true,,0,,,0,1,901,1453,1453,301,200
cloudflare-ech.com,ID,Indonesia,xl axiata,24203,xl axiata,24203,PT XL Axiata,true,true,,0,,,0,2,764,1221,1222,301,200
cloudflare-ech.com,IQ,Iraq,asiacell communications,51684,asiacell communications,51684,ASIACELL COMMUNICATIONS PJSC,true,false,,0,,,0,1,909,1283,1283,301,200
cloudflare-ech.com,IN,India,bsnl,9829,bsnl,9829,Bharat Sanchar Nigam Ltd,true,true,,0,,,0,2,1722,2482,2482,301,200
cloudflare-ech.com,IQ,Iraq,asiacell communications,51684,asiacell communications,51684,ASIACELL COMMUNICATIONS PJSC,true,true,,0,,,52,53,722,1023,1023,301,200
cloudflare-ech.com,IQ,Iraq,iq networks for data and internet services,44217,iq networks for data and internet services,44217,IQ Networks for Data and Internet Services Ltd,true,false,,0,,,0,2,356,569,569,301,200
cloudflare-ech.com,ID,Indonesia,pt telkom indonesia,7713,pt telkom indonesia,7713,Telekomunikasi Indonesia (PT),true,true,,0,,,0,2,2393,2824,2825,301,200
cloudflare-ech.com,ID,Indonesia,pt telkom indonesia,7713,pt telkom indonesia,7713,Telekomunikasi Indonesia (PT),true,false,,0,,,0,2,2004,2427,2427,301,200
cloudflare-ech.com,HT,Haiti,natcom s.a,52260,natcom s.a,52260,Télécommunications de Haití (Teleco),true,true,,0,,,0,2,2295,2754,2754,301,200
cloudflare-ech.com,IQ,Iraq,telsat broadband ltd,,,,,,false,,56,CURLE_RECV_ERROR,"CONNECT tunnel failed, response 525",0,2,0,0,69,0,525
cloudflare-ech.com,IQ,Iraq,telsat broadband ltd,,,,,,true,,56,CURLE_RECV_ERROR,"CONNECT tunnel failed, response 525",0,2,0,0,70,0,525
cloudflare-ech.com,IQ,Iraq,shabaka sfn al-haditha for general trading & infor,51018,shabaka sfn al-haditha for general trading & infor,51018,Shabaka Sfn Al-Haditha for General Trading & Information Technology LTD.,true,false,,0,,,0,2,921,1359,1359,301,200
cloudflare-ech.com,IQ,Iraq,tishknet internet services,200865,tishknet internet services,200865,TISHK NET Company for WIMAX technology and Internet Service Limited,true,false,,0,,,0,2,581,1024,1024,301,200
cloudflare-ech.com,IE,Ireland,aspider solutions international holdings,,,,,,false,,56,CURLE_RECV_ERROR,"CONNECT tunnel failed, response 525",0,2,0,0,305,0,525
cloudflare-ech.com,IE,Ireland,aspider solutions international holdings,,,,,,true,,56,CURLE_RECV_ERROR,"CONNECT tunnel failed, response 525",0,2,0,0,63,0,525
cloudflare-ech.com,IE,Ireland,virgin media ireland,,,,,,false,,56,CURLE_RECV_ERROR,"CONNECT tunnel failed, response 525",0,2,0,0,59,0,525
cloudflare-ech.com,IE,Ireland,virgin media ireland,,,,,,true,,56,CURLE_RECV_ERROR,"CONNECT tunnel failed, response 525",0,2,0,0,61,0,525
cloudflare-ech.com,IQ,Iraq,seven net,51018,seven net,51018,Shabaka Sfn Al-Haditha for General Trading & Information Technology LTD.,true,false,,0,,,0,2,1255,1604,1604,301,200
cloudflare-ech.com,IE,Ireland,play broadband,,,,,,false,,56,CURLE_RECV_ERROR,"CONNECT tunnel failed, response 525",0,1,0,0,62,0,525
cloudflare-ech.com,HT,Haiti,natcom s.a,52260,natcom s.a,52260,Télécommunications de Haití (Teleco),true,false,,0,,,0,2,2644,2905,2906,301,200
cloudflare-ech.com,IE,Ireland,play broadband,,,,,,true,,56,CURLE_RECV_ERROR,"CONNECT tunnel failed, response 525",1,2,0,0,68,0,525
cloudflare-ech.com,IQ,Iraq,shabaka sfn al-haditha for general trading & infor,51018,shabaka sfn al-haditha for general trading & infor,51018,Shabaka Sfn Al-Haditha for General Trading & Information Technology LTD.,true,true,,0,,,0,2,786,1338,1339,301,200
cloudflare-ech.com,IQ,Iraq,o3-telecom,206206,o3-telecom,206206,Kurdistan Net Company for Computer and Internet Ltd.,true,false,,0,,,0,1,730,965,965,301,200
cloudflare-ech.com,IQ,Iraq,tishknet internet services,200865,tishknet internet services,200865,TISHK NET Company for WIMAX technology and Internet Service Limited,true,true,,0,,,0,2,673,1019,1020,301,200
cloudflare-ech.com,IE,Ireland,lycamobile,,,,,,true,,56,CURLE_RECV_ERROR,"CONNECT tunnel failed, response 525",0,2,0,0,63,0,525
cloudflare-ech.com,IE,Ireland,lycamobile,,,,,,false,,56,CURLE_RECV_ERROR,"CONNECT tunnel failed, response 525",0,2,0,0,61,0,525
cloudflare-ech.com,IQ,Iraq,o3-telecom,206206,o3-telecom,206206,Kurdistan Net Company for Computer and Internet Ltd.,true,true,,0,,,0,2,405,624,625,301,200
cloudflare-ech.com,IQ,Iraq,seven net,51018,seven net,51018,Shabaka Sfn Al-Haditha for General Trading & Information Technology LTD.,true,true,,0,,,0,2,736,1053,1053,301,200
cloudflare-ech.com,IE,Ireland,three ireland,13280,three ireland,13280,Three Ireland (Hutchison) limited,true,true,,0,,,0,2,379,570,570,301,200
cloudflare-ech.com,IE,Ireland,three ireland,13280,three ireland,13280,Three Ireland (Hutchison) limited,true,false,,0,,,0,2,376,573,573,301,200
cloudflare-ech.com,IQ,Iraq,al atheer telecommunication-iraq incorporated in c,59588,al atheer telecommunication-iraq incorporated in c,59588,Al Atheer Telecommunication-Iraq Co. Ltd. Incorporated in Cayman Islands,true,false,,0,,,0,2,1199,1647,1647,301,200
cloudflare-ech.com,IE,Ireland,sky broadband,5607,sky broadband,5607,Sky UK Limited,true,false,,0,,,0,2,480,706,706,301,200
cloudflare-ech.com,IE,Ireland,sky broadband,5607,sky broadband,5607,Sky UK Limited,true,true,,0,,,0,2,446,672,672,301,200
cloudflare-ech.com,IE,Ireland,eir broadband,15751,eir broadband,15751,Eircom Limited,true,true,,0,,,0,2,616,884,885,301,200
cloudflare-ech.com,IE,Ireland,eir broadband,15751,eir broadband,15751,Eircom Limited,true,false,,0,,,70,72,458,734,734,301,200
cloudflare-ech.com,IE,Ireland,vodafone ireland,15502,vodafone ireland,15502,Vodafone Ireland Limited,true,true,,0,,,0,2,651,965,965,301,200
cloudflare-ech.com,IL,Israel,xfone 018,,,,,,false,,56,CURLE_RECV_ERROR,"CONNECT tunnel failed, response 525",0,2,0,0,58,0,525
cloudflare-ech.com,IE,Ireland,vodafone ireland,15502,vodafone ireland,15502,Vodafone Ireland Limited,true,false,,0,,,0,2,411,664,664,301,200
cloudflare-ech.com,IM,Isle of Man,sure (guernsey),8680,sure (guernsey),8680,Sure (Guernsey) Limited,true,false,,0,,,0,2,890,1281,1281,301,200
cloudflare-ech.com,IL,Israel,partner communications,12400,partner communications,12400,Partner Communications Ltd.,true,false,,0,,,0,5,551,772,772,301,200
cloudflare-ech.com,IL,Israel,telzar 019 international telecommunications servic,,,,,,false,,56,CURLE_RECV_ERROR,"CONNECT tunnel failed, response 525",0,2,0,0,57,0,525
cloudflare-ech.com,IL,Israel,telzar 019 international telecommunications servic,,,,,,true,,56,CURLE_RECV_ERROR,"CONNECT tunnel failed, response 525",0,2,0,0,57,0,525
cloudflare-ech.com,IL,Israel,xfone 018,,,,,,true,,56,CURLE_RECV_ERROR,"CONNECT tunnel failed, response 525",0,2,0,0,58,0,525
cloudflare-ech.com,IM,Isle of Man,sure (guernsey),8680,sure (guernsey),8680,Sure (Guernsey) Limited,true,true,,0,,,0,2,714,1068,1068,301,200
cloudflare-ech.com,IL,Israel,hot mobile,21450,hot mobile,21450,HOT Mobile Ltd.,true,false,,0,,,0,2,978,1455,1455,301,200
cloudflare-ech.com,IL,Israel,partner communications,12400,partner communications,12400,Partner Communications Ltd.,true,true,,0,,,0,2,475,744,745,301,200
cloudflare-ech.com,IL,Israel,pelephone,16116,pelephone,16116,Pelephone Communications Ltd.,true,true,,0,,,0,2,852,1096,1096,301,200
cloudflare-ech.com,IQ,Iraq,al atheer telecommunication-iraq incorporated in c,59588,al atheer telecommunication-iraq incorporated in c,59588,Al Atheer Telecommunication-Iraq Co. Ltd. Incorporated in Cayman Islands,true,true,,0,,,0,1,2901,3413,3414,301,200
cloudflare-ech.com,IL,Israel,pelephone,16116,pelephone,16116,Pelephone Communications Ltd.,true,false,,0,,,0,2,1968,2269,2269,301,200
cloudflare-ech.com,IL,Israel,wecom mobile,210625,wecom mobile,210625,Wecom Mobile Ltd.,true,false,,0,,,0,1,1045,1493,1493,301,200
cloudflare-ech.com,IT,Italy,vodafone italia,30722,vodafone italia,30722,Vodafone Italia S.p.A.,true,false,,0,,,0,2,456,793,793,301,200
cloudflare-ech.com,IL,Israel,wecom mobile,210625,wecom mobile,210625,Wecom Mobile Ltd.,true,true,,0,,,0,2,775,1182,1182,301,200
cloudflare-ech.com,IL,Israel,hot mobile,21450,hot mobile,21450,HOT Mobile Ltd.,true,true,,0,,,0,2,836,1361,1361,301,200
cloudflare-ech.com,IL,Israel,cellcom,1680,cellcom,1680,Cellcom Fixed Line Communication L.P,true,false,,0,,,0,2,616,1084,1084,301,200
cloudflare-ech.com,IT,Italy,vodafone italia,30722,vodafone italia,30722,Vodafone Italia S.p.A.,true,true,,0,,,0,2,441,739,739,301,200
cloudflare-ech.com,IT,Italy,tim mobile,16232,tim mobile,16232,Telecom Italia S.p.A.,true,false,,0,,,0,2,512,747,747,301,200
cloudflare-ech.com,IT,Italy,fastweb,12874,fastweb,12874,Fastweb SpA,true,false,,0,,,0,2,494,732,732,301,200
cloudflare-ech.com,IL,Israel,cellcom,1680,cellcom,1680,Cellcom Fixed Line Communication L.P,true,true,,0,,,0,2,780,1084,1085,301,200
cloudflare-ech.com,IT,Italy,tim mobile,16232,tim mobile,16232,Telecom Italia S.p.A.,true,true,,0,,,0,2,448,691,692,301,200
cloudflare-ech.com,IT,Italy,digi italy,,,,,,true,,56,CURLE_RECV_ERROR,"CONNECT tunnel failed, response 525",52,53,0,0,108,0,525
cloudflare-ech.com,IT,Italy,plintron europe limited,,,,,,false,,56,CURLE_RECV_ERROR,"CONNECT tunnel failed, response 525",9,11,0,0,69,0,525
cloudflare-ech.com,IT,Italy,fastweb,12874,fastweb,12874,Fastweb SpA,true,true,,0,,,0,1,409,638,638,301,200
cloudflare-ech.com,IT,Italy,plintron europe limited,,,,,,true,,56,CURLE_RECV_ERROR,"CONNECT tunnel failed, response 525",0,2,0,0,64,0,525
cloudflare-ech.com,IT,Italy,digi italy,,,,,,false,,56,CURLE_RECV_ERROR,"CONNECT tunnel failed, response 525",0,1,0,0,65,0,525
cloudflare-ech.com,IT,Italy,iliad italia,29447,iliad italia,29447,SCALEWAY S.A.S.,true,true,,0,,,0,2,1030,1847,1847,301,200
cloudflare-ech.com,IQ,Iraq,korek telecom company for communications,59625,korek telecom company for communications,59625,Korek Telecom Company for Communications LLC,true,true,,0,,,0,2,3457,5666,5666,301,200
cloudflare-ech.com,IL,Israel,hotnet,12849,hotnet,12849,Hot-Net internet services Ltd.,true,false,,0,,,0,2,1161,1854,1854,301,200
cloudflare-ech.com,IT,Italy,tiscali,8612,tiscali,8612,Tiscali Italia S.P.A.,true,false,,0,,,0,2,606,898,898,301,200
cloudflare-ech.com,IT,Italy,tiscali,8612,tiscali,8612,Tiscali Italia S.P.A.,true,true,,0,,,0,1,538,870,870,301,200
cloudflare-ech.com,IT,Italy,spusu italy,51265,spusu italy,51265,Mass Response Service GmbH,true,false,,0,,,0,2,618,963,964,301,200
cloudflare-ech.com,IL,Israel,hotnet,12849,hotnet,12849,Hot-Net internet services Ltd.,true,true,,0,,,0,2,1015,1537,1537,301,200
cloudflare-ech.com,JM,Jamaica,digicel fiber,40786,digicel fiber,40786,Digicel Jamaica,true,false,,0,,,1,2,353,558,559,301,200
cloudflare-ech.com,IT,Italy,tim,3269,tim,3269,Telecom Italia S.p.A.,true,false,,0,,,0,2,615,924,924,301,200
cloudflare-ech.com,IT,Italy,spusu italy,51265,spusu italy,51265,Mass Response Service GmbH,true,true,,0,,,0,2,570,901,901,301,200
cloudflare-ech.com,JM,Jamaica,digicel fiber,40786,digicel fiber,40786,Digicel Jamaica,true,true,,0,,,0,2,242,407,407,301,200
cloudflare-ech.com,IT,Italy,tim,3269,tim,3269,Telecom Italia S.p.A.,true,true,,0,,,0,2,515,848,848,301,200
cloudflare-ech.com,JP,Japan,so-net,,,,,,false,,56,CURLE_RECV_ERROR,"CONNECT tunnel failed, response 525",0,2,0,0,57,0,525
cloudflare-ech.com,IT,Italy,iliad italia,29447,iliad italia,29447,SCALEWAY S.A.S.,true,false,,0,,,0,2,903,1464,1464,301,200
cloudflare-ech.com,JP,Japan,so-net,,,,,,true,,56,CURLE_RECV_ERROR,"CONNECT tunnel failed, response 525",0,2,0,0,56,0,525
cloudflare-ech.com,JP,Japan,k-opticom corporation,,,,,,false,,56,CURLE_RECV_ERROR,"CONNECT tunnel failed, response 525",0,2,0,0,58,0,525
cloudflare-ech.com,IQ,Iraq,korek telecom company for communications,59625,korek telecom company for communications,59625,Korek Telecom Company for Communications LLC,true,false,,0,,,0,2,5636,8575,8575,301,200
cloudflare-ech.com,JM,Jamaica,digicel fwa,40786,digicel fwa,40786,Digicel Jamaica,true,false,,0,,,0,2,656,933,934,301,200
cloudflare-ech.com,IT,Italy,wind tre,1267,wind tre,1267,WIND TRE S.P.A.,true,false,,0,,,0,2,1094,1838,1838,301,200
cloudflare-ech.com,JM,Jamaica,digicel fwa,40786,digicel fwa,40786,Digicel Jamaica,true,true,,0,,,0,1,529,767,767,301,200
cloudflare-ech.com,IT,Italy,wind tre,1267,wind tre,1267,WIND TRE S.P.A.,true,true,,0,,,0,2,980,1478,1478,301,200
cloudflare-ech.com,IQ,Iraq,comm1,211908,comm1,211908,Horizon Scope Mobile Telecom WLL,true,false,,0,,,0,2,6344,6913,6914,301,200
cloudflare-ech.com,JP,Japan,internet initiative japan,,,,,,false,,56,CURLE_RECV_ERROR,"CONNECT tunnel failed, response 525",0,1,0,0,55,0,525
cloudflare-ech.com,JP,Japan,internet initiative japan,,,,,,true,,56,CURLE_RECV_ERROR,"CONNECT tunnel failed, response 525",1,2,0,0,53,0,525
cloudflare-ech.com,IQ,Iraq,comm1,211908,comm1,211908,Horizon Scope Mobile Telecom WLL,true,true,,0,,,0,2,5385,5759,5760,301,200
cloudflare-ech.com,JP,Japan,open computer network,,,,,,true,,56,CURLE_RECV_ERROR,"CONNECT tunnel failed, response 525",0,2,0,0,57,0,525
cloudflare-ech.com,JM,Jamaica,digicel jamaica,40786,digicel jamaica,40786,Digicel Jamaica,true,true,,0,,,0,2,1335,2012,2012,301,200
cloudflare-ech.com,JP,Japan,ntt communications corporation,4713,ntt communications corporation,4713,NTT Communications Corporation,true,false,,0,,,0,2,841,1333,1333,301,200
cloudflare-ech.com,JP,Japan,k-opticom corporation,,,,,,true,,56,CURLE_RECV_ERROR,"CONNECT tunnel failed, response 525",0,2,0,0,56,0,525
cloudflare-ech.com,JM,Jamaica,digicel jamaica,40786,digicel jamaica,40786,Digicel Jamaica,true,false,,0,,,0,1,1008,1364,1364,301,200
cloudflare-ech.com,JP,Japan,u-next,,,,,,false,,56,CURLE_RECV_ERROR,"CONNECT tunnel failed, response 525",0,2,0,0,56,0,525
cloudflare-ech.com,JP,Japan,open computer network,,,,,,false,,56,CURLE_RECV_ERROR,"CONNECT tunnel failed, response 525",0,2,0,0,57,0,525
cloudflare-ech.com,JP,Japan,u-next,,,,,,true,,56,CURLE_RECV_ERROR,"CONNECT tunnel failed, response 525",0,2,0,0,52,0,525
cloudflare-ech.com,JP,Japan,bekkoame internet,,,,,,false,,56,CURLE_RECV_ERROR,"CONNECT tunnel failed, response 525",0,2,0,0,58,0,525
cloudflare-ech.com,JP,Japan,bekkoame internet,,,,,,true,,56,CURLE_RECV_ERROR,"CONNECT tunnel failed, response 525",0,2,0,0,61,0,525
cloudflare-ech.com,JE,Jersey,sure (guernsey),,,,,,true,,56,CURLE_RECV_ERROR,"CONNECT tunnel failed, response 525",58,59,0,0,109,0,525
cloudflare-ech.com,JE,Jersey,jersey airtel,,,,,,false,,56,CURLE_RECV_ERROR,"CONNECT tunnel failed, response 525",4,5,0,0,56,0,525
cloudflare-ech.com,JE,Jersey,sure (guernsey),,,,,,false,,56,CURLE_RECV_ERROR,"CONNECT tunnel failed, response 525",19,21,0,0,71,0,525
cloudflare-ech.com,JE,Jersey,jersey airtel,,,,,,true,,56,CURLE_RECV_ERROR,"CONNECT tunnel failed, response 525",0,2,0,0,52,0,525
cloudflare-ech.com,JP,Japan,ntt docomo,9605,ntt docomo,9605,"NTT DOCOMO, INC.",true,true,,0,,,0,2,996,1634,1634,301,200
cloudflare-ech.com,JP,Japan,ntt communications corporation,4713,ntt communications corporation,4713,NTT Communications Corporation,true,true,,0,,,0,2,918,1340,1340,301,200
cloudflare-ech.com,JP,Japan,softbank corp.,17676,softbank corp.,17676,SoftBank Corp.,true,false,,0,,,0,2,750,1178,1178,301,200
cloudflare-ech.com,JP,Japan,au one net,2516,au one net,2516,KDDI CORPORATION,true,false,,0,,,0,2,1022,1460,1461,301,200
cloudflare-ech.com,JP,Japan,ntt docomo,9605,ntt docomo,9605,"NTT DOCOMO, INC.",true,false,,0,,,0,2,1049,1589,1589,301,200
cloudflare-ech.com,JP,Japan,softbank corp.,17676,softbank corp.,17676,SoftBank Corp.,true,true,,0,,,0,1,754,1142,1142,301,200
cloudflare-ech.com,JP,Japan,ntt docomo business,4713,ntt docomo business,4713,NTT Communications Corporation,true,false,,0,,,0,2,1089,1471,1471,301,200
cloudflare-ech.com,JP,Japan,au one net,2516,au one net,2516,KDDI CORPORATION,true,true,,0,,,0,2,929,1508,1508,301,200
cloudflare-ech.com,JO,Jordan,zain jordan,48832,zain jordan,48832,Linkdotnet-Jordan,true,false,,0,,,0,2,485,703,703,301,200
cloudflare-ech.com,JP,Japan,ntt docomo business,4713,ntt docomo business,4713,NTT Communications Corporation,true,true,,0,,,0,2,746,1111,1111,301,200
cloudflare-ech.com,JO,Jordan,jordan telecommunications psc,8697,jordan telecommunications psc,8697,Jordan Telecommunications PSC,true,false,,0,,,0,2,572,936,936,301,200
cloudflare-ech.com,JO,Jordan,zain jordan,48832,zain jordan,48832,Linkdotnet-Jordan,true,true,,0,,,0,2,452,666,667,301,200
cloudflare-ech.com,JO,Jordan,jordan telecommunications psc,8697,jordan telecommunications psc,8697,Jordan Telecommunications PSC,true,true,,0,,,0,2,573,855,855,301,200
cloudflare-ech.com,KZ,Kazakhstan,tele2 kazakhstan,29555,tele2 kazakhstan,29555,Mobile Telecom-Service LLP,true,false,,0,,,0,2,517,751,752,301,200
cloudflare-ech.com,KZ,Kazakhstan,mobile telecom-service llp,29555,mobile telecom-service llp,29555,Mobile Telecom-Service LLP,true,true,,0,,,0,2,584,823,823,301,200
cloudflare-ech.com,JO,Jordan,umniah,9038,umniah,9038,Batelco Jordan,true,true,,0,,,0,2,701,950,950,301,200
cloudflare-ech.com,JO,Jordan,umniah,9038,umniah,9038,Batelco Jordan,true,false,,0,,,0,2,486,800,800,301,200
cloudflare-ech.com,KZ,Kazakhstan,tele2 kazakhstan,29555,tele2 kazakhstan,29555,Mobile Telecom-Service LLP,true,true,,0,,,0,2,499,755,756,301,200
cloudflare-ech.com,KZ,Kazakhstan,mobile telecom-service llp,29555,mobile telecom-service llp,29555,Mobile Telecom-Service LLP,true,false,,0,,,0,2,509,747,748,301,200
cloudflare-ech.com,KZ,Kazakhstan,jsc kazakhtelecom,9198,jsc kazakhtelecom,9198,JSC Kazakhtelecom,true,false,,0,,,0,2,430,622,623,301,200
cloudflare-ech.com,JP,Japan,rakuten mobile network,138384,rakuten mobile network,138384,"Rakuten Mobile, Inc.",true,true,,0,,,0,2,965,1410,1410,301,200
cloudflare-ech.com,KZ,Kazakhstan,beeline kazakhstan,206026,beeline kazakhstan,206026,Kar-Tel LLC,true,true,,0,,,0,2,639,869,869,301,200
cloudflare-ech.com,JP,Japan,rakuten mobile network,138384,rakuten mobile network,138384,"Rakuten Mobile, Inc.",true,false,,0,,,0,1,870,1329,1329,301,200
cloudflare-ech.com,KZ,Kazakhstan,freedom data centers llp,,,,,,false,,56,CURLE_RECV_ERROR,"CONNECT tunnel failed, response 525",0,2,0,0,77,0,525
cloudflare-ech.com,JM,Jamaica,cable and wireless jamaica,10278,cable and wireless jamaica,10278,Cable & Wireless (Barbados) Limited,true,true,,0,,,0,2,690,1169,1169,301,200
cloudflare-ech.com,KZ,Kazakhstan,jsc kazakhtelecom,9198,jsc kazakhtelecom,9198,JSC Kazakhtelecom,true,true,,0,,,0,2,407,599,600,301,200
cloudflare-ech.com,KZ,Kazakhstan,freedom data centers llp,,,,,,true,,56,CURLE_RECV_ERROR,"CONNECT tunnel failed, response 525",0,2,0,0,77,0,525
cloudflare-ech.com,KZ,Kazakhstan,spetsavtomatikaservice llp,211028,spetsavtomatikaservice llp,211028,Spetsavtomatikaservice LLP,true,false,,0,,,0,2,461,675,676,301,200
cloudflare-ech.com,KZ,Kazakhstan,eurasia-star llp,,,,,,false,,56,CURLE_RECV_ERROR,"CONNECT tunnel failed, response 525",0,2,0,0,78,0,525
cloudflare-ech.com,KZ,Kazakhstan,eurasia-star llp,,,,,,true,,56,CURLE_RECV_ERROR,"CONNECT tunnel failed, response 525",0,2,0,0,78,0,525
cloudflare-ech.com,KZ,Kazakhstan,kar-tel,21299,kar-tel,21299,Kar-Tel LLC,true,false,,0,,,0,2,447,783,783,301,200
cloudflare-ech.com,KZ,Kazakhstan,spetsavtomatikaservice llp,211028,spetsavtomatikaservice llp,211028,Spetsavtomatikaservice LLP,true,true,,0,,,0,2,475,686,686,301,200
cloudflare-ech.com,KZ,Kazakhstan,beeline kazakhstan,206026,beeline kazakhstan,206026,Kar-Tel LLC,true,false,,0,,,0,1,540,771,771,301,200
cloudflare-ech.com,KE,Kenya,telkom,,,,,,true,,56,CURLE_RECV_ERROR,"CONNECT tunnel failed, response 525",0,2,0,0,58,0,525
cloudflare-ech.com,KZ,Kazakhstan,jusan mobile,35104,jusan mobile,35104,Jusan Mobile JSC,true,false,,0,,,0,2,485,690,690,301,200
cloudflare-ech.com,KZ,Kazakhstan,kar-tel,21299,kar-tel,21299,Kar-Tel LLC,true,true,,0,,,0,2,642,945,946,301,200
cloudflare-ech.com,KE,Kenya,telkom,,,,,,false,,56,CURLE_RECV_ERROR,"CONNECT tunnel failed, response 525",74,76,0,0,139,0,525
cloudflare-ech.com,KZ,Kazakhstan,2day telecom,206026,2day telecom,206026,Kar-Tel LLC,true,false,,0,,,0,2,1143,1619,1619,301,200
cloudflare-ech.com,KZ,Kazakhstan,2day telecom llp,21299,2day telecom llp,21299,Kar-Tel LLC,true,true,,0,,,0,2,560,754,754,301,200
cloudflare-ech.com,KE,Kenya,jambo-telecoms,,,,,,true,,56,CURLE_RECV_ERROR,"CONNECT tunnel failed, response 525",0,2,0,0,57,0,525
cloudflare-ech.com,KZ,Kazakhstan,kcell,29355,kcell,29355,Kcell JSC,true,true,,0,,,0,2,722,954,954,301,200
cloudflare-ech.com,KE,Kenya,jambo-telecoms,,,,,,false,,56,CURLE_RECV_ERROR,"CONNECT tunnel failed, response 525",0,1,0,0,60,0,525
cloudflare-ech.com,KZ,Kazakhstan,jusan mobile,35104,jusan mobile,35104,Jusan Mobile JSC,true,true,,0,,,0,2,435,643,643,301,200
cloudflare-ech.com,KR,"Korea, Republic of",sk broadband,,,,,,true,,56,CURLE_RECV_ERROR,"CONNECT tunnel failed, response 525",0,2,0,0,58,0,525
cloudflare-ech.com,KR,"Korea, Republic of",sk broadband,,,,,,false,,56,CURLE_RECV_ERROR,"CONNECT tunnel failed, response 525",0,2,0,0,55,0,525
cloudflare-ech.com,KZ,Kazakhstan,kcell,29355,kcell,29355,Kcell JSC,true,false,,0,,,0,2,502,729,729,301,200
cloudflare-ech.com,KZ,Kazakhstan,2day telecom,206026,2day telecom,206026,Kar-Tel LLC,true,true,,0,,,0,2,899,1427,1428,301,200
cloudflare-ech.com,KZ,Kazakhstan,2day telecom llp,21299,2day telecom llp,21299,Kar-Tel LLC,true,false,,0,,,0,1,473,667,667,301,200
cloudflare-ech.com,KE,Kenya,safaricom,33771,safaricom,33771,Safaricom Limited,true,false,,0,,,0,2,994,1545,1545,301,200
cloudflare-ech.com,KE,Kenya,airtel kenya,36926,airtel kenya,36926,Airtel Networks Kenya Limited,true,false,,0,,,0,2,904,1274,1274,301,200
cloudflare-ech.com,KE,Kenya,faiba,36866,faiba,36866,Jamii Telecommunications Limited,true,false,,0,,,0,2,1032,1640,1640,301,200
cloudflare-ech.com,KE,Kenya,airtel kenya,36926,airtel kenya,36926,Airtel Networks Kenya Limited,true,true,,0,,,0,2,716,1092,1093,301,200
cloudflare-ech.com,KE,Kenya,safaricom,33771,safaricom,33771,Safaricom Limited,true,true,,0,,,0,2,927,1531,1532,301,200
cloudflare-ech.com,KW,Kuwait,zain kuwait,42961,zain kuwait,42961,Mobile Telecommunications Company,true,false,,0,,,0,2,699,1010,1011,301,200
cloudflare-ech.com,KR,"Korea, Republic of",lg uplus,17853,lg uplus,17853,LGTELECOM,true,true,,0,,,0,2,1007,1414,1414,301,200
cloudflare-ech.com,KW,Kuwait,ooredoo kuwait,29357,ooredoo kuwait,29357,NATIONAL MOBILE TELECOMMUNICATIONS COMPANY K.S.C.P.,true,false,,0,,,0,2,695,1053,1053,301,200
cloudflare-ech.com,KR,"Korea, Republic of",sk telecom,9644,sk telecom,9644,SK Telecom,true,false,,0,,,0,2,1008,1405,1406,301,200
cloudflare-ech.com,KW,Kuwait,zain kuwait,42961,zain kuwait,42961,Mobile Telecommunications Company,true,true,,0,,,0,2,591,959,960,301,200
cloudflare-ech.com,LA,Lao People's Democratic Republic,etl company,,,,,,false,,56,CURLE_RECV_ERROR,"CONNECT tunnel failed, response 525",0,2,0,0,56,0,525
cloudflare-ech.com,KE,Kenya,faiba,36866,faiba,36866,Jamii Telecommunications Limited,true,true,,0,,,0,2,1300,1835,1835,301,200
cloudflare-ech.com,LA,Lao People's Democratic Republic,"lao telecom communication, ltc",,,,,,false,,56,CURLE_RECV_ERROR,"CONNECT tunnel failed, response 525",0,2,0,0,53,0,525
cloudflare-ech.com,LA,Lao People's Democratic Republic,"lao telecom communication, ltc",,,,,,true,,56,CURLE_RECV_ERROR,"CONNECT tunnel failed, response 525",0,2,0,0,56,0,525
cloudflare-ech.com,LA,Lao People's Democratic Republic,etl company,,,,,,true,,56,CURLE_RECV_ERROR,"CONNECT tunnel failed, response 525",0,1,0,0,53,0,525
cloudflare-ech.com,LA,Lao People's Democratic Republic,star telecom,,,,,,false,,56,CURLE_RECV_ERROR,"CONNECT tunnel failed, response 525",0,2,0,0,55,0,525
cloudflare-ech.com,KR,"Korea, Republic of",lg uplus,17853,lg uplus,17853,LGTELECOM,true,false,,0,,,0,2,833,1241,1241,301,200
cloudflare-ech.com,LA,Lao People's Democratic Republic,star telecom,,,,,,true,,56,CURLE_RECV_ERROR,"CONNECT tunnel failed, response 525",0,2,0,0,55,0,525
cloudflare-ech.com,KR,"Korea, Republic of",kt,4766,kt,4766,Korea Telecom,true,false,,0,,,0,2,1115,1630,1631,301,200
cloudflare-ech.com,KR,"Korea, Republic of",sk telecom,9644,sk telecom,9644,SK Telecom,true,true,,0,,,0,2,817,1214,1214,301,200
cloudflare-ech.com,LB,Lebanon,touch lebanon,,,,,,true,,56,CURLE_RECV_ERROR,"CONNECT tunnel failed, response 525",0,2,0,0,59,0,525
cloudflare-ech.com,LB,Lebanon,touch lebanon,,,,,,false,,56,CURLE_RECV_ERROR,"CONNECT tunnel failed, response 525",0,2,0,0,55,0,525
cloudflare-ech.com,KG,Kyrgyzstan,nur telecom,47237,nur telecom,47237,NUR Telecom LLC,true,false,,0,,,0,2,710,986,986,301,200
cloudflare-ech.com,KW,Kuwait,ooredoo kuwait,29357,ooredoo kuwait,29357,NATIONAL MOBILE TELECOMMUNICATIONS COMPANY K.S.C.P.,true,true,,0,,,0,1,656,979,979,301,200
cloudflare-ech.com,KW,Kuwait,stc kuwait,47589,stc kuwait,47589,Kuwait Telecommunication Company (Under Association),true,false,,0,,,0,2,923,1393,1393,301,200
cloudflare-ech.com,KR,"Korea, Republic of",kt,4766,kt,4766,Korea Telecom,true,true,,0,,,0,2,1004,1501,1501,301,200
cloudflare-ech.com,KG,Kyrgyzstan,nur telecom,47237,nur telecom,47237,NUR Telecom LLC,true,true,,0,,,0,2,536,793,793,301,200
cloudflare-ech.com,LS,Lesotho,econet telecom lesotho,,,,,,false,,56,CURLE_RECV_ERROR,"CONNECT tunnel failed, response 525",0,2,0,0,57,0,525
cloudflare-ech.com,LS,Lesotho,econet telecom lesotho,,,,,,true,,56,CURLE_RECV_ERROR,"CONNECT tunnel failed, response 525",1,2,0,0,57,0,525
cloudflare-ech.com,KW,Kuwait,stc kuwait,47589,stc kuwait,47589,Kuwait Telecommunication Company (Under Association),true,true,,0,,,0,2,714,1191,1191,301,200
cloudflare-ech.com,LV,Latvia,latvijas mobilais telefons sia,24921,latvijas mobilais telefons sia,24921,Latvijas Mobilais Telefons SIA,true,false,,0,,,0,2,455,643,644,301,200
cloudflare-ech.com,KG,Kyrgyzstan,alfa telecom cjsc,50223,alfa telecom cjsc,50223,Alfa Telecom CJSC,true,false,,0,,,0,2,774,1096,1096,301,200
cloudflare-ech.com,LV,Latvia,bite lietuva,13194,bite lietuva,13194,"UAB ""Bite Lietuva""",true,true,,0,,,0,2,458,640,641,301,200
cloudflare-ech.com,LV,Latvia,latvijas mobilais telefons sia,24921,latvijas mobilais telefons sia,24921,Latvijas Mobilais Telefons SIA,true,true,,0,,,0,2,366,541,541,301,200
cloudflare-ech.com,LV,Latvia,bite lietuva,13194,bite lietuva,13194,"UAB ""Bite Lietuva""",true,false,,0,,,0,1,386,569,569,301,200
cloudflare-ech.com,KG,Kyrgyzstan,sky mobile,41329,sky mobile,41329,"""Sky Mobile"" LLC",true,false,,0,,,0,2,955,1351,1352,301,200
cloudflare-ech.com,KG,Kyrgyzstan,alfa telecom cjsc,50223,alfa telecom cjsc,50223,Alfa Telecom CJSC,true,true,,0,,,0,2,647,961,961,301,200
cloudflare-ech.com,LT,Lithuania,tele2,,,,,,false,,56,CURLE_RECV_ERROR,"CONNECT tunnel failed, response 525",67,68,0,0,123,0,525
cloudflare-ech.com,KG,Kyrgyzstan,sky mobile,41329,sky mobile,41329,"""Sky Mobile"" LLC",true,true,,0,,,0,2,819,1184,1185,301,200
cloudflare-ech.com,LB,Lebanon,mobile interim company 1 s.a.l.,57513,mobile interim company 1 s.a.l.,57513,Mobile interim company 1 S.A.L.,true,false,,0,,,23,25,766,1034,1034,301,200
cloudflare-ech.com,LT,Lithuania,telia lietuva,8764,telia lietuva,8764,"Telia Lietuva, AB",true,false,,0,,,0,2,477,664,664,301,200
cloudflare-ech.com,LB,Lebanon,mobile interim company 1 s.a.l.,57513,mobile interim company 1 s.a.l.,57513,Mobile interim company 1 S.A.L.,true,true,,0,,,0,1,646,907,907,301,200
cloudflare-ech.com,LT,Lithuania,tele2,,,,,,true,,56,CURLE_RECV_ERROR,"CONNECT tunnel failed, response 525",0,1,0,0,58,0,525
cloudflare-ech.com,LT,Lithuania,telia lietuva,8764,telia lietuva,8764,"Telia Lietuva, AB",true,true,,0,,,0,2,453,637,637,301,200
cloudflare-ech.com,LS,Lesotho,vodacom-lesotho,37057,vodacom-lesotho,37057,Vodacom Lesotho (Pty) Ltd,true,true,,0,,,0,2,948,1354,1354,301,200
cloudflare-ech.com,LS,Lesotho,vodacom-lesotho,37057,vodacom-lesotho,37057,Vodacom Lesotho (Pty) Ltd,true,false,,0,,,0,2,796,1235,1235,301,200
cloudflare-ech.com,LT,Lithuania,"telia lietuva, ab",8764,"telia lietuva, ab",8764,"Telia Lietuva, AB",true,false,,0,,,0,2,547,810,811,301,200
cloudflare-ech.com,LT,Lithuania,bite lietuva,13194,bite lietuva,13194,"UAB ""Bite Lietuva""",true,false,,0,,,0,2,503,764,764,301,200
cloudflare-ech.com,LU,Luxembourg,orange belgium,,,,,,false,,56,CURLE_RECV_ERROR,"CONNECT tunnel failed, response 525",0,2,0,0,52,0,525
cloudflare-ech.com,LT,Lithuania,"telia lietuva, ab",8764,"telia lietuva, ab",8764,"Telia Lietuva, AB",true,true,,0,,,0,2,437,809,809,301,200
cloudflare-ech.com,LU,Luxembourg,orange belgium,,,,,,true,,56,CURLE_RECV_ERROR,"CONNECT tunnel failed, response 525",0,2,0,0,53,0,525
cloudflare-ech.com,LU,Luxembourg,post luxembourg,6661,post luxembourg,6661,POST Luxembourg,true,true,,0,,,0,2,233,341,341,301,200
cloudflare-ech.com,MO,Macao,companhia de telecomunicacoes de macau,,,,,,true,,56,CURLE_RECV_ERROR,"CONNECT tunnel failed, response 525",0,2,0,0,53,0,525
cloudflare-ech.com,MO,Macao,companhia de telecomunicacoes de macau,,,,,,false,,56,CURLE_RECV_ERROR,"CONNECT tunnel failed, response 525",0,2,0,0,55,0,525
cloudflare-ech.com,MO,Macao,china telecom macau company,,,,,,false,,56,CURLE_RECV_ERROR,"CONNECT tunnel failed, response 525",0,2,0,0,53,0,525
cloudflare-ech.com,MO,Macao,china telecom macau company,,,,,,true,,56,CURLE_RECV_ERROR,"CONNECT tunnel failed, response 525",0,2,0,0,49,0,525
cloudflare-ech.com,LT,Lithuania,bite lietuva,13194,bite lietuva,13194,"UAB ""Bite Lietuva""",true,true,,0,,,0,2,526,794,794,301,200
cloudflare-ech.com,MK,"Macedonia, the Former Yugoslav Republic of",a1 makedonija,,,,,,false,,56,CURLE_RECV_ERROR,"CONNECT tunnel failed, response 525",0,2,0,0,53,0,525
cloudflare-ech.com,LU,Luxembourg,post luxembourg,6661,post luxembourg,6661,POST Luxembourg,true,false,,0,,,0,2,233,340,340,301,200
cloudflare-ech.com,MK,"Macedonia, the Former Yugoslav Republic of",a1 makedonija,,,,,,true,,56,CURLE_RECV_ERROR,"CONNECT tunnel failed, response 525",0,2,0,0,54,0,525
cloudflare-ech.com,LY,Libya,libyana-mobile,328286,libyana-mobile,328286,Libyana Mobile Phone Company JSC,true,true,,0,,,0,2,1084,1442,1442,301,200
cloudflare-ech.com,MG,Madagascar,airtel madagascar,,,,,,false,,56,CURLE_RECV_ERROR,"CONNECT tunnel failed, response 525",0,2,0,0,56,0,525
cloudflare-ech.com,MG,Madagascar,airtel madagascar,,,,,,true,,56,CURLE_RECV_ERROR,"CONNECT tunnel failed, response 525",0,1,0,0,57,0,525
cloudflare-ech.com,LT,Lithuania,tele2 lithuania,1257,tele2 lithuania,1257,Tele2 Sverige AB,true,true,,0,,,0,2,675,1021,1021,301,200
cloudflare-ech.com,MG,Madagascar,telecom-malagasy,,,,,,false,,56,CURLE_RECV_ERROR,"CONNECT tunnel failed, response 525",0,2,0,0,55,0,525
cloudflare-ech.com,MG,Madagascar,telecom-malagasy,,,,,,true,,56,CURLE_RECV_ERROR,"CONNECT tunnel failed, response 525",0,2,0,0,52,0,525
cloudflare-ech.com,LY,Libya,libyana-mobile,328286,libyana-mobile,328286,Libyana Mobile Phone Company JSC,true,false,,0,,,0,2,1902,2370,2370,301,200
cloudflare-ech.com,LT,Lithuania,tele2 lithuania,1257,tele2 lithuania,1257,Tele2 Sverige AB,true,false,,0,,,0,2,723,941,941,301,200
cloudflare-ech.com,JM,Jamaica,cable and wireless jamaica,10278,cable and wireless jamaica,10278,Cable & Wireless (Barbados) Limited,true,false,,0,,,0,2,491,795,795,301,200
cloudflare-ech.com,MW,Malawi,afrimax,,,,,,true,,56,CURLE_RECV_ERROR,"CONNECT tunnel failed, response 525",0,2,0,0,53,0,525
cloudflare-ech.com,MW,Malawi,afrimax,,,,,,false,,56,CURLE_RECV_ERROR,"CONNECT tunnel failed, response 525",0,2,0,0,51,0,525
cloudflare-ech.com,MW,Malawi,airtel rwanda,,,,,,false,,56,CURLE_RECV_ERROR,"CONNECT tunnel failed, response 525",0,2,0,0,55,0,525
cloudflare-ech.com,MW,Malawi,airtel rwanda,,,,,,true,,56,CURLE_RECV_ERROR,"CONNECT tunnel failed, response 525",0,1,0,0,56,0,525
cloudflare-ech.com,MK,"Macedonia, the Former Yugoslav Republic of",makedonski telekom ad-skopje,6821,makedonski telekom ad-skopje,6821,Makedonski Telekom AD-Skopje,true,true,,0,,,0,2,586,869,869,301,200
cloudflare-ech.com,MK,"Macedonia, the Former Yugoslav Republic of",makedonski telekom ad-skopje,6821,makedonski telekom ad-skopje,6821,Makedonski Telekom AD-Skopje,true,false,,0,,,47,49,626,947,947,301,200
cloudflare-ech.com,LR,Liberia,orange liberia,37094,orange liberia,37094,"Orange Liberia, INC",true,false,,0,,,0,2,1259,2000,2000,301,200
cloudflare-ech.com,LR,Liberia,orange liberia,37094,orange liberia,37094,"Orange Liberia, INC",true,true,,0,,,0,2,1690,2609,2610,301,200
cloudflare-ech.com,MW,Malawi,tnm,37294,tnm,37294,TELEKOM NETWORKS MALAWI LTD,true,true,,0,,,0,2,1178,1686,1686,301,200
cloudflare-ech.com,MY,Malaysia,celcomdigi,10030,celcomdigi,10030,Celcom Axiata Berhad,true,false,,0,,,0,2,1055,1479,1479,301,200
cloudflare-ech.com,MY,Malaysia,tm net,4788,tm net,4788,TM TECHNOLOGY SERVICES SDN BHD,true,true,,0,,,0,2,942,1525,1525,301,200
cloudflare-ech.com,MG,Madagascar,orange madagascar,37037,orange madagascar,37037,Orange Madagascar,true,false,,0,,,0,2,1306,1944,1944,301,200
cloudflare-ech.com,MW,Malawi,tnm,37294,tnm,37294,TELEKOM NETWORKS MALAWI LTD,true,false,,0,,,0,2,989,1499,1499,301,200
cloudflare-ech.com,MY,Malaysia,celcomdigi,10030,celcomdigi,10030,Celcom Axiata Berhad,true,true,,0,,,0,2,1073,1511,1512,301,200
cloudflare-ech.com,LY,Libya,al-madar-al-jadeed,328200,al-madar-al-jadeed,328200,Al Madar Al Jadeed Joint Stock Company,true,true,,0,,,0,1,4360,5577,5577,301,200
cloudflare-ech.com,MV,Maldives,ooredoo maldives,,,,,,true,,56,CURLE_RECV_ERROR,"CONNECT tunnel failed, response 525",0,2,0,0,52,0,525
cloudflare-ech.com,MW,Malawi,airtel malawi,37440,airtel malawi,37440,Airtel Malawi Ltd,true,false,,0,,,0,2,1212,1761,1762,301,200
cloudflare-ech.com,MV,Maldives,ooredoo maldives,,,,,,false,,56,CURLE_RECV_ERROR,"CONNECT tunnel failed, response 525",0,2,0,0,53,0,525
cloudflare-ech.com,LY,Libya,al-madar-al-jadeed,328200,al-madar-al-jadeed,328200,Al Madar Al Jadeed Joint Stock Company,true,false,,0,,,0,2,2902,3381,3381,301,200
cloudflare-ech.com,MV,Maldives,dhivehi raajjeyge gulhun (dhiraagu),,,,,,false,,56,CURLE_RECV_ERROR,"CONNECT tunnel failed, response 525",0,2,0,0,149,0,525
cloudflare-ech.com,MW,Malawi,airtel malawi,37440,airtel malawi,37440,Airtel Malawi Ltd,true,true,,0,,,0,2,1408,1983,1984,301,200
cloudflare-ech.com,MV,Maldives,dhivehi raajjeyge gulhun (dhiraagu),,,,,,true,,56,CURLE_RECV_ERROR,"CONNECT tunnel failed, response 525",0,2,0,0,54,0,525
cloudflare-ech.com,ML,Mali,sotelmabgp,,,,,,false,,56,CURLE_RECV_ERROR,"CONNECT tunnel failed, response 525",0,2,0,0,53,0,525
cloudflare-ech.com,ML,Mali,sotelmabgp,,,,,,true,,56,CURLE_RECV_ERROR,"CONNECT tunnel failed, response 525",0,2,0,0,54,0,525
cloudflare-ech.com,ML,Mali,mali-atel,,,,,,false,,56,CURLE_RECV_ERROR,"CONNECT tunnel failed, response 525",0,2,0,0,66,0,525
cloudflare-ech.com,MY,Malaysia,ytl communications sdn bhd,45960,ytl communications sdn bhd,45960,YTL Communications Sdn Bhd,true,false,,0,,,0,2,1255,1787,1788,301,200
cloudflare-ech.com,ML,Mali,mali-atel,,,,,,true,,56,CURLE_RECV_ERROR,"CONNECT tunnel failed, response 525",0,2,0,0,52,0,525
cloudflare-ech.com,MT,Malta,melita,,,,,,false,,56,CURLE_RECV_ERROR,"CONNECT tunnel failed, response 525",0,2,0,0,52,0,525
cloudflare-ech.com,MG,Madagascar,orange madagascar,37037,orange madagascar,37037,Orange Madagascar,true,true,,0,,,0,2,1445,2023,2023,301,200
cloudflare-ech.com,MT,Malta,melita,,,,,,true,,56,CURLE_RECV_ERROR,"CONNECT tunnel failed, response 525",0,2,0,0,55,0,525
cloudflare-ech.com,MY,Malaysia,tm net,4788,tm net,4788,TM TECHNOLOGY SERVICES SDN BHD,true,false,,0,,,0,2,1022,1475,1476,301,200
cloudflare-ech.com,MY,Malaysia,u mobile,38466,u mobile,38466,U Mobile Sdn Bhd,true,false,,0,,,0,2,959,1470,1470,301,200
cloudflare-ech.com,MY,Malaysia,celcomdigi berhad,4818,celcomdigi berhad,4818,"DiGi Telecommunications Sdn Bhd., Digi Internet Exchange",true,false,,0,,,0,2,1451,2032,2032,301,200
cloudflare-ech.com,MY,Malaysia,u mobile,38466,u mobile,38466,U Mobile Sdn Bhd,true,true,,0,,,0,2,943,1395,1396,301,200
cloudflare-ech.com,MY,Malaysia,celcomdigi berhad,4818,celcomdigi berhad,4818,"DiGi Telecommunications Sdn Bhd., Digi Internet Exchange",true,true,,0,,,0,2,1024,1584,1584,301,200
cloudflare-ech.com,ML,Mali,orange mali,30985,orange mali,30985,IKATEL SA,true,false,,0,,,69,70,744,1085,1085,301,200
cloudflare-ech.com,MQ,Martinique,free mobile,,,,,,true,,56,CURLE_RECV_ERROR,"CONNECT tunnel failed, response 525",0,2,0,0,55,0,525
cloudflare-ech.com,MQ,Martinique,free mobile,,,,,,false,,56,CURLE_RECV_ERROR,"CONNECT tunnel failed, response 525",0,1,0,0,53,0,525
cloudflare-ech.com,MY,Malaysia,ytl communications sdn bhd,45960,ytl communications sdn bhd,45960,YTL Communications Sdn Bhd,true,true,,0,,,0,2,1755,2238,2238,301,200
cloudflare-ech.com,MQ,Martinique,outremer telecom,,,,,,false,,56,CURLE_RECV_ERROR,"CONNECT tunnel failed, response 525",0,2,0,0,53,0,525
cloudflare-ech.com,MQ,Martinique,outremer telecom,,,,,,true,,56,CURLE_RECV_ERROR,"CONNECT tunnel failed, response 525",0,2,0,0,61,0,525
cloudflare-ech.com,ML,Mali,orange mali,30985,orange mali,30985,IKATEL SA,true,true,,0,,,0,2,539,881,881,301,200
cloudflare-ech.com,MT,Malta,go malta,15735,go malta,15735,GO p.l.c.,true,false,,0,,,0,2,725,1051,1052,301,200
cloudflare-ech.com,MR,Mauritania,chinguitel,,,,,,false,,56,CURLE_RECV_ERROR,"CONNECT tunnel failed, response 525",0,2,0,0,56,0,525
cloudflare-ech.com,MT,Malta,epic communications ltd,33874,epic communications ltd,33874,Epic Communications Limited,true,false,,0,,,0,2,622,950,950,301,200
cloudflare-ech.com,MR,Mauritania,chinguitel,,,,,,true,,56,CURLE_RECV_ERROR,"CONNECT tunnel failed, response 525",0,2,0,0,56,0,525
cloudflare-ech.com,MT,Malta,go malta,15735,go malta,15735,GO p.l.c.,true,true,,0,,,0,2,566,861,862,301,200
cloudflare-ech.com,MT,Malta,epic communications ltd,33874,epic communications ltd,33874,Epic Communications Limited,true,true,,0,,,0,2,656,930,930,301,200
cloudflare-ech.com,MQ,Martinique,orange,16028,orange,16028,Orange S.A.,true,true,,0,,,0,2,936,1191,1192,301,200
cloudflare-ech.com,LR,Liberia,lonestar,37410,lonestar,37410,Lonestar Communications Corporation,true,true,,0,,,0,2,9188,9850,9851,301,200
cloudflare-ech.com,MU,Mauritius,mtml,,,,,,false,,56,CURLE_RECV_ERROR,"CONNECT tunnel failed, response 525",0,2,0,0,56,0,525
cloudflare-ech.com,MU,Mauritius,mtml,,,,,,true,,56,CURLE_RECV_ERROR,"CONNECT tunnel failed, response 525",0,2,0,0,55,0,525
cloudflare-ech.com,YT,Mayotte,free reunion,,,,,,true,,56,CURLE_RECV_ERROR,"CONNECT tunnel failed, response 525",0,1,0,0,51,0,525
cloudflare-ech.com,MY,Malaysia,maxis communications,9534,maxis communications,9534,Maxis Broadband Sdn Bhd,true,false,,0,,,0,2,1002,1502,1502,301,200
cloudflare-ech.com,YT,Mayotte,sfr,,,,,,false,,56,CURLE_RECV_ERROR,"CONNECT tunnel failed, response 525",0,2,0,0,56,0,525
cloudflare-ech.com,YT,Mayotte,sfr,,,,,,true,,56,CURLE_RECV_ERROR,"CONNECT tunnel failed, response 525",0,2,0,0,53,0,525
cloudflare-ech.com,MQ,Martinique,digicel antilles francaises guyane,48252,digicel antilles francaises guyane,48252,DIGICEL ANTILLES FRANCAISES GUYANE SA,true,false,,0,,,0,2,742,1265,1265,301,200
cloudflare-ech.com,YT,Mayotte,free reunion,,,,,,false,,56,CURLE_RECV_ERROR,"CONNECT tunnel failed, response 525",0,2,0,0,53,0,525
cloudflare-ech.com,MQ,Martinique,orange,16028,orange,16028,Orange S.A.,true,false,,0,,,1,2,441,640,640,301,200
cloudflare-ech.com,MQ,Martinique,digicel antilles francaises guyane,48252,digicel antilles francaises guyane,48252,DIGICEL ANTILLES FRANCAISES GUYANE SA,true,true,,0,,,0,1,547,983,984,301,200
cloudflare-ech.com,MY,Malaysia,maxis communications,9534,maxis communications,9534,Maxis Broadband Sdn Bhd,true,true,,0,,,0,2,866,1376,1376,301,200
cloudflare-ech.com,LR,Liberia,lonestar,37410,lonestar,37410,Lonestar Communications Corporation,true,false,,0,,,0,2,1679,2527,2527,301,200
cloudflare-ech.com,MX,Mexico,"altan redes, s.a.p.i. de c. v.",,,,,,false,,56,CURLE_RECV_ERROR,"CONNECT tunnel failed, response 525",0,2,0,0,54,0,525
cloudflare-ech.com,MX,Mexico,"altan redes, s.a.p.i. de c. v.",,,,,,true,,56,CURLE_RECV_ERROR,"CONNECT tunnel failed, response 525",0,2,0,0,59,0,525
cloudflare-ech.com,MR,Mauritania,mattel,37508,mattel,37508,MATTEL,true,false,,0,,,0,2,918,1440,1440,301,200
cloudflare-ech.com,MX,Mexico,red compartida,265540,red compartida,265540,"ALTAN REDES, S.A.P.I. de C. V.",true,true,,0,,,0,2,720,1114,1115,301,200
cloudflare-ech.com,MR,Mauritania,mauritel,29544,mauritel,29544,Mauritanian Telecommunication Company,true,false,,0,,,0,2,978,1714,1714,301,200
cloudflare-ech.com,MX,Mexico,"mexico red de telecomunicaciones, s. de r.l. de c.",,,,,,false,,56,CURLE_RECV_ERROR,"CONNECT tunnel failed, response 525",0,2,0,0,54,0,525
cloudflare-ech.com,MX,Mexico,telcel,28403,telcel,28403,"RadioMovil Dipsa, S.A. de C.V.",true,false,,0,,,0,2,650,889,889,301,200
cloudflare-ech.com,MD,"Moldova, Republic of",orange moldova,,,,,,false,,56,CURLE_RECV_ERROR,"CONNECT tunnel failed, response 525",0,2,0,0,54,0,525
cloudflare-ech.com,MX,Mexico,"mexico red de telecomunicaciones, s. de r.l. de c.",,,,,,true,,56,CURLE_RECV_ERROR,"CONNECT tunnel failed, response 525",0,2,0,0,56,0,525
cloudflare-ech.com,MR,Mauritania,mauritel,29544,mauritel,29544,Mauritanian Telecommunication Company,true,true,,0,,,0,2,1079,1473,1474,301,200
cloudflare-ech.com,MD,"Moldova, Republic of",orange moldova,,,,,,true,,56,CURLE_RECV_ERROR,"CONNECT tunnel failed, response 525",44,46,0,0,101,0,525
cloudflare-ech.com,MU,Mauritius,emtel,30999,emtel,30999,Emtel Ltd,true,false,,0,,,0,2,1156,1664,1664,301,200
cloudflare-ech.com,MR,Mauritania,mattel,37508,mattel,37508,MATTEL,true,true,,0,,,0,2,708,1266,1266,301,200
cloudflare-ech.com,MN,Mongolia,skymedia corporation,,,,,,false,,56,CURLE_RECV_ERROR,"CONNECT tunnel failed, response 525",0,2,0,0,55,0,525
cloudflare-ech.com,MN,Mongolia,skymedia corporation,,,,,,true,,56,CURLE_RECV_ERROR,"CONNECT tunnel failed, response 525",0,2,0,0,55,0,525
cloudflare-ech.com,MN,Mongolia,g-mobile corporation,,,,,,false,,56,CURLE_RECV_ERROR,"CONNECT tunnel failed, response 525",0,2,0,0,55,0,525
cloudflare-ech.com,MX,Mexico,movistar mexico,7438,movistar mexico,7438,"Pegaso PCS, S.A. de C.V.",true,false,,0,,,0,1,585,896,896,301,200
cloudflare-ech.com,MN,Mongolia,g-mobile corporation,,,,,,true,,56,CURLE_RECV_ERROR,"CONNECT tunnel failed, response 525",0,2,0,0,53,0,525
cloudflare-ech.com,MN,Mongolia,mobicom corporation,,,,,,true,,56,CURLE_RECV_ERROR,"CONNECT tunnel failed, response 525",0,1,0,0,49,0,525
cloudflare-ech.com,MX,Mexico,telcel,28403,telcel,28403,"RadioMovil Dipsa, S.A. de C.V.",true,true,,0,,,0,1,671,940,940,301,200
cloudflare-ech.com,MN,Mongolia,mobicom corporation,,,,,,false,,56,CURLE_RECV_ERROR,"CONNECT tunnel failed, response 525",0,2,0,0,47,0,525
cloudflare-ech.com,MX,Mexico,red compartida,265540,red compartida,265540,"ALTAN REDES, S.A.P.I. de C. V.",true,false,,0,,,0,2,872,1207,1207,301,200
cloudflare-ech.com,MX,Mexico,movistar mexico,7438,movistar mexico,7438,"Pegaso PCS, S.A. de C.V.",true,true,,0,,,61,62,497,798,798,301,200
cloudflare-ech.com,MU,Mauritius,mauritius telecom,23889,mauritius telecom,23889,MauritiusTelecom,true,false,,0,,,0,2,1028,1554,1554,301,200
cloudflare-ech.com,MX,Mexico,at&t mexico,28469,at&t mexico,28469,AT&T COMUNICACIONES DIGITALES S DE RL,true,true,,0,,,0,2,914,1522,1523,301,200
cloudflare-ech.com,ME,Montenegro,one crna gora,,,,,,false,,56,CURLE_RECV_ERROR,"CONNECT tunnel failed, response 525",0,2,0,0,57,0,525
cloudflare-ech.com,MD,"Moldova, Republic of",moldtelecom,8926,moldtelecom,8926,Moldtelecom SA,true,false,,0,,,0,2,427,649,649,301,200
cloudflare-ech.com,ME,Montenegro,one crna gora,,,,,,true,,56,CURLE_RECV_ERROR,"CONNECT tunnel failed, response 525",1,2,0,0,60,0,525
cloudflare-ech.com,MD,"Moldova, Republic of",moldtelecom,8926,moldtelecom,8926,Moldtelecom SA,true,true,,0,,,0,2,432,631,631,301,200
cloudflare-ech.com,MU,Mauritius,emtel,30999,emtel,30999,Emtel Ltd,true,true,,0,,,0,2,1501,2039,2039,301,200
cloudflare-ech.com,MX,Mexico,at&t mexico,28469,at&t mexico,28469,AT&T COMUNICACIONES DIGITALES S DE RL,true,false,,0,,,0,2,688,1321,1321,301,200
cloudflare-ech.com,MD,"Moldova, Republic of",moldcell s.a.,43925,moldcell s.a.,43925,MOLDCELL S.A.,true,false,,0,,,0,2,686,984,984,301,200
cloudflare-ech.com,MU,Mauritius,mauritius telecom,23889,mauritius telecom,23889,MauritiusTelecom,true,true,,0,,,0,2,995,1433,1433,301,200
cloudflare-ech.com,ME,Montenegro,drustvo za telekomunikacije mtel,43940,drustvo za telekomunikacije mtel,43940,"Drustvo za telekomunikacije ""MTEL"" DOO",true,false,,0,,,0,2,546,799,799,301,200
cloudflare-ech.com,MZ,Mozambique,vodacom mozambique,,,,,,false,,56,CURLE_RECV_ERROR,"CONNECT tunnel failed, response 525",0,2,0,0,57,0,525
cloudflare-ech.com,MD,"Moldova, Republic of",moldcell s.a.,43925,moldcell s.a.,43925,MOLDCELL S.A.,true,true,,0,,,0,2,611,893,893,301,200
cloudflare-ech.com,MZ,Mozambique,vodacom mozambique,,,,,,true,,56,CURLE_RECV_ERROR,"CONNECT tunnel failed, response 525",0,2,0,0,57,0,525
cloudflare-ech.com,ME,Montenegro,drustvo za telekomunikacije mtel,43940,drustvo za telekomunikacije mtel,43940,"Drustvo za telekomunikacije ""MTEL"" DOO",true,true,,0,,,0,2,535,834,834,301,200
cloudflare-ech.com,ME,Montenegro,crnogorski telekom a.d.podgorica,8585,crnogorski telekom a.d.podgorica,8585,Crnogorski Telekom a.d.Podgorica,true,false,,0,,,0,2,745,1263,1263,301,200
cloudflare-ech.com,MM,Myanmar,myanma posts and telecommunications,,,,,,false,,56,CURLE_RECV_ERROR,"CONNECT tunnel failed, response 525",0,2,0,0,52,0,525
cloudflare-ech.com,MA,Morocco,inwi,36884,inwi,36884,Wana Corporate,true,false,,0,,,0,2,552,892,893,301,200
cloudflare-ech.com,ME,Montenegro,crnogorski telekom a.d.podgorica,8585,crnogorski telekom a.d.podgorica,8585,Crnogorski Telekom a.d.Podgorica,true,true,,0,,,0,2,711,1014,1014,301,200
cloudflare-ech.com,MM,Myanmar,mytel,,,,,,false,,56,CURLE_RECV_ERROR,"CONNECT tunnel failed, response 525",0,2,0,0,53,0,525
cloudflare-ech.com,MA,Morocco,inwi,36884,inwi,36884,Wana Corporate,true,true,,0,,,0,2,524,858,859,301,200
cloudflare-ech.com,MM,Myanmar,mytel,,,,,,true,,56,CURLE_RECV_ERROR,"CONNECT tunnel failed, response 525",0,2,0,0,55,0,525
cloudflare-ech.com,MM,Myanmar,nine communications company,,,,,,false,,56,CURLE_RECV_ERROR,"CONNECT tunnel failed, response 525",0,1,0,0,55,0,525
cloudflare-ech.com,MM,Myanmar,myanma posts and telecommunications,,,,,,true,,56,CURLE_RECV_ERROR,"CONNECT tunnel failed, response 525",0,1,0,0,55,0,525
cloudflare-ech.com,MM,Myanmar,"telecom international myanmar co, ltd (mytel)",,,,,,false,,56,CURLE_RECV_ERROR,"CONNECT tunnel failed, response 525",0,1,0,0,55,0,525
cloudflare-ech.com,MM,Myanmar,nine communications company,,,,,,true,,56,CURLE_RECV_ERROR,"CONNECT tunnel failed, response 525",0,2,0,0,54,0,525
cloudflare-ech.com,MM,Myanmar,"telecom international myanmar co, ltd (mytel)",,,,,,true,,56,CURLE_RECV_ERROR,"CONNECT tunnel failed, response 525",0,2,0,0,55,0,525
cloudflare-ech.com,MN,Mongolia,ondo,141681,ondo,141681,ONDO LLC,true,false,,0,,,0,2,1420,1857,1857,301,200
cloudflare-ech.com,NA,Namibia,telecom namibia,,,,,,false,,56,CURLE_RECV_ERROR,"CONNECT tunnel failed, response 525",0,2,0,0,54,0,525
cloudflare-ech.com,NA,Namibia,telecom namibia,,,,,,true,,56,CURLE_RECV_ERROR,"CONNECT tunnel failed, response 525",0,2,0,0,57,0,525
cloudflare-ech.com,MN,Mongolia,ondo,141681,ondo,141681,ONDO LLC,true,true,,0,,,0,2,996,1439,1439,301,200
cloudflare-ech.com,MA,Morocco,orange morocco,36925,orange morocco,36925,MEDITELECOM,true,true,,0,,,0,2,2583,2962,2962,301,200
cloudflare-ech.com,MA,Morocco,orange morocco,36925,orange morocco,36925,MEDITELECOM,true,false,,0,,,0,2,3086,3443,3443,301,200
cloudflare-ech.com,MA,Morocco,maroc telecom,36903,maroc telecom,36903,Office National des Postes et Telecommunications ONPT (Maroc Telecom) / IAM,true,false,,0,,,0,2,1428,2138,2139,301,200
cloudflare-ech.com,NP,Nepal,nepal telecom,23752,nepal telecom,23752,Nepal Telecommunications Corporation,true,true,,0,,,0,2,752,1222,1222,301,200
cloudflare-ech.com,NA,Namibia,mtc namibia,37009,mtc namibia,37009,"MTC - Mobile Telecommunications, Ltd.",true,true,,0,,,46,48,990,1573,1574,301,200
cloudflare-ech.com,MA,Morocco,maroc telecom,36903,maroc telecom,36903,Office National des Postes et Telecommunications ONPT (Maroc Telecom) / IAM,true,true,,0,,,0,2,1520,2390,2390,301,200
cloudflare-ech.com,NL,Netherlands,kpn,,,,,,false,,56,CURLE_RECV_ERROR,"CONNECT tunnel failed, response 525",0,2,0,0,55,0,525
cloudflare-ech.com,NL,Netherlands,kpn,,,,,,true,,56,CURLE_RECV_ERROR,"CONNECT tunnel failed, response 525",0,2,0,0,52,0,525
cloudflare-ech.com,NP,Nepal,nepal telecom,23752,nepal telecom,23752,Nepal Telecommunications Corporation,true,false,,0,,,0,2,786,1198,1198,301,200
cloudflare-ech.com,MZ,Mozambique,movitel,37342,movitel,37342,"Movitel, SA",true,false,,0,,,0,2,2297,3164,3164,301,200
cloudflare-ech.com,NL,Netherlands,ziggo,,,,,,false,,56,CURLE_RECV_ERROR,"CONNECT tunnel failed, response 525",0,2,0,0,55,0,525
cloudflare-ech.com,NA,Namibia,mtc namibia,37009,mtc namibia,37009,"MTC - Mobile Telecommunications, Ltd.",true,false,,0,,,0,2,973,1484,1484,301,200
cloudflare-ech.com,NL,Netherlands,ziggo,,,,,,true,,56,CURLE_RECV_ERROR,"CONNECT tunnel failed, response 525",0,2,0,0,54,0,525
cloudflare-ech.com,NL,Netherlands,lycamobile,,,,,,false,,56,CURLE_RECV_ERROR,"CONNECT tunnel failed, response 525",0,1,0,0,55,0,525
cloudflare-ech.com,NL,Netherlands,lycamobile,,,,,,true,,56,CURLE_RECV_ERROR,"CONNECT tunnel failed, response 525",0,2,0,0,56,0,525
cloudflare-ech.com,NC,New Caledonia,opt-nc,,,,,,false,,56,CURLE_RECV_ERROR,"CONNECT tunnel failed, response 525",0,1,0,0,52,0,525
cloudflare-ech.com,NC,New Caledonia,opt-nc,,,,,,true,,56,CURLE_RECV_ERROR,"CONNECT tunnel failed, response 525",0,2,0,0,54,0,525
cloudflare-ech.com,MZ,Mozambique,mcelisp,30619,mcelisp,30619,"TMCEL - Moçambique Telecom, SA",true,true,,0,,,0,1,1997,2563,2564,301,200
cloudflare-ech.com,NL,Netherlands,odido netherlands,31615,odido netherlands,31615,Odido Netherlands B.V.,true,false,,0,,,0,1,385,610,611,301,200
cloudflare-ech.com,MZ,Mozambique,mcelisp,30619,mcelisp,30619,"TMCEL - Moçambique Telecom, SA",true,false,,0,,,0,2,1804,2302,2303,301,200
cloudflare-ech.com,NL,Netherlands,odido netherlands,31615,odido netherlands,31615,Odido Netherlands B.V.,true,true,,0,,,0,2,361,771,771,301,200
cloudflare-ech.com,NZ,New Zealand,amuri,,,,,,false,,56,CURLE_RECV_ERROR,"CONNECT tunnel failed, response 525",0,2,0,0,53,0,525
cloudflare-ech.com,NL,Netherlands,vodafone libertel b.v.,33915,vodafone libertel b.v.,33915,Vodafone Libertel B.V.,true,false,,0,,,0,2,813,1384,1385,301,200
cloudflare-ech.com,MZ,Mozambique,movitel,37342,movitel,37342,"Movitel, SA",true,true,,0,,,0,2,1586,2383,2383,301,200
cloudflare-ech.com,NZ,New Zealand,amuri,,,,,,true,,56,CURLE_RECV_ERROR,"CONNECT tunnel failed, response 525",0,2,0,0,53,0,525
cloudflare-ech.com,NI,Nicaragua,tigo business nicaragua,,,,,,false,,56,CURLE_RECV_ERROR,"CONNECT tunnel failed, response 525",0,2,0,0,53,0,525
cloudflare-ech.com,NI,Nicaragua,tigo business nicaragua,,,,,,true,,56,CURLE_RECV_ERROR,"CONNECT tunnel failed, response 525",0,2,0,0,51,0,525
cloudflare-ech.com,NI,Nicaragua,claro nicaragua,,,,,,false,,56,CURLE_RECV_ERROR,"CONNECT tunnel failed, response 525",0,2,0,0,54,0,525
cloudflare-ech.com,NI,Nicaragua,claro nicaragua,,,,,,true,,56,CURLE_RECV_ERROR,"CONNECT tunnel failed, response 525",0,2,0,0,55,0,525
cloudflare-ech.com,NE,Niger,airtel rwanda,,,,,,false,,56,CURLE_RECV_ERROR,"CONNECT tunnel failed, response 525",0,1,0,0,55,0,525
cloudflare-ech.com,NE,Niger,airtel networks limited,,,,,,false,,56,CURLE_RECV_ERROR,"CONNECT tunnel failed, response 525",0,2,0,0,56,0,525
cloudflare-ech.com,MN,Mongolia,univision,17882,univision,17882,MCS Com Co Ltd,true,false,,0,,,0,2,2475,3200,3200,301,200
cloudflare-ech.com,NE,Niger,airtel networks limited,,,,,,true,,56,CURLE_RECV_ERROR,"CONNECT tunnel failed, response 525",0,1,0,0,53,0,525
cloudflare-ech.com,NE,Niger,airtel niger,,,,,,false,,56,CURLE_RECV_ERROR,"CONNECT tunnel failed, response 525",0,2,0,0,54,0,525
cloudflare-ech.com,NE,Niger,airtel niger,,,,,,true,,56,CURLE_RECV_ERROR,"CONNECT tunnel failed, response 525",0,2,0,0,57,0,525
cloudflare-ech.com,NE,Niger,airtel rwanda,,,,,,true,,56,CURLE_RECV_ERROR,"CONNECT tunnel failed, response 525",0,2,0,0,54,0,525
cloudflare-ech.com,NE,Niger,sonitel,,,,,,false,,56,CURLE_RECV_ERROR,"CONNECT tunnel failed, response 525",0,2,0,0,57,0,525
cloudflare-ech.com,NE,Niger,orange niger,,,,,,false,,56,CURLE_RECV_ERROR,"CONNECT tunnel failed, response 525",0,2,0,0,57,0,525
cloudflare-ech.com,MN,Mongolia,univision,17882,univision,17882,MCS Com Co Ltd,true,true,,0,,,0,2,1310,1806,1806,301,200
cloudflare-ech.com,NE,Niger,orange niger,,,,,,true,,56,CURLE_RECV_ERROR,"CONNECT tunnel failed, response 525",0,1,0,0,53,0,525
cloudflare-ech.com,NL,Netherlands,vodafone libertel b.v.,33915,vodafone libertel b.v.,33915,Vodafone Libertel B.V.,true,true,,0,,,0,2,902,1360,1360,301,200
cloudflare-ech.com,NE,Niger,sonitel,,,,,,true,,56,CURLE_RECV_ERROR,"CONNECT tunnel failed, response 525",91,93,0,0,152,0,525
cloudflare-ech.com,NI,Nicaragua,claro guatemala,14754,claro guatemala,14754,Telgua,true,false,,0,,,0,2,602,939,939,301,200
cloudflare-ech.com,MM,Myanmar,atom myanmar,133385,atom myanmar,,,,false,,0,,,0,2,2252,2920,2920,301,200
cloudflare-ech.com,NI,Nicaragua,claro guatemala,14754,claro guatemala,14754,Telgua,true,true,,0,,,0,2,543,841,841,301,200
cloudflare-ech.com,NZ,New Zealand,one nz,9500,one nz,9500,One New Zealand Group Limited,true,true,,0,,,0,2,1274,1887,1888,301,200
cloudflare-ech.com,NZ,New Zealand,spark new zealand,4771,spark new zealand,4771,Spark New Zealand Trading Limited,true,false,,0,,,0,2,1529,2252,2252,301,200
cloudflare-ech.com,MM,Myanmar,atom myanmar,133385,atom myanmar,,,,true,,0,,,0,2,2849,3507,3507,301,200
cloudflare-ech.com,NP,Nepal,ncell,38565,ncell,38565,Ncell Pty. Ltd.,true,false,,0,,,0,2,2082,2667,2668,301,200
cloudflare-ech.com,NZ,New Zealand,2degrees,9790,2degrees,9790,Two Degrees Mobile Limited,true,true,,0,,,0,2,1406,2021,2022,301,200
cloudflare-ech.com,NZ,New Zealand,spark new zealand,4771,spark new zealand,4771,Spark New Zealand Trading Limited,true,true,,0,,,0,2,1340,1874,1874,301,200
cloudflare-ech.com,NG,Nigeria,9mobile,,,,,,true,,56,CURLE_RECV_ERROR,"CONNECT tunnel failed, response 525",0,2,0,0,77,0,525
cloudflare-ech.com,NG,Nigeria,9mobile,,,,,,false,,56,CURLE_RECV_ERROR,"CONNECT tunnel failed, response 525",0,202,0,0,273,0,525
cloudflare-ech.com,NZ,New Zealand,2degrees,9790,2degrees,9790,Two Degrees Mobile Limited,true,false,,0,,,0,2,1078,1601,1601,301,200
cloudflare-ech.com,NO,Norway,1global,,,,,,false,,56,CURLE_RECV_ERROR,"CONNECT tunnel failed, response 525",0,2,0,0,54,0,525
cloudflare-ech.com,NZ,New Zealand,one nz,9500,one nz,9500,One New Zealand Group Limited,true,false,,0,,,0,2,1257,1887,1887,301,200
cloudflare-ech.com,NO,Norway,1global,,,,,,true,,56,CURLE_RECV_ERROR,"CONNECT tunnel failed, response 525",0,2,0,0,56,0,525
cloudflare-ech.com,NG,Nigeria,airtel networks limited,36873,airtel networks limited,36873,Airtel Networks Limited,true,false,,0,,,0,2,1506,2153,2153,301,200
cloudflare-ech.com,NG,Nigeria,airtel networks limited,36873,airtel networks limited,36873,Airtel Networks Limited,true,true,,0,,,0,1,1143,1797,1798,301,200
cloudflare-ech.com,NO,Norway,cogent communications,212449,cogent communications,212449,Erate AS,true,false,,0,,,0,2,775,1141,1142,301,200
cloudflare-ech.com,NO,Norway,lyse tele,203995,lyse tele,203995,Lyse Tele AS,true,false,,0,,,0,2,704,1101,1102,301,200
cloudflare-ech.com,NO,Norway,cogent communications,212449,cogent communications,212449,Erate AS,true,true,,0,,,0,2,525,850,851,301,200
cloudflare-ech.com,NG,Nigeria,globacom,37148,globacom,328309,Globacom Limited,false,true,,0,,,0,2,1289,1782,1782,301,200
cloudflare-ech.com,NG,Nigeria,globacom,37148,globacom,328309,Globacom Limited,false,false,,0,,,0,2,1631,2127,2127,301,200
cloudflare-ech.com,NG,Nigeria,mtn nigeria,29465,mtn nigeria,29465,MTN NIGERIA Communication limited,true,false,,0,,,0,2,1349,2186,2187,301,200
cloudflare-ech.com,NP,Nepal,ncell,38565,ncell,38565,Ncell Pty. Ltd.,true,true,,0,,,0,2,2785,3366,3366,301,200
cloudflare-ech.com,NG,Nigeria,spectranet,37340,spectranet,37340,SPECTRANET LIMITED,true,false,,0,,,0,2,1406,2043,2044,301,200
cloudflare-ech.com,NG,Nigeria,mtn nigeria,29465,mtn nigeria,29465,MTN NIGERIA Communication limited,true,true,,0,,,0,2,1428,2026,2026,301,200
cloudflare-ech.com,NO,Norway,lyse tele,203995,lyse tele,203995,Lyse Tele AS,true,true,,0,,,0,2,517,833,833,301,200
cloudflare-ech.com,NO,Norway,telenor norge,2119,telenor norge,2119,Telenor Norge AS,true,false,,0,,,82,83,811,1050,1050,301,200
cloudflare-ech.com,NG,Nigeria,spectranet,37340,spectranet,37340,SPECTRANET LIMITED,true,true,,0,,,1,3,1216,1824,1825,301,200
cloudflare-ech.com,NO,Norway,telenor norge,2119,telenor norge,2119,Telenor Norge AS,true,true,,0,,,0,2,546,828,828,301,200
cloudflare-ech.com,OM,Oman,ooredoo oman,50010,ooredoo oman,50010,Omani Qatari Telecommunications Company SAOC,true,false,,0,,,0,2,1038,1648,1648,301,200
cloudflare-ech.com,OM,Oman,vodafone oman,212661,vodafone oman,212661,Oman Future Telecommunications Company SAOC,true,false,,0,,,0,2,947,1425,1426,301,200
cloudflare-ech.com,OM,Oman,ooredoo oman,50010,ooredoo oman,50010,Omani Qatari Telecommunications Company SAOC,true,true,,0,,,0,2,882,1251,1251,301,200
cloudflare-ech.com,PK,Pakistan,hazara communication,,,,,,true,,56,CURLE_RECV_ERROR,"CONNECT tunnel failed, response 525",0,2,0,0,66,0,525
cloudflare-ech.com,OM,Oman,vodafone oman,212661,vodafone oman,212661,Oman Future Telecommunications Company SAOC,true,true,,0,,,0,2,896,1358,1359,301,200
cloudflare-ech.com,OM,Oman,omantel,28885,omantel,28885,Oman Telecommunications Company (S.A.O.G),true,false,,0,,,0,2,1564,2323,2324,301,200
cloudflare-ech.com,PK,Pakistan,zong,59257,zong,59257,CMPak Limited,true,false,,35,CURLE_SSL_CONNECT_ERROR,TLS connect error: error:00000000:lib(0)::reason(0),0,2,0,0,1442,0,200
cloudflare-ech.com,PK,Pakistan,telehouse pvt ltd,,,,,,false,,56,CURLE_RECV_ERROR,"CONNECT tunnel failed, response 525",0,2,0,0,63,0,525
cloudflare-ech.com,PK,Pakistan,paknet merged into ptcl,56167,paknet merged into ptcl,56167,PTML,true,false,,35,CURLE_SSL_CONNECT_ERROR,TLS connect error: error:00000000:lib(0)::reason(0),0,2,0,0,1215,0,200
cloudflare-ech.com,OM,Oman,omantel,28885,omantel,28885,Oman Telecommunications Company (S.A.O.G),true,true,,0,,,0,2,1111,1759,1759,301,200
cloudflare-ech.com,PK,Pakistan,telehouse pvt ltd,,,,,,true,,56,CURLE_RECV_ERROR,"CONNECT tunnel failed, response 525",0,2,0,0,61,0,525
cloudflare-ech.com,PK,Pakistan,pakistan mobile communication limited,45669,pakistan mobile communication limited,45669,"Mobilink GSM, Pakistan Mobile Communication Ltd.",true,false,,0,,,0,2,1191,1770,1771,301,200
cloudflare-ech.com,PK,Pakistan,hazara communication,,,,,,false,,56,CURLE_RECV_ERROR,"CONNECT tunnel failed, response 525",0,2,0,0,68,0,525
cloudflare-ech.com,PK,Pakistan,ptcl,56167,ptcl,56167,PTML,true,false,,35,CURLE_SSL_CONNECT_ERROR,TLS connect error: error:00000000:lib(0)::reason(0),0,2,0,0,1395,0,200
cloudflare-ech.com,PK,Pakistan,pakistan mobile communication limited,45669,pakistan mobile communication limited,45669,"Mobilink GSM, Pakistan Mobile Communication Ltd.",true,true,,0,,,0,2,1120,1651,1651,301,200
cloudflare-ech.com,PK,Pakistan,zong,59257,zong,59257,CMPak Limited,true,true,,35,CURLE_SSL_CONNECT_ERROR,TLS connect error: error:00000000:lib(0)::reason(0),0,2,0,0,1632,0,200
cloudflare-ech.com,PK,Pakistan,originet (pvt.) ltd.,,,,,,false,,56,CURLE_RECV_ERROR,"CONNECT tunnel failed, response 525",0,2,0,0,61,0,525
cloudflare-ech.com,PK,Pakistan,jazz,45669,jazz,45669,"Mobilink GSM, Pakistan Mobile Communication Ltd.",true,false,,0,,,0,2,1141,1683,1683,301,200
cloudflare-ech.com,PK,Pakistan,originet (pvt.) ltd.,,,,,,true,,56,CURLE_RECV_ERROR,"CONNECT tunnel failed, response 525",0,2,0,0,65,0,525
cloudflare-ech.com,PK,Pakistan,multacom corporation,45669,multacom corporation,45669,"Mobilink GSM, Pakistan Mobile Communication Ltd.",true,true,,0,,,0,2,971,1467,1467,301,200
cloudflare-ech.com,PS,"Palestine, State of",wataniya palestine mobile telecommunication compan,,,,,,false,,56,CURLE_RECV_ERROR,"CONNECT tunnel failed, response 525",0,2,0,0,56,0,525
cloudflare-ech.com,PS,"Palestine, State of",wataniya palestine mobile telecommunication compan,,,,,,true,,56,CURLE_RECV_ERROR,"CONNECT tunnel failed, response 525",0,202,0,0,261,0,525
cloudflare-ech.com,NO,Norway,telia norge,25400,telia norge,12929,Telia Norge AS,false,true,,0,,,0,2,3006,3341,3341,301,200
cloudflare-ech.com,PK,Pakistan,jazz,45669,jazz,45669,"Mobilink GSM, Pakistan Mobile Communication Ltd.",true,true,,0,,,42,43,1151,1669,1670,301,200
cloudflare-ech.com,PK,Pakistan,paknet merged into ptcl,56167,paknet merged into ptcl,56167,PTML,true,true,,35,CURLE_SSL_CONNECT_ERROR,TLS connect error: error:00000000:lib(0)::reason(0),0,2,0,0,1025,0,200
cloudflare-ech.com,PK,Pakistan,multacom corporation,45669,multacom corporation,45669,"Mobilink GSM, Pakistan Mobile Communication Ltd.",true,false,,0,,,0,1,1079,1586,1586,301,200
cloudflare-ech.com,PK,Pakistan,telenor,24499,telenor,24499,Telenor Pakistan (Pvt) Ltd,true,false,,35,CURLE_SSL_CONNECT_ERROR,TLS connect error: error:00000000:lib(0)::reason(0),0,2,0,0,943,0,200
cloudflare-ech.com,PK,Pakistan,special communication organization,18053,special communication organization,18053,Special Communication Organization,true,false,,35,CURLE_SSL_CONNECT_ERROR,TLS connect error: error:00000000:lib(0)::reason(0),0,2,0,0,1346,0,200
cloudflare-ech.com,PK,Pakistan,telenor,24499,telenor,24499,Telenor Pakistan (Pvt) Ltd,true,true,,35,CURLE_SSL_CONNECT_ERROR,TLS connect error: error:00000000:lib(0)::reason(0),0,2,0,0,1029,0,200
cloudflare-ech.com,PK,Pakistan,telenor pakistan,24499,telenor pakistan,24499,Telenor Pakistan (Pvt) Ltd,true,true,,35,CURLE_SSL_CONNECT_ERROR,TLS connect error: error:00000000:lib(0)::reason(0),0,2,0,0,1340,0,200
cloudflare-ech.com,PK,Pakistan,special communication organization,18053,special communication organization,18053,Special Communication Organization,true,true,,35,CURLE_SSL_CONNECT_ERROR,TLS connect error: error:00000000:lib(0)::reason(0),0,2,0,0,1278,0,200
cloudflare-ech.com,PS,"Palestine, State of",jawwal,29310,jawwal,29310,JAWWAL,true,false,,0,,,0,2,942,1357,1358,301,200
cloudflare-ech.com,PA,Panama,tigo panama,14709,tigo panama,14709,Cable Onda,true,false,,0,,,0,203,1053,1413,1413,301,200
cloudflare-ech.com,PY,Paraguay,personal paraguay,,,,,,true,,56,CURLE_RECV_ERROR,"CONNECT tunnel failed, response 525",0,1,0,0,51,0,525
cloudflare-ech.com,PA,Panama,tigo panama,14709,tigo panama,14709,Cable Onda,true,true,,0,,,0,2,685,1050,1050,301,200
cloudflare-ech.com,PS,"Palestine, State of",jawwal,29310,jawwal,29310,JAWWAL,true,true,,0,,,0,2,726,1180,1180,301,200
cloudflare-ech.com,PY,Paraguay,personal paraguay,,,,,,false,,56,CURLE_RECV_ERROR,"CONNECT tunnel failed, response 525",0,2,0,0,51,0,525
cloudflare-ech.com,PY,Paraguay,tigo paraguay,,,,,,false,,56,CURLE_RECV_ERROR,"CONNECT tunnel failed, response 525",57,59,0,0,109,0,525
cloudflare-ech.com,PK,Pakistan,telenor pakistan,24499,telenor pakistan,24499,Telenor Pakistan (Pvt) Ltd,true,false,,35,CURLE_SSL_CONNECT_ERROR,TLS connect error: error:00000000:lib(0)::reason(0),0,2,0,0,2286,0,200
cloudflare-ech.com,PG,Papua New Guinea,digitec papua new guinea,139898,digitec papua new guinea,139898,Digitec Communications Limited,true,false,,0,,,0,2,1222,1907,1907,301,200
cloudflare-ech.com,PY,Paraguay,tigo paraguay,,,,,,true,,56,CURLE_RECV_ERROR,"CONNECT tunnel failed, response 525",0,2,0,0,56,0,525
cloudflare-ech.com,PA,Panama,cable & wireless panama,11556,cable & wireless panama,11556,Cable & Wireless Panama,true,true,,0,,,0,2,1746,4012,4012,301,200
cloudflare-ech.com,PY,Paraguay,claro paraguay,11664,claro paraguay,11664,Techtel LMDS Comunicaciones Interactivas S.A.,true,true,,0,,,0,2,739,1010,1010,301,200
cloudflare-ech.com,PA,Panama,cable & wireless panama,11556,cable & wireless panama,11556,Cable & Wireless Panama,true,false,,0,,,0,2,2614,3072,3073,301,200
cloudflare-ech.com,PG,Papua New Guinea,digitec papua new guinea,139898,digitec papua new guinea,139898,Digitec Communications Limited,true,true,,0,,,0,2,1090,1747,1748,301,200
cloudflare-ech.com,PY,Paraguay,compania paraguaya de comunicaciones s.a. copaco s,27866,compania paraguaya de comunicaciones s.a. copaco s,27866,CO.PA.CO.,true,true,,0,,,0,2,765,1152,1152,301,200
cloudflare-ech.com,PG,Papua New Guinea,digicel png,58460,digicel png,58460,Digicel (PNG) Ltd,true,false,,0,,,0,1,1590,2289,2289,301,200
cloudflare-ech.com,PE,Peru,movistar,6147,movistar,6147,Telefonica del Peru S.A.A.,true,false,,0,,,0,1,374,831,831,301,200
cloudflare-ech.com,PY,Paraguay,compania paraguaya de comunicaciones s.a. copaco s,27866,compania paraguaya de comunicaciones s.a. copaco s,27866,CO.PA.CO.,true,false,,0,,,0,2,772,1185,1186,301,200
cloudflare-ech.com,PE,Peru,claro fibra coaxial,,,,,,false,,56,CURLE_RECV_ERROR,"CONNECT tunnel failed, response 525",0,2,0,0,60,0,525
cloudflare-ech.com,PE,Peru,fibra movistar,,,,,,false,,56,CURLE_RECV_ERROR,"CONNECT tunnel failed, response 525",0,2,0,0,59,0,525
cloudflare-ech.com,PE,Peru,fibra movistar,,,,,,true,,56,CURLE_RECV_ERROR,"CONNECT tunnel failed, response 525",0,2,0,0,57,0,525
cloudflare-ech.com,PE,Peru,bitel,262210,bitel,262210,VIETTEL PERÚ S.A.C.,true,false,,0,,,0,2,481,695,696,301,200
cloudflare-ech.com,PE,Peru,claro movil,,,,,,true,,56,CURLE_RECV_ERROR,"CONNECT tunnel failed, response 525",0,2,0,0,57,0,525
cloudflare-ech.com,PG,Papua New Guinea,digicel png,58460,digicel png,58460,Digicel (PNG) Ltd,true,true,,0,,,0,2,1576,2285,2285,301,200
cloudflare-ech.com,PE,Peru,claro fibra coaxial,,,,,,true,,56,CURLE_RECV_ERROR,"CONNECT tunnel failed, response 525",0,2,0,0,51,0,525
cloudflare-ech.com,PE,Peru,claro movil,,,,,,false,,56,CURLE_RECV_ERROR,"CONNECT tunnel failed, response 525",0,1,0,0,57,0,525
cloudflare-ech.com,PE,Peru,bitel,262210,bitel,262210,VIETTEL PERÚ S.A.C.,true,true,,0,,,0,2,419,665,665,301,200
cloudflare-ech.com,PG,Papua New Guinea,vodafone png,139898,vodafone png,139898,Digitec Communications Limited,true,false,,0,,,0,2,1667,2549,2550,301,200
cloudflare-ech.com,PE,Peru,movistar,6147,movistar,6147,Telefonica del Peru S.A.A.,true,true,,0,,,0,2,347,504,504,301,200
cloudflare-ech.com,PG,Papua New Guinea,vodafone png,139898,vodafone png,139898,Digitec Communications Limited,true,true,,0,,,0,2,1454,2355,2355,301,200
cloudflare-ech.com,NO,Norway,telia norge,25400,telia norge,12929,Telia Norge AS,false,false,,0,,,0,2,523,816,817,301,200
cloudflare-ech.com,NG,Nigeria,smile nigeria,37637,smile nigeria,37637,Smile Communications Nigeria,true,true,,0,,,0,2,7006,10494,10494,301,200
cloudflare-ech.com,PE,Peru,movistar peru,6147,movistar peru,6147,Telefonica del Peru S.A.A.,true,false,,0,,,90,92,799,1523,1523,301,200
cloudflare-ech.com,PH,Philippines,globe business gfiber broadband plan,132199,globe business gfiber broadband plan,132199,Globe Telecom Inc.,true,false,,0,,,0,2,853,1323,1323,301,200
cloudflare-ech.com,NG,Nigeria,smile nigeria,37637,smile nigeria,37637,Smile Communications Nigeria,true,false,,0,,,0,2,7536,11892,11892,301,200
cloudflare-ech.com,PH,Philippines,r & s technology,,,,,,false,,56,CURLE_RECV_ERROR,"CONNECT tunnel failed, response 525",0,2,0,0,68,0,525
cloudflare-ech.com,PH,Philippines,r & s technology,,,,,,true,,56,CURLE_RECV_ERROR,"CONNECT tunnel failed, response 525",0,2,0,0,58,0,525
cloudflare-ech.com,PL,Poland,comasoft,,,,,,true,,56,CURLE_RECV_ERROR,"CONNECT tunnel failed, response 525",0,1,0,0,68,0,525
cloudflare-ech.com,PH,Philippines,globe business gfiber broadband plan,132199,globe business gfiber broadband plan,132199,Globe Telecom Inc.,true,true,,0,,,0,2,781,1152,1152,301,200
cloudflare-ech.com,PE,Peru,entel peru,21575,entel peru,21575,ENTEL PERU S.A.,true,false,,0,,,0,2,874,1530,1530,301,200
cloudflare-ech.com,PH,Philippines,dito telecommunity,139831,dito telecommunity,139831,DITO TELECOMMUNITY CORP.,true,false,,0,,,0,2,778,1175,1175,301,200
cloudflare-ech.com,PY,Paraguay,claro paraguay,11664,claro paraguay,11664,Techtel LMDS Comunicaciones Interactivas S.A.,true,false,,0,,,0,2,6618,6885,6885,301,200
cloudflare-ech.com,PE,Peru,entel peru,21575,entel peru,21575,ENTEL PERU S.A.,true,true,,0,,,0,2,866,1183,1183,301,200
cloudflare-ech.com,PL,Poland,comasoft,,,,,,false,,56,CURLE_RECV_ERROR,"CONNECT tunnel failed, response 525",0,2,0,0,69,0,525
cloudflare-ech.com,PH,Philippines,smart communications,10139,smart communications,10139,"Smart Broadband, Inc.",true,false,,0,,,1,2,1177,1776,1776,301,200
cloudflare-ech.com,PL,Poland,plus poland,8374,plus poland,8374,Polkomtel Sp. z o.o.,true,false,,0,,,0,2,450,653,653,301,200
cloudflare-ech.com,PE,Peru,claro peru,12252,claro peru,12252,America Movil Peru S.A.C.,true,false,,0,,,0,2,2003,2786,2786,301,200
cloudflare-ech.com,PE,Peru,claro peru,12252,claro peru,12252,America Movil Peru S.A.C.,true,true,,0,,,0,2,2004,2785,2786,301,200
cloudflare-ech.com,PL,Poland,orange polska,5617,orange polska,5617,Orange Polska Spolka Akcyjna,true,false,,0,,,0,2,405,556,557,301,200
cloudflare-ech.com,PL,Poland,play,201019,play,201019,P4 Sp. z o.o.,true,false,,0,,,0,2,398,562,562,301,200
cloudflare-ech.com,PL,Poland,orange polska,5617,orange polska,5617,Orange Polska Spolka Akcyjna,true,true,,0,,,0,2,343,506,506,301,200
cloudflare-ech.com,PL,Poland,plus poland,8374,plus poland,8374,Polkomtel Sp. z o.o.,true,true,,0,,,0,2,431,640,641,301,200
cloudflare-ech.com,PH,Philippines,dito telecommunity,139831,dito telecommunity,139831,DITO TELECOMMUNITY CORP.,true,true,,0,,,1,2,738,1103,1104,301,200
cloudflare-ech.com,PL,Poland,t-mobile polska,12912,t-mobile polska,12912,T-Mobile Polska S.A.,true,false,,0,,,0,2,538,778,778,301,200
cloudflare-ech.com,PL,Poland,play,201019,play,201019,P4 Sp. z o.o.,true,true,,0,,,0,2,409,577,577,301,200
cloudflare-ech.com,PL,Poland,t-mobile polska,12912,t-mobile polska,12912,T-Mobile Polska S.A.,true,true,,0,,,0,2,413,609,609,301,200
cloudflare-ech.com,PE,Peru,movistar peru,6147,movistar peru,6147,Telefonica del Peru S.A.A.,true,true,,0,,,0,2,1011,2813,2813,301,200
cloudflare-ech.com,PT,Portugal,lycamobile,,,,,,false,,56,CURLE_RECV_ERROR,"CONNECT tunnel failed, response 525",0,2,0,0,59,0,525
cloudflare-ech.com,PT,Portugal,lycamobile,,,,,,true,,56,CURLE_RECV_ERROR,"CONNECT tunnel failed, response 525",0,2,0,0,59,0,525
cloudflare-ech.com,PT,Portugal,vodafone portugal,12353,vodafone portugal,12353,Vodafone Portugal - Communicacoes Pessoais S.A.,true,false,,0,,,0,2,431,684,684,301,200
cloudflare-ech.com,PT,Portugal,nos comunicacoes,2860,nos comunicacoes,2860,"NOS COMUNICACOES, S.A.",true,false,,0,,,0,2,580,848,849,301,200
cloudflare-ech.com,PT,Portugal,nos comunicacoes,2860,nos comunicacoes,2860,"NOS COMUNICACOES, S.A.",true,true,,0,,,0,2,475,728,728,301,200
cloudflare-ech.com,PH,Philippines,smart communications,10139,smart communications,10139,"Smart Broadband, Inc.",true,true,,0,,,0,2,1105,1633,1633,301,200
cloudflare-ech.com,PL,Poland,orange mobile,5617,orange mobile,5617,Orange Polska Spolka Akcyjna,true,false,,0,,,0,1,398,566,566,301,200
cloudflare-ech.com,PT,Portugal,vodafone portugal,12353,vodafone portugal,12353,Vodafone Portugal - Communicacoes Pessoais S.A.,true,true,,0,,,0,2,422,672,672,301,200
cloudflare-ech.com,PL,Poland,orange mobile,5617,orange mobile,5617,Orange Polska Spolka Akcyjna,true,true,,0,,,74,75,446,604,604,301,200
cloudflare-ech.com,PT,Portugal,digi portugal,20879,digi portugal,20879,DIGI ROMANIA S.A.,true,false,,0,,,0,2,536,851,852,301,200
cloudflare-ech.com,PR,Puerto Rico,claro puerto rico,10396,claro puerto rico,10396,"DATACOM CARIBE, INC.",true,false,,0,,,0,2,514,828,829,301,200
cloudflare-ech.com,RE,Réunion,zeop,,,,,,true,,56,CURLE_RECV_ERROR,"CONNECT tunnel failed, response 525",0,2,0,0,58,0,525
cloudflare-ech.com,PT,Portugal,meo,42863,meo,42863,MEO - SERVICOS DE COMUNICACOES E MULTIMEDIA S.A.,true,true,,0,,,0,2,532,725,726,301,200
cloudflare-ech.com,PR,Puerto Rico,claro puerto rico,10396,claro puerto rico,10396,"DATACOM CARIBE, INC.",true,true,,0,,,0,202,653,1009,1009,301,200
cloudflare-ech.com,PR,Puerto Rico,t-mobile usa,21928,t-mobile usa,21928,"T-Mobile USA, Inc.",true,false,,0,,,0,2,391,639,639,301,200
cloudflare-ech.com,RE,Réunion,zeop,,,,,,false,,56,CURLE_RECV_ERROR,"CONNECT tunnel failed, response 525",0,2,0,0,66,0,525
cloudflare-ech.com,PT,Portugal,digi portugal,20879,digi portugal,20879,DIGI ROMANIA S.A.,true,true,,0,,,0,2,709,1249,1250,301,200
cloudflare-ech.com,PR,Puerto Rico,t-mobile usa,21928,t-mobile usa,21928,"T-Mobile USA, Inc.",true,true,,0,,,0,2,326,559,559,301,200
cloudflare-ech.com,RE,Réunion,telco oi,,,,,,false,,56,CURLE_RECV_ERROR,"CONNECT tunnel failed, response 525",0,2,0,0,57,0,525
cloudflare-ech.com,RE,Réunion,sfr,,,,,,false,,56,CURLE_RECV_ERROR,"CONNECT tunnel failed, response 525",0,2,0,0,54,0,525
cloudflare-ech.com,RE,Réunion,sfr,,,,,,true,,56,CURLE_RECV_ERROR,"CONNECT tunnel failed, response 525",0,2,0,0,54,0,525
cloudflare-ech.com,RE,Réunion,telco oi,,,,,,true,,56,CURLE_RECV_ERROR,"CONNECT tunnel failed, response 525",0,1,0,0,56,0,525
cloudflare-ech.com,QA,Qatar,vodafone qatar,48728,vodafone qatar,48728,Vodafone Qatar P.Q.S.C,true,true,,0,,,0,2,616,954,954,301,200
cloudflare-ech.com,PR,Puerto Rico,liberty pr,14638,liberty pr,14638,Liberty Communications of Puerto Rico LLC,true,false,,0,,,0,2,1265,1701,1701,301,200
cloudflare-ech.com,QA,Qatar,ooredoo qatar,8781,ooredoo qatar,8781,Ooredoo Q.S.C.,true,false,,0,,,0,1,770,1173,1173,301,200
cloudflare-ech.com,QA,Qatar,vodafone qatar,48728,vodafone qatar,48728,Vodafone Qatar P.Q.S.C,true,false,,0,,,0,2,660,992,992,301,200
cloudflare-ech.com,PR,Puerto Rico,liberty pr,14638,liberty pr,14638,Liberty Communications of Puerto Rico LLC,true,true,,0,,,0,2,988,1584,1584,301,200
cloudflare-ech.com,QA,Qatar,ooredoo qatar,8781,ooredoo qatar,8781,Ooredoo Q.S.C.,true,true,,0,,,0,2,732,1123,1123,301,200
cloudflare-ech.com,RO,Romania,telekom romania mobile communications,35725,telekom romania mobile communications,35725,TELEKOM ROMANIA MOBILE COMMUNICATIONS S.A.,true,false,,0,,,1,2,757,1080,1080,301,200
cloudflare-ech.com,RO,Romania,telekom romania mobile communications,35725,telekom romania mobile communications,35725,TELEKOM ROMANIA MOBILE COMMUNICATIONS S.A.,true,true,,0,,,0,2,604,909,909,301,200
cloudflare-ech.com,RO,Romania,vodafone romania,12302,vodafone romania,12302,Vodafone Romania S.A.,true,false,,0,,,0,2,555,755,756,301,200
cloudflare-ech.com,PH,Philippines,globe telecom,4775,globe telecom,4775,"Globe Telecom (GMCR,INC)",true,false,,0,,,0,2,5539,6582,6582,301,200
cloudflare-ech.com,RO,Romania,orange romania communications,9050,orange romania communications,9050,Orange Romania S.A.,true,false,,0,,,0,2,367,515,515,301,200
cloudflare-ech.com,RO,Romania,vodafone romania,12302,vodafone romania,12302,Vodafone Romania S.A.,true,true,,0,,,0,2,522,759,759,301,200
cloudflare-ech.com,RO,Romania,orange romania,8953,orange romania,8953,Orange Romania S.A.,true,false,,0,,,0,2,481,725,725,301,200
cloudflare-ech.com,PH,Philippines,globe telecom,4775,globe telecom,4775,"Globe Telecom (GMCR,INC)",true,true,,0,,,0,2,4232,4920,4920,301,200
cloudflare-ech.com,RO,Romania,orange romania communications,9050,orange romania communications,9050,Orange Romania S.A.,true,true,,0,,,0,2,322,550,550,301,200
cloudflare-ech.com,RO,Romania,orange romania,8953,orange romania,8953,Orange Romania S.A.,true,true,,0,,,0,2,424,659,659,301,200
cloudflare-ech.com,RU,Russian Federation,invest mobile,50265,invest mobile,50265,Invest Mobile LLC,true,false,,0,,,73,75,402,557,558,301,200
cloudflare-ech.com,RU,Russian Federation,mts,15640,mts,15640,MTS PJSC,true,false,,0,,,0,2,456,660,660,301,200
cloudflare-ech.com,RO,Romania,digi romania,8708,digi romania,8708,DIGI ROMANIA S.A.,true,true,,0,,,0,2,1555,2698,2698,301,200
cloudflare-ech.com,RE,Réunion,orange,199140,orange,199140,Orange S.A.,true,false,,0,,,0,2,1453,2192,2192,301,200
cloudflare-ech.com,RU,Russian Federation,sberbank-telecom,,,,,,false,,56,CURLE_RECV_ERROR,"CONNECT tunnel failed, response 525",0,2,0,0,77,0,525
cloudflare-ech.com,RU,Russian Federation,sberbank-telecom,,,,,,true,,56,CURLE_RECV_ERROR,"CONNECT tunnel failed, response 525",1,3,0,0,80,0,525
cloudflare-ech.com,PT,Portugal,meo,42863,meo,42863,MEO - SERVICOS DE COMUNICACOES E MULTIMEDIA S.A.,true,false,,0,,,0,2,2029,2247,2247,301,200
cloudflare-ech.com,RU,Russian Federation,t-mob,,,,,,false,,56,CURLE_RECV_ERROR,"CONNECT tunnel failed, response 525",0,2,0,0,83,0,525
cloudflare-ech.com,RU,Russian Federation,mts,15640,mts,15640,MTS PJSC,true,true,,0,,,0,2,443,647,647,301,200
cloudflare-ech.com,RU,Russian Federation,ozyorsk telecom cjsc.,,,,,,false,,56,CURLE_RECV_ERROR,"CONNECT tunnel failed, response 525",0,2,0,0,78,0,525
cloudflare-ech.com,PK,Pakistan,ptcl,,,56167,PTML,,true,,56,CURLE_RECV_ERROR,"CONNECT tunnel failed, response 500",0,2,0,0,16245,0,500
cloudflare-ech.com,RU,Russian Federation,ozyorsk telecom cjsc.,,,,,,true,,56,CURLE_RECV_ERROR,"CONNECT tunnel failed, response 525",0,2,0,0,77,0,525
cloudflare-ech.com,RE,Réunion,orange,199140,orange,199140,Orange S.A.,true,true,,0,,,0,1,1165,1812,1813,301,200
cloudflare-ech.com,RU,Russian Federation,pjsc megafon,25159,pjsc megafon,25159,PJSC MegaFon,true,false,,0,,,1,2,466,660,660,301,200
cloudflare-ech.com,RU,Russian Federation,rostelecom,12389,rostelecom,12389,PJSC Rostelecom,true,false,,0,,,0,2,644,902,903,301,200
cloudflare-ech.com,RU,Russian Federation,novokuznetsk telecom,,,,,,false,,56,CURLE_RECV_ERROR,"CONNECT tunnel failed, response 525",0,1,0,0,94,0,525
cloudflare-ech.com,RU,Russian Federation,novokuznetsk telecom,,,,,,true,,56,CURLE_RECV_ERROR,"CONNECT tunnel failed, response 525",0,2,0,0,74,0,525
cloudflare-ech.com,RU,Russian Federation,omskie kabelnye seti,,,,,,false,,56,CURLE_RECV_ERROR,"CONNECT tunnel failed, response 525",0,2,0,0,103,0,525
cloudflare-ech.com,RU,Russian Federation,omskie kabelnye seti,,,,,,true,,56,CURLE_RECV_ERROR,"CONNECT tunnel failed, response 525",0,2,0,0,76,0,525
cloudflare-ech.com,RU,Russian Federation,trunkmobile,,,,,,false,,56,CURLE_RECV_ERROR,"CONNECT tunnel failed, response 525",0,1,0,0,78,0,525
cloudflare-ech.com,RU,Russian Federation,trunkmobile,,,,,,true,,56,CURLE_RECV_ERROR,"CONNECT tunnel failed, response 525",0,2,0,0,69,0,525
cloudflare-ech.com,RU,Russian Federation,ooo vtc-mobile,,,,,,false,,56,CURLE_RECV_ERROR,"CONNECT tunnel failed, response 525",0,2,0,0,74,0,525
cloudflare-ech.com,RO,Romania,digi romania,8708,digi romania,8708,DIGI ROMANIA S.A.,true,false,,0,,,0,2,2205,3320,3320,301,200
cloudflare-ech.com,RU,Russian Federation,ooo vtc-mobile,,,,,,true,,56,CURLE_RECV_ERROR,"CONNECT tunnel failed, response 525",0,2,0,0,81,0,525
cloudflare-ech.com,RU,Russian Federation,tattelecom,,,,,,true,,56,CURLE_RECV_ERROR,"CONNECT tunnel failed, response 525",0,2,0,0,73,0,525
cloudflare-ech.com,RU,Russian Federation,mcs,47204,mcs,47204,MCS LLC,true,false,,0,,,0,2,600,859,859,301,200
cloudflare-ech.com,RU,Russian Federation,mts ojsc,48612,mts ojsc,48612,MTS PJSC,true,false,,0,,,0,2,553,904,904,301,200
cloudflare-ech.com,RU,Russian Federation,ekaterinburg-2000,31499,ekaterinburg-2000,31499,Ekaterinburg-2000 LLC,true,false,,0,,,0,2,767,1053,1053,301,200
cloudflare-ech.com,RU,Russian Federation,tbank,,,,,,false,,56,CURLE_RECV_ERROR,"CONNECT tunnel failed, response 525",0,2,0,0,75,0,525
cloudflare-ech.com,RU,Russian Federation,tattelecom,,,,,,false,,56,CURLE_RECV_ERROR,"CONNECT tunnel failed, response 525",0,2,0,0,76,0,525
cloudflare-ech.com,RU,Russian Federation,tbank,,,,,,true,,56,CURLE_RECV_ERROR,"CONNECT tunnel failed, response 525",0,2,0,0,67,0,525
cloudflare-ech.com,RU,Russian Federation,s.u.e. dpr republic operator of networks,204108,s.u.e. dpr republic operator of networks,204108,S.U.E. DPR Republic Operator of Networks,true,false,,0,,,0,2,550,796,796,301,200
cloudflare-ech.com,RU,Russian Federation,megafon,25159,megafon,25159,PJSC MegaFon,true,false,,0,,,0,1,767,1108,1109,301,200
cloudflare-ech.com,RU,Russian Federation,t-mob,,,,,,true,,56,CURLE_RECV_ERROR,"CONNECT tunnel failed, response 525",0,2,0,0,72,0,525
cloudflare-ech.com,RU,Russian Federation,citytelecom,,,,,,false,,56,CURLE_RECV_ERROR,"CONNECT tunnel failed, response 525",4,5,0,0,79,0,525
cloudflare-ech.com,RU,Russian Federation,citytelecom,,,,,,true,,56,CURLE_RECV_ERROR,"CONNECT tunnel failed, response 525",1,2,0,0,78,0,525
cloudflare-ech.com,RU,Russian Federation,jv a-mobile,50257,jv a-mobile,50257,JV A-Mobile Ltd.,true,false,,0,,,46,47,744,1459,1459,301,200
cloudflare-ech.com,RU,Russian Federation,isp balzer-telecom,,,,,,false,,56,CURLE_RECV_ERROR,"CONNECT tunnel failed, response 525",0,2,0,0,71,0,525
cloudflare-ech.com,RU,Russian Federation,isp balzer-telecom,,,,,,true,,56,CURLE_RECV_ERROR,"CONNECT tunnel failed, response 525",0,2,0,0,78,0,525
cloudflare-ech.com,RU,Russian Federation,mobile trend,,,,,,false,,56,CURLE_RECV_ERROR,"CONNECT tunnel failed, response 525",0,2,0,0,78,0,525
cloudflare-ech.com,RU,Russian Federation,jsc vainah telecom,49724,jsc vainah telecom,49724,CJSC Vainah Telecom,true,false,,0,,,0,2,672,1074,1075,301,200
cloudflare-ech.com,RU,Russian Federation,mobile trend,,,,,,true,,56,CURLE_RECV_ERROR,"CONNECT tunnel failed, response 525",0,2,0,0,79,0,525
cloudflare-ech.com,RU,Russian Federation,zao aquafon-gsm,,,,,,false,,56,CURLE_RECV_ERROR,"CONNECT tunnel failed, response 525",0,2,0,0,74,0,525
cloudflare-ech.com,RU,Russian Federation,llc alfa-mobile,,,,,,false,,56,CURLE_RECV_ERROR,"CONNECT tunnel failed, response 525",0,1,0,0,78,0,525
cloudflare-ech.com,RU,Russian Federation,jv a-mobile,50257,jv a-mobile,50257,JV A-Mobile Ltd.,true,true,,0,,,1,2,649,1020,1021,301,200
cloudflare-ech.com,RU,Russian Federation,zao aquafon-gsm,,,,,,true,,56,CURLE_RECV_ERROR,"CONNECT tunnel failed, response 525",0,1,0,0,73,0,525
cloudflare-ech.com,RU,Russian Federation,llc alfa-mobile,,,,,,true,,56,CURLE_RECV_ERROR,"CONNECT tunnel failed, response 525",0,2,0,0,75,0,525
cloudflare-ech.com,RU,Russian Federation,tele2 russia,48190,tele2 russia,48190,T2 Mobile LLC,true,false,,0,,,0,2,1405,1724,1725,301,200
cloudflare-ech.com,RO,Romania,digi romania business,8708,digi romania business,8708,DIGI ROMANIA S.A.,true,false,,0,,,0,2,6517,7525,7526,301,200
cloudflare-ech.com,RW,Rwanda,airtel rwanda,327707,airtel rwanda,327707,Airtel Rwanda Ltd,true,true,,0,,,42,43,1165,1548,1548,301,200
cloudflare-ech.com,RW,Rwanda,airtel rwanda,327707,airtel rwanda,327707,Airtel Rwanda Ltd,true,false,,0,,,0,2,761,1134,1135,301,200
cloudflare-ech.com,KN,Saint Kitts and Nevis,flow,14813,flow,14813,Columbus Telecommunications (Barbados) Limited,true,false,,0,,,0,2,548,806,807,301,200
cloudflare-ech.com,RW,Rwanda,mtn rwanda,36890,mtn rwanda,36890,MTN Rwandacell,true,false,,0,,,0,202,1377,1758,1759,301,200
cloudflare-ech.com,RW,Rwanda,mtn rwanda,36890,mtn rwanda,36890,MTN Rwandacell,true,true,,0,,,0,2,872,1272,1272,301,200
cloudflare-ech.com,KN,Saint Kitts and Nevis,flow,14813,flow,14813,Columbus Telecommunications (Barbados) Limited,true,true,,0,,,76,78,656,950,951,301,200
cloudflare-ech.com,RU,Russian Federation,invest mobile,50265,invest mobile,50265,Invest Mobile LLC,true,true,,35,CURLE_SSL_CONNECT_ERROR,TLS connect error: error:00000000:lib(0)::reason(0),0,2,0,0,19296,0,200
cloudflare-ech.com,RU,Russian Federation,pjsc megafon,25159,pjsc megafon,25159,PJSC MegaFon,true,true,,35,CURLE_SSL_CONNECT_ERROR,TLS connect error: error:00000000:lib(0)::reason(0),0,2,0,0,19399,0,200
cloudflare-ech.com,LC,Saint Lucia,flow,14813,flow,14813,Columbus Telecommunications (Barbados) Limited,true,true,,0,,,0,2,1055,1534,1534,301,200
cloudflare-ech.com,RU,Russian Federation,rostelecom,12389,rostelecom,12389,PJSC Rostelecom,true,true,,35,CURLE_SSL_CONNECT_ERROR,TLS connect error: error:00000000:lib(0)::reason(0),0,2,0,0,19510,0,200
cloudflare-ech.com,WS,Samoa,digicel samoa,,,,,,false,,56,CURLE_RECV_ERROR,"CONNECT tunnel failed, response 525",0,2,0,0,51,0,525
cloudflare-ech.com,LC,Saint Lucia,flow,14813,flow,14813,Columbus Telecommunications (Barbados) Limited,true,false,,0,,,0,2,1063,1507,1507,301,200
cloudflare-ech.com,WS,Samoa,digicel samoa,,,,,,true,,56,CURLE_RECV_ERROR,"CONNECT tunnel failed, response 525",0,2,0,0,58,0,525
cloudflare-ech.com,RU,Russian Federation,mcs,47204,mcs,47204,MCS LLC,true,true,,35,CURLE_SSL_CONNECT_ERROR,TLS connect error: error:00000000:lib(0)::reason(0),0,2,0,0,19497,0,200
cloudflare-ech.com,LC,Saint Lucia,digicel saint lucia,33582,,33582,Digicel St.Lucia Ltd,true,false,,0,,,0,203,1397,1868,1868,301,200
cloudflare-ech.com,RU,Russian Federation,ekaterinburg-2000,31499,ekaterinburg-2000,31499,Ekaterinburg-2000 LLC,true,true,,35,CURLE_SSL_CONNECT_ERROR,TLS connect error: error:00000000:lib(0)::reason(0),0,2,0,0,19546,0,200
cloudflare-ech.com,MF,Saint Martin (French part),dauphin telecom,33392,dauphin telecom,33392,Dauphin Telecom,true,false,,0,,,0,2,590,936,936,301,200
cloudflare-ech.com,MF,Saint Martin (French part),dauphin telecom,33392,dauphin telecom,33392,Dauphin Telecom,true,true,,0,,,0,202,801,1144,1145,301,200
cloudflare-ech.com,RU,Russian Federation,s.u.e. dpr republic operator of networks,204108,s.u.e. dpr republic operator of networks,204108,S.U.E. DPR Republic Operator of Networks,true,true,,35,CURLE_SSL_CONNECT_ERROR,TLS connect error: error:00000000:lib(0)::reason(0),0,2,0,0,19502,0,200
cloudflare-ech.com,RU,Russian Federation,megafon,25159,megafon,25159,PJSC MegaFon,true,true,,35,CURLE_SSL_CONNECT_ERROR,TLS connect error: error:00000000:lib(0)::reason(0),0,2,0,0,19536,0,200
cloudflare-ech.com,LC,Saint Lucia,digicel saint lucia,33582,digicel saint lucia,33582,Digicel St.Lucia Ltd,true,true,,0,,,43,44,1516,2587,2588,301,200
cloudflare-ech.com,SA,Saudi Arabia,stc saudi,39891,stc saudi,39891,Saudi Telecom Company JSC,true,false,,0,,,0,1,779,1292,1293,301,200
cloudflare-ech.com,SA,Saudi Arabia,mobily,35819,mobily,35819,"Etihad Etisalat, a joint stock company",true,false,,0,,,0,2,796,1277,1277,301,200
cloudflare-ech.com,SA,Saudi Arabia,zain saudi arabia,43766,zain saudi arabia,43766,Mobile Telecommunication Company Saudi Arabia Joint-Stock company,true,false,,0,,,0,2,955,1438,1439,301,200
cloudflare-ech.com,SA,Saudi Arabia,stc saudi,39891,stc saudi,39891,Saudi Telecom Company JSC,true,true,,0,,,0,2,797,1278,1279,301,200
cloudflare-ech.com,ST,Sao Tome and Principe,cst-net,328191,cst-net,328191,Companhia Santomense de Telecomunicacoes,true,true,,0,,,0,2,1292,2108,2109,301,200
cloudflare-ech.com,SA,Saudi Arabia,zain saudi arabia,43766,zain saudi arabia,43766,Mobile Telecommunication Company Saudi Arabia Joint-Stock company,true,true,,0,,,0,2,845,1359,1359,301,200
cloudflare-ech.com,ST,Sao Tome and Principe,cst-net,328191,cst-net,328191,Companhia Santomense de Telecomunicacoes,true,false,,0,,,0,2,1293,2111,2112,301,200
cloudflare-ech.com,SA,Saudi Arabia,mobily,35819,mobily,35819,"Etihad Etisalat, a joint stock company",true,true,,0,,,0,2,747,1163,1163,301,200
cloudflare-ech.com,RU,Russian Federation,tele2 russia,48190,tele2 russia,48190,T2 Mobile LLC,true,true,,35,CURLE_SSL_CONNECT_ERROR,TLS connect error: error:00000000:lib(0)::reason(0),0,2,0,0,22965,0,200
cloudflare-ech.com,SA,Saudi Arabia,etihad salam telecom cjsc,35753,etihad salam telecom cjsc,35753,Integrated Telecom Co. Ltd,true,false,,0,,,0,2,793,1089,1090,301,200
cloudflare-ech.com,SN,Senegal,tigo senegal,37649,tigo senegal,37649,SAGA AFRICA HOLDINGS LIMITED,true,false,,0,,,0,2,940,1365,1365,301,200
cloudflare-ech.com,RS,Serbia,telenor d.o.o.,15958,telenor d.o.o.,15958,CETIN Ltd. Belgrade,true,true,,0,,,57,59,544,782,782,301,200
cloudflare-ech.com,SN,Senegal,sonatel,8346,sonatel,8346,SONATEL-AS Autonomous System,true,false,,0,,,0,2,728,1002,1002,301,200
cloudflare-ech.com,RO,Romania,digi romania business,8708,digi romania business,8708,DIGI ROMANIA S.A.,true,true,,0,,,0,2,6462,22524,22524,301,200
cloudflare-ech.com,SN,Senegal,sonatel,8346,sonatel,8346,SONATEL-AS Autonomous System,true,true,,0,,,0,2,586,869,869,301,200
cloudflare-ech.com,SN,Senegal,tigo senegal,37649,tigo senegal,37649,SAGA AFRICA HOLDINGS LIMITED,true,true,,0,,,0,2,726,1224,1224,301,200
cloudflare-ech.com,SN,Senegal,sudatel-senegal,37196,sudatel-senegal,37196,Sudatel Senegal,true,false,,0,,,0,2,2345,2646,2646,301,200
cloudflare-ech.com,SC,Seychelles,cable & wireless (seychelles),,,,,,true,,56,CURLE_RECV_ERROR,"CONNECT tunnel failed, response 525",0,2,0,0,55,0,525
cloudflare-ech.com,SC,Seychelles,cable & wireless (seychelles),,,,,,false,,56,CURLE_RECV_ERROR,"CONNECT tunnel failed, response 525",0,2,0,0,54,0,525
cloudflare-ech.com,SC,Seychelles,airtelseychelles,,,,,,false,,56,CURLE_RECV_ERROR,"CONNECT tunnel failed, response 525",0,2,0,0,51,0,525
cloudflare-ech.com,SC,Seychelles,airtelseychelles,,,,,,true,,56,CURLE_RECV_ERROR,"CONNECT tunnel failed, response 525",0,2,0,0,54,0,525
cloudflare-ech.com,RS,Serbia,telenor d.o.o.,15958,telenor d.o.o.,15958,CETIN Ltd. Belgrade,true,false,,0,,,0,2,442,683,684,301,200
cloudflare-ech.com,SN,Senegal,sudatel-senegal,37196,sudatel-senegal,37196,Sudatel Senegal,true,true,,0,,,0,2,1219,2162,2162,301,200
cloudflare-ech.com,RS,Serbia,mts serbia,8400,mts serbia,8400,TELEKOM SRBIJA a.d.,true,true,,0,,,0,2,505,807,807,301,200
cloudflare-ech.com,SA,Saudi Arabia,etihad salam telecom cjsc,35753,etihad salam telecom cjsc,35753,Integrated Telecom Co. Ltd,true,true,,0,,,0,2,630,3813,3813,301,200
cloudflare-ech.com,RS,Serbia,a1 srbija,44143,a1 srbija,44143,A1 Srbija d.o.o,true,false,,0,,,0,2,840,1173,1173,301,200
cloudflare-ech.com,RS,Serbia,mts serbia,8400,mts serbia,8400,TELEKOM SRBIJA a.d.,true,false,,0,,,50,52,509,809,809,301,200
cloudflare-ech.com,RS,Serbia,a1 srbija,44143,a1 srbija,44143,A1 Srbija d.o.o,true,true,,0,,,0,2,633,954,954,301,200
cloudflare-ech.com,SG,Singapore,starhub mobile,,,,,,false,,56,CURLE_RECV_ERROR,"CONNECT tunnel failed, response 525",0,2,0,0,56,0,525
cloudflare-ech.com,SG,Singapore,starhub mobile,,,,,,true,,56,CURLE_RECV_ERROR,"CONNECT tunnel failed, response 525",0,2,0,0,53,0,525
cloudflare-ech.com,RU,Russian Federation,beeline,16345,beeline,,,,false,,0,,,0,2,636,1275,1275,301,200
cloudflare-ech.com,SG,Singapore,singtel mobile,,,,,,true,,56,CURLE_RECV_ERROR,"CONNECT tunnel failed, response 525",0,2,0,0,54,0,525
cloudflare-ech.com,SG,Singapore,singtel mobile,,,,,,false,,56,CURLE_RECV_ERROR,"CONNECT tunnel failed, response 525",0,2,0,0,54,0,525
cloudflare-ech.com,SG,Singapore,simba telecom,,,,,,true,,56,CURLE_RECV_ERROR,"CONNECT tunnel failed, response 525",0,2,0,0,55,0,525
cloudflare-ech.com,SG,Singapore,simba telecom,,,,,,false,,56,CURLE_RECV_ERROR,"CONNECT tunnel failed, response 525",0,2,0,0,51,0,525
cloudflare-ech.com,SA,Saudi Arabia,rcell,214707,rcell,214707,RCell LLC,true,false,,0,,,0,2,885,1430,1431,301,200
cloudflare-ech.com,RU,Russian Federation,mts ojsc,48612,mts ojsc,48612,MTS PJSC,true,true,,28,CURLE_OPERATION_TIMEDOUT,Connection timed out after 30000 milliseconds,0,0,0,0,30000,0,200
cloudflare-ech.com,SK,Slovakia,o2 slovakia,,,,,,true,,56,CURLE_RECV_ERROR,"CONNECT tunnel failed, response 525",0,2,0,0,49,0,525
cloudflare-ech.com,SA,Saudi Arabia,rcell,214707,rcell,214707,RCell LLC,true,true,,0,,,0,2,856,1819,1820,301,200
cloudflare-ech.com,SG,Singapore,m1,4773,m1,4773,M1 LIMITED,true,true,,0,,,62,63,891,1276,1277,301,200
cloudflare-ech.com,SK,Slovakia,o2 slovakia,,,,,,false,,56,CURLE_RECV_ERROR,"CONNECT tunnel failed, response 525",0,2,0,0,56,0,525
cloudflare-ech.com,SG,Singapore,m1,4773,m1,4773,M1 LIMITED,true,false,,0,,,0,2,804,1165,1165,301,200
cloudflare-ech.com,SK,Slovakia,slovak telekom,6855,slovak telekom,6855,"Slovak Telekom, a.s.",true,false,,0,,,0,2,468,737,737,301,200
cloudflare-ech.com,SK,Slovakia,"swan, a.s.",5578,"swan, a.s.",5578,"SWAN, a.s.",true,true,,0,,,0,2,411,614,614,301,200
cloudflare-ech.com,SK,Slovakia,orange slovensko,,,,,,false,,56,CURLE_RECV_ERROR,"CONNECT tunnel failed, response 525",0,2,0,0,56,0,525
cloudflare-ech.com,SK,Slovakia,orange slovensko,,,,,,true,,56,CURLE_RECV_ERROR,"CONNECT tunnel failed, response 525",0,2,0,0,57,0,525
cloudflare-ech.com,SK,Slovakia,slovak telekom,6855,slovak telekom,6855,"Slovak Telekom, a.s.",true,true,,0,,,0,2,498,785,785,301,200
cloudflare-ech.com,RS,Serbia,cetin belgrade,15958,cetin belgrade,15958,CETIN Ltd. Belgrade,true,false,,0,,,0,2,386,577,578,301,200
cloudflare-ech.com,SK,Slovakia,"swan, a.s.",5578,"swan, a.s.",5578,"SWAN, a.s.",true,false,,0,,,0,2,450,668,669,301,200
cloudflare-ech.com,SI,Slovenia,t-2,,,,,,true,,56,CURLE_RECV_ERROR,"CONNECT tunnel failed, response 525",0,2,0,0,57,0,525
cloudflare-ech.com,RS,Serbia,cetin belgrade,15958,cetin belgrade,15958,CETIN Ltd. Belgrade,true,true,,0,,,0,2,317,512,512,301,200
cloudflare-ech.com,SI,Slovenia,t-2,,,,,,false,,56,CURLE_RECV_ERROR,"CONNECT tunnel failed, response 525",0,2,0,0,57,0,525
cloudflare-ech.com,SL,Sierra Leone,qcell,328297,qcell,328297,QCell (SL) Limited,true,true,,0,,,0,2,1515,2401,2402,301,200
cloudflare-ech.com,SB,Solomon Islands,solomon telekom,,,,,,false,,56,CURLE_RECV_ERROR,"CONNECT tunnel failed, response 525",0,2,0,0,53,0,525
cloudflare-ech.com,SB,Solomon Islands,solomon telekom,,,,,,true,,56,CURLE_RECV_ERROR,"CONNECT tunnel failed, response 525",0,2,0,0,149,0,525
cloudflare-ech.com,SO,Somalia,hormuud,,,,,,true,,56,CURLE_RECV_ERROR,"CONNECT tunnel failed, response 525",0,2,0,0,52,0,525
cloudflare-ech.com,SO,Somalia,telesom,,,,,,false,,56,CURLE_RECV_ERROR,"CONNECT tunnel failed, response 525",0,2,0,0,49,0,525
cloudflare-ech.com,RU,Russian Federation,jsc vainah telecom,49724,jsc vainah telecom,49724,CJSC Vainah Telecom,true,true,,28,CURLE_OPERATION_TIMEDOUT,Connection timed out after 30002 milliseconds,0,0,0,0,30002,0,200
cloudflare-ech.com,SO,Somalia,telesom,,,,,,true,,56,CURLE_RECV_ERROR,"CONNECT tunnel failed, response 525",0,2,0,0,55,0,525
cloudflare-ech.com,SO,Somalia,somtel,,,,,,false,,56,CURLE_RECV_ERROR,"CONNECT tunnel failed, response 525",0,2,0,0,51,0,525
cloudflare-ech.com,SO,Somalia,somtel,,,,,,true,,56,CURLE_RECV_ERROR,"CONNECT tunnel failed, response 525",0,2,0,0,53,0,525
cloudflare-ech.com,SI,Slovenia,telekom slovenije,5603,telekom slovenije,5603,"Telekom Slovenije, d.d.",true,true,,0,,,0,2,543,873,874,301,200
cloudflare-ech.com,SO,Somalia,hormuud,,,,,,false,,56,CURLE_RECV_ERROR,"CONNECT tunnel failed, response 525",0,2,0,0,51,0,525
cloudflare-ech.com,SO,Somalia,golis-telecom,,,,,,false,,56,CURLE_RECV_ERROR,"CONNECT tunnel failed, response 525",0,2,0,0,54,0,525
cloudflare-ech.com,SO,Somalia,somtel-somalia,,,,,,true,,56,CURLE_RECV_ERROR,"CONNECT tunnel failed, response 525",0,2,0,0,52,0,525
cloudflare-ech.com,SO,Somalia,golis-telecom,,,,,,true,,56,CURLE_RECV_ERROR,"CONNECT tunnel failed, response 525",0,2,0,0,55,0,525
cloudflare-ech.com,SI,Slovenia,telekom slovenije,5603,telekom slovenije,5603,"Telekom Slovenije, d.d.",true,false,,0,,,0,2,474,753,753,301,200
cloudflare-ech.com,SL,Sierra Leone,qcell,328297,qcell,328297,QCell (SL) Limited,true,false,,0,,,0,2,2161,3667,3667,301,200
cloudflare-ech.com,SO,Somalia,somtel-somalia,,,,,,false,,56,CURLE_RECV_ERROR,"CONNECT tunnel failed, response 525",1,2,0,0,52,0,525
cloudflare-ech.com,SI,Slovenia,telemach,3212,telemach,3212,Telemach Slovenija d.o.o.,true,false,,0,,,0,2,862,1110,1110,301,200
cloudflare-ech.com,SI,Slovenia,a1 slovenija,21283,a1 slovenija,21283,"A1 Slovenija telekomunikacijske storitve,d.d.",true,false,,0,,,0,2,512,774,774,301,200
cloudflare-ech.com,ZA,South Africa,mtn business solutions,,,,,,true,,56,CURLE_RECV_ERROR,"CONNECT tunnel failed, response 525",87,88,0,0,153,0,525
cloudflare-ech.com,ZA,South Africa,mtn business solutions,,,,,,false,,56,CURLE_RECV_ERROR,"CONNECT tunnel failed, response 525",94,96,0,0,165,0,525
cloudflare-ech.com,ZA,South Africa,afrihost-sp,,,,,,false,,56,CURLE_RECV_ERROR,"CONNECT tunnel failed, response 525",0,2,0,0,66,0,525
cloudflare-ech.com,ZA,South Africa,afrihost-sp,,,,,,true,,56,CURLE_RECV_ERROR,"CONNECT tunnel failed, response 525",0,2,0,0,71,0,525
cloudflare-ech.com,SL,Sierra Leone,zain,37164,zain,37164,Orange (SL) Limited,true,false,,0,,,0,2,2665,4368,4369,301,200
cloudflare-ech.com,SI,Slovenia,telemach,3212,telemach,3212,Telemach Slovenija d.o.o.,true,true,,0,,,0,2,625,898,899,301,200
cloudflare-ech.com,SL,Sierra Leone,africell sierra leone,36988,africell sierra leone,36988,Africell Sierra Leone Limited,true,false,,0,,,0,2,4050,4767,4768,301,200
cloudflare-ech.com,SI,Slovenia,a1 slovenija,21283,a1 slovenija,21283,"A1 Slovenija telekomunikacijske storitve,d.d.",true,true,,0,,,0,2,528,785,785,301,200
cloudflare-ech.com,SL,Sierra Leone,zain,37164,zain,37164,Orange (SL) Limited,true,true,,0,,,0,2,3210,4039,4039,301,200
cloudflare-ech.com,SL,Sierra Leone,africell sierra leone,36988,africell sierra leone,36988,Africell Sierra Leone Limited,true,true,,0,,,0,2,3887,4643,4644,301,200
cloudflare-ech.com,ZA,South Africa,rain,,,,,,false,,56,CURLE_RECV_ERROR,"CONNECT tunnel failed, response 525",0,2,0,0,71,0,525
cloudflare-ech.com,ZA,South Africa,rain,,,,,,true,,56,CURLE_RECV_ERROR,"CONNECT tunnel failed, response 525",0,2,0,0,73,0,525
cloudflare-ech.com,SS,South Sudan,telecom-4g,,,,,,false,,56,CURLE_RECV_ERROR,"CONNECT tunnel failed, response 525",0,2,0,0,52,0,525
cloudflare-ech.com,SS,South Sudan,telecom-4g,,,,,,true,,56,CURLE_RECV_ERROR,"CONNECT tunnel failed, response 525",0,2,0,0,55,0,525
cloudflare-ech.com,SS,South Sudan,mtn south sudan,,,,,,false,,56,CURLE_RECV_ERROR,"CONNECT tunnel failed, response 525",0,2,0,0,53,0,525
cloudflare-ech.com,SX,Sint Maarten (Dutch part),smitcoms n.v.,27781,smitcoms n.v.,27781,SMITCOMS N.V.,true,false,,0,,,0,2,5461,5710,5710,301,200
cloudflare-ech.com,SS,South Sudan,mtn south sudan,,,,,,true,,56,CURLE_RECV_ERROR,"CONNECT tunnel failed, response 525",0,2,0,0,55,0,525
cloudflare-ech.com,SX,Sint Maarten (Dutch part),smitcoms n.v.,27781,smitcoms n.v.,27781,SMITCOMS N.V.,true,true,,0,,,0,2,4884,5166,5166,301,200
cloudflare-ech.com,ES,Spain,jazztel,,,,,,true,,56,CURLE_RECV_ERROR,"CONNECT tunnel failed, response 525",0,1,0,0,56,0,525
cloudflare-ech.com,ZA,South Africa,vodacom,29975,vodacom,29975,Vodacom,true,true,,0,,,0,2,758,1115,1115,301,200
cloudflare-ech.com,ZA,South Africa,telkom limited,37457,telkom limited,37457,Telkom SA Ltd.,true,true,,0,,,0,2,851,1282,1283,301,200
cloudflare-ech.com,ZA,South Africa,vodacom,29975,vodacom,29975,Vodacom,true,false,,0,,,0,2,762,1127,1127,301,200
cloudflare-ech.com,ES,Spain,digi spain telecom,57269,digi spain telecom,57269,DIGI SPAIN TELECOM S.L.U.,true,false,,0,,,1,2,521,809,809,301,200
cloudflare-ech.com,ES,Spain,orange espana,12479,orange espana,12479,Orange Espagne SA,true,false,,0,,,0,2,640,998,999,301,200
cloudflare-ech.com,ES,Spain,zinnia telecomunicaciones sl.,,,,,,false,,56,CURLE_RECV_ERROR,"CONNECT tunnel failed, response 525",0,2,0,0,60,0,525
cloudflare-ech.com,ZA,South Africa,cell c,37168,cell c,37168,Cell C (Pty) Ltd,true,true,,0,,,0,2,853,1270,1270,301,200
cloudflare-ech.com,ES,Spain,zinnia telecomunicaciones sl.,,,,,,true,,56,CURLE_RECV_ERROR,"CONNECT tunnel failed, response 525",0,2,0,0,58,0,525
cloudflare-ech.com,ES,Spain,jazztel,,,,,,false,,56,CURLE_RECV_ERROR,"CONNECT tunnel failed, response 525",0,2,0,0,59,0,525
cloudflare-ech.com,ES,Spain,"procono, s.a.",,,,,,false,,56,CURLE_RECV_ERROR,"CONNECT tunnel failed, response 525",0,2,0,0,54,0,525
cloudflare-ech.com,ZA,South Africa,telkom limited,37457,telkom limited,37457,Telkom SA Ltd.,true,false,,0,,,0,2,852,1362,1362,301,200
cloudflare-ech.com,ES,Spain,orange espana,12479,orange espana,12479,Orange Espagne SA,true,true,,0,,,0,2,605,903,903,301,200
cloudflare-ech.com,ES,Spain,avatel telecom,,,,,,false,,56,CURLE_RECV_ERROR,"CONNECT tunnel failed, response 525",0,2,0,0,61,0,525
cloudflare-ech.com,ZA,South Africa,telkom internet,37457,telkom internet,37457,Telkom SA Ltd.,true,true,,0,,,0,2,955,1379,1379,301,200
cloudflare-ech.com,ZA,South Africa,cell c,37168,cell c,37168,Cell C (Pty) Ltd,true,false,,0,,,0,2,836,1263,1264,301,200
cloudflare-ech.com,ES,Spain,digi spain telecom,57269,digi spain telecom,57269,DIGI SPAIN TELECOM S.L.U.,true,true,,0,,,0,2,461,726,726,301,200
cloudflare-ech.com,ES,Spain,"procono, s.a.",,,,,,true,,56,CURLE_RECV_ERROR,"CONNECT tunnel failed, response 525",0,2,0,0,56,0,525
cloudflare-ech.com,ES,Spain,avatel telecom,,,,,,true,,56,CURLE_RECV_ERROR,"CONNECT tunnel failed, response 525",0,2,0,0,59,0,525
cloudflare-ech.com,ZA,South Africa,telkom internet,37457,telkom internet,37457,Telkom SA Ltd.,true,false,,0,,,0,2,894,1323,1323,301,200
cloudflare-ech.com,ES,Spain,vodafone spain,12430,vodafone spain,12430,VODAFONE ESPANA S.A.U.,true,false,,0,,,0,2,562,755,755,301,200
cloudflare-ech.com,ES,Spain,vodafone spain,12430,vodafone spain,12430,VODAFONE ESPANA S.A.U.,true,true,,0,,,0,2,386,579,579,301,200
cloudflare-ech.com,ES,Spain,aire networks,29119,aire networks,29119,AIRE NETWORKS DEL MEDITERRANEO SL UNIPERSONAL,true,false,,0,,,0,2,526,792,792,301,200
cloudflare-ech.com,LK,Sri Lanka,mobitel,,,,,,false,,56,CURLE_RECV_ERROR,"CONNECT tunnel failed, response 525",0,2,0,0,56,0,525
cloudflare-ech.com,ES,Spain,aire networks,29119,aire networks,29119,AIRE NETWORKS DEL MEDITERRANEO SL UNIPERSONAL,true,true,,0,,,0,2,346,579,579,301,200
cloudflare-ech.com,ES,Spain,digi spain,57269,digi spain,57269,DIGI SPAIN TELECOM S.L.U.,true,false,,0,,,61,62,763,1141,1141,301,200
cloudflare-ech.com,SO,Somalia,amtel,328319,amtel,328319,AMTEL LTD,true,false,,0,,,0,2,3828,4256,4257,301,200
cloudflare-ech.com,LK,Sri Lanka,mobitel,,,,,,true,,56,CURLE_RECV_ERROR,"CONNECT tunnel failed, response 525",0,2,0,0,53,0,525
cloudflare-ech.com,ES,Spain,telefonica de espana static ip,3352,telefonica de espana static ip,3352,TELEFONICA DE ESPANA S.A.U.,true,false,,0,,,0,2,744,1172,1173,301,200
cloudflare-ech.com,ZA,South Africa,mtn sa mobile,12091,mtn sa mobile,12091,MTN SA,true,false,,0,,,0,2,1702,2689,2690,301,200
cloudflare-ech.com,SO,Somalia,amtel,328319,amtel,328319,AMTEL LTD,true,true,,0,,,0,2,3870,4340,4340,301,200
cloudflare-ech.com,SD,Sudan,sudatel,,,,,,false,,56,CURLE_RECV_ERROR,"CONNECT tunnel failed, response 525",0,2,0,0,55,0,525
cloudflare-ech.com,ES,Spain,yoigo,15704,yoigo,15704,XTRA TELECOM S.A.,true,false,,0,,,0,202,1098,1455,1456,301,200
cloudflare-ech.com,ES,Spain,digi spain,57269,digi spain,57269,DIGI SPAIN TELECOM S.L.U.,true,true,,0,,,0,2,640,1008,1009,301,200
cloudflare-ech.com,SD,Sudan,sudatel,,,,,,true,,56,CURLE_RECV_ERROR,"CONNECT tunnel failed, response 525",0,2,0,0,59,0,525
cloudflare-ech.com,ES,Spain,yoigo,15704,yoigo,15704,XTRA TELECOM S.A.,true,true,,0,,,0,2,665,1005,1005,301,200
cloudflare-ech.com,SR,Suriname,telesur,,,,,,true,,56,CURLE_RECV_ERROR,"CONNECT tunnel failed, response 525",0,2,0,0,55,0,525
cloudflare-ech.com,SR,Suriname,telesur,,,,,,false,,56,CURLE_RECV_ERROR,"CONNECT tunnel failed, response 525",0,2,0,0,55,0,525
cloudflare-ech.com,ES,Spain,telefonica de espana static ip,3352,telefonica de espana static ip,3352,TELEFONICA DE ESPANA S.A.U.,true,true,,0,,,0,2,606,1011,1011,301,200
cloudflare-ech.com,ZA,South Africa,mtn sa mobile,12091,mtn sa mobile,12091,MTN SA,true,true,,0,,,0,2,2268,2880,2880,301,200
cloudflare-ech.com,SZ,Eswatini,swazi mobile,,,,,,true,,56,CURLE_RECV_ERROR,"CONNECT tunnel failed, response 525",0,2,0,0,53,0,525
cloudflare-ech.com,SZ,Eswatini,swazi mobile,,,,,,false,,56,CURLE_RECV_ERROR,"CONNECT tunnel failed, response 525",0,2,0,0,53,0,525
cloudflare-ech.com,LK,Sri Lanka,hutch sri lanka,17470,hutch sri lanka,17470,Hutchison Telecommunications Lanka (Private) Limited,true,false,,0,,,0,2,1541,2360,2360,301,200
cloudflare-ech.com,LK,Sri Lanka,hutch sri lanka,17470,hutch sri lanka,17470,Hutchison Telecommunications Lanka (Private) Limited,true,true,,0,,,0,2,1361,2110,2110,301,200
cloudflare-ech.com,SD,Sudan,mtn sudan,36972,mtn sudan,36972,MTN SUDAN,true,false,,0,,,0,2,1596,2414,2415,301,200
cloudflare-ech.com,SE,Sweden,lycamobile,,,,,,false,,56,CURLE_RECV_ERROR,"CONNECT tunnel failed, response 525",0,2,0,0,57,0,525
cloudflare-ech.com,SE,Sweden,lycamobile,,,,,,true,,56,CURLE_RECV_ERROR,"CONNECT tunnel failed, response 525",0,2,0,0,59,0,525
cloudflare-ech.com,SE,Sweden,gotalandsnatet,,,,,,false,,56,CURLE_RECV_ERROR,"CONNECT tunnel failed, response 525",0,1,0,0,59,0,525
cloudflare-ech.com,SE,Sweden,gotalandsnatet,,,,,,true,,56,CURLE_RECV_ERROR,"CONNECT tunnel failed, response 525",0,1,0,0,61,0,525
cloudflare-ech.com,LK,Sri Lanka,airtel lanka,18001,airtel lanka,18001,Dialog Axiata Plc,true,true,,0,,,0,2,1671,2897,2897,301,200
cloudflare-ech.com,SD,Sudan,zain sudan,36998,zain sudan,36998,Sudanese Mobile Telephone (ZAIN) Co Ltd,true,false,,0,,,0,2,1796,3014,3014,301,200
cloudflare-ech.com,SZ,Eswatini,swazimtn-ltd,327765,swazimtn-ltd,327765,Swazi MTN Ltd,true,false,,0,,,67,69,1221,1817,1817,301,200
cloudflare-ech.com,SD,Sudan,mtn sudan,36972,mtn sudan,36972,MTN SUDAN,true,true,,0,,,64,65,1326,1904,1904,301,200
cloudflare-ech.com,SE,Sweden,hi3g access,44034,hi3g access,44034,Hi3G Access AB,true,true,,0,,,0,2,540,793,793,301,200
cloudflare-ech.com,SD,Sudan,zain sudan,36998,zain sudan,36998,Sudanese Mobile Telephone (ZAIN) Co Ltd,true,true,,0,,,0,2,1915,2534,2534,301,200
cloudflare-ech.com,LK,Sri Lanka,airtel lanka,18001,airtel lanka,18001,Dialog Axiata Plc,true,false,,0,,,0,2,1810,2774,2774,301,200
cloudflare-ech.com,SE,Sweden,tele2 sweden,1257,tele2 sweden,1257,Tele2 Sverige AB,true,false,,0,,,1,2,411,628,629,301,200
cloudflare-ech.com,SE,Sweden,hi3g access,44034,hi3g access,44034,Hi3G Access AB,true,false,,0,,,0,2,454,700,700,301,200
cloudflare-ech.com,SE,Sweden,tele2 sweden,1257,tele2 sweden,1257,Tele2 Sverige AB,true,true,,0,,,0,2,365,574,574,301,200
cloudflare-ech.com,SZ,Eswatini,swazimtn-ltd,327765,swazimtn-ltd,327765,Swazi MTN Ltd,true,true,,0,,,0,2,1068,1634,1634,301,200
cloudflare-ech.com,SE,Sweden,telenor sverige,8434,telenor sverige,8434,Telenor Sverige AB,true,false,,0,,,0,2,453,767,767,301,200
cloudflare-ech.com,SE,Sweden,telia mobile,3301,telia mobile,3301,Telia Company AB,true,false,,0,,,0,2,438,669,669,301,200
cloudflare-ech.com,SE,Sweden,telenor sverige,8434,telenor sverige,8434,Telenor Sverige AB,true,true,,0,,,0,1,453,764,764,301,200
cloudflare-ech.com,SE,Sweden,telia mobile,3301,telia mobile,3301,Telia Company AB,true,true,,0,,,0,2,383,617,617,301,200
cloudflare-ech.com,SY,Syrian Arab Republic,syrian telecom,29256,syrian telecom,29256,Syrian Telecom,true,false,,0,,,42,43,626,890,891,301,200
cloudflare-ech.com,CH,Switzerland,salt mobile,15796,salt mobile,15796,Salt Mobile SA,true,false,,0,,,0,2,820,1177,1178,301,200
cloudflare-ech.com,CH,Switzerland,salt mobile,15796,salt mobile,15796,Salt Mobile SA,true,true,,0,,,0,2,470,783,784,301,200
cloudflare-ech.com,SR,Suriname,digicel suriname nv,52398,digicel suriname nv,52398,Digicel Suriname NV,true,false,,0,,,0,2,2515,3093,3094,301,200
cloudflare-ech.com,ES,Spain,telefonica de espana,3352,telefonica de espana,3352,TELEFONICA DE ESPANA S.A.U.,true,true,,0,,,0,2,7228,8954,8954,301,200
cloudflare-ech.com,SY,Syrian Arab Republic,syrian telecom,29256,syrian telecom,29256,Syrian Telecom,true,true,,0,,,0,2,585,869,870,301,200
cloudflare-ech.com,CH,Switzerland,swisscom,3303,swisscom,3303,Swisscom (Schweiz) AG,true,false,,0,,,0,2,1767,3587,3587,301,200
cloudflare-ech.com,CH,Switzerland,swisscom,3303,swisscom,3303,Swisscom (Schweiz) AG,true,true,,0,,,0,2,2333,2922,2922,301,200
cloudflare-ech.com,CH,Switzerland,lycamobile,31404,lycamobile,31404,LYCATEL DISTRIBUTION UK LIMITED,true,true,,0,,,0,2,1450,2058,2059,301,200
cloudflare-ech.com,CH,Switzerland,lycamobile,31404,lycamobile,31404,LYCATEL DISTRIBUTION UK LIMITED,true,false,,0,,,0,2,1745,2471,2471,301,200
cloudflare-ech.com,SY,Syrian Arab Republic,syriatel mobile telecom,48065,syriatel mobile telecom,48065,Syriatel Mobile Telecom,true,false,,0,,,0,2,1018,1416,1417,301,200
cloudflare-ech.com,SY,Syrian Arab Republic,syriatel mobile telecom,48065,syriatel mobile telecom,48065,Syriatel Mobile Telecom,true,true,,0,,,0,2,1017,1417,1417,301,200
cloudflare-ech.com,SR,Suriname,digicel suriname nv,52398,digicel suriname nv,52398,Digicel Suriname NV,true,true,,0,,,0,2,6011,6521,6521,301,200
cloudflare-ech.com,TW,"Taiwan, Province of China",twn broadband,24158,twn broadband,24158,"Taiwan Mobile Co., Ltd.",true,false,,0,,,0,2,854,1290,1291,301,200
cloudflare-ech.com,TW,"Taiwan, Province of China",taiwan mobile,24158,taiwan mobile,24158,"Taiwan Mobile Co., Ltd.",true,false,,0,,,81,83,1215,1608,1609,301,200
cloudflare-ech.com,TW,"Taiwan, Province of China",taiwan mobile,24158,taiwan mobile,24158,"Taiwan Mobile Co., Ltd.",true,true,,0,,,0,2,2064,2474,2474,301,200
cloudflare-ech.com,TW,"Taiwan, Province of China",twn broadband,24158,twn broadband,24158,"Taiwan Mobile Co., Ltd.",true,true,,0,,,0,2,808,1245,1245,301,200
cloudflare-ech.com,CH,Switzerland,sunrise,6730,sunrise,6730,Sunrise GmbH,true,true,,0,,,0,2,3738,5050,5051,301,200
cloudflare-ech.com,TW,"Taiwan, Province of China",chunghwa telecom,17421,chunghwa telecom,17421,Mobile Business Group,true,false,,0,,,0,2,939,1462,1462,301,200
cloudflare-ech.com,RU,Russian Federation,beeline,16345,beeline,,,,true,,28,CURLE_OPERATION_TIMEDOUT,Connection timed out after 30001 milliseconds,20,0,0,0,30001,0,200
cloudflare-ech.com,TW,"Taiwan, Province of China",fareastone,9674,fareastone,9674,"Far EastTone Telecommunication Co., Ltd.",true,true,,0,,,0,2,1229,2519,2519,301,200
cloudflare-ech.com,TW,"Taiwan, Province of China",chunghwa telecom,17421,chunghwa telecom,17421,Mobile Business Group,true,true,,0,,,0,2,1068,1631,1632,301,200
cloudflare-ech.com,TJ,Tajikistan,cjsc indigo tajikistan,48887,cjsc indigo tajikistan,48887,CJSC INDIGO TAJIKISTAN,true,false,,0,,,0,2,669,994,994,301,200
cloudflare-ech.com,CH,Switzerland,sunrise,6730,sunrise,6730,Sunrise GmbH,true,false,,0,,,0,2,2016,2973,2974,301,200
cloudflare-ech.com,TJ,Tajikistan,cjsc indigo tajikistan,48887,cjsc indigo tajikistan,48887,CJSC INDIGO TAJIKISTAN,true,true,,0,,,0,2,690,1019,1019,301,200
cloudflare-ech.com,TJ,Tajikistan,closed joint stock company tt mobile,43197,closed joint stock company tt mobile,43197,Closed Joint Stock Company TT mobile,true,false,,0,,,0,2,1208,1669,1669,301,200
cloudflare-ech.com,TJ,Tajikistan,babilon-t,24722,babilon-t,24722,LLC Babilon-T,true,true,,0,,,68,70,915,1353,1354,301,200
cloudflare-ech.com,TZ,"Tanzania, United Republic of",barmedas-tanzania,,,,,,false,,56,CURLE_RECV_ERROR,"CONNECT tunnel failed, response 525",0,2,0,0,59,0,525
cloudflare-ech.com,TZ,"Tanzania, United Republic of",barmedas-tanzania,,,,,,true,,56,CURLE_RECV_ERROR,"CONNECT tunnel failed, response 525",0,2,0,0,56,0,525
cloudflare-ech.com,TZ,"Tanzania, United Republic of",liquid intelligent technologies,,,,,,false,,56,CURLE_RECV_ERROR,"CONNECT tunnel failed, response 525",0,2,0,0,58,0,525
cloudflare-ech.com,TW,"Taiwan, Province of China",fareastone,9674,fareastone,9674,"Far EastTone Telecommunication Co., Ltd.",true,false,,0,,,0,2,2552,2942,2942,301,200
cloudflare-ech.com,TZ,"Tanzania, United Republic of",liquid intelligent technologies,,,,,,true,,56,CURLE_RECV_ERROR,"CONNECT tunnel failed, response 525",0,2,0,0,57,0,525
cloudflare-ech.com,TJ,Tajikistan,babilon-t,24722,babilon-t,24722,LLC Babilon-T,true,false,,0,,,0,2,906,1329,1329,301,200
cloudflare-ech.com,TJ,Tajikistan,cjsc babilon-mobile,204106,cjsc babilon-mobile,204106,CJSC Babilon-Mobile,true,true,,0,,,0,2,1091,1429,1429,301,200
cloudflare-ech.com,TJ,Tajikistan,tcell (cjsc indigo tajikistan),47139,tcell (cjsc indigo tajikistan),47139,CJSC INDIGO TAJIKISTAN,true,true,,0,,,0,1,1028,1378,1378,301,200
cloudflare-ech.com,TJ,Tajikistan,cjsc babilon-mobile,204106,cjsc babilon-mobile,204106,CJSC Babilon-Mobile,true,false,,0,,,0,2,791,1134,1134,301,200
cloudflare-ech.com,TZ,"Tanzania, United Republic of",ttcldata,,,,,,false,,56,CURLE_RECV_ERROR,"CONNECT tunnel failed, response 525",0,1,0,0,57,0,525
cloudflare-ech.com,TJ,Tajikistan,closed joint stock company tt mobile,43197,closed joint stock company tt mobile,43197,Closed Joint Stock Company TT mobile,true,true,,0,,,0,2,937,1432,1432,301,200
cloudflare-ech.com,TJ,Tajikistan,tcell (cjsc indigo tajikistan),47139,tcell (cjsc indigo tajikistan),47139,CJSC INDIGO TAJIKISTAN,true,false,,0,,,0,2,764,1196,1196,301,200
cloudflare-ech.com,TZ,"Tanzania, United Republic of",ttcldata,,,,,,true,,56,CURLE_RECV_ERROR,"CONNECT tunnel failed, response 525",0,2,0,0,78,0,525
cloudflare-ech.com,TJ,Tajikistan,zet-mobile,34557,zet-mobile,34557,Tacom LLC,true,false,,0,,,92,94,1205,1595,1596,301,200
cloudflare-ech.com,TH,Thailand,national telecom public company,,,,,,false,,56,CURLE_RECV_ERROR,"CONNECT tunnel failed, response 525",0,2,0,0,58,0,525
cloudflare-ech.com,TH,Thailand,national telecom public company,,,,,,true,,56,CURLE_RECV_ERROR,"CONNECT tunnel failed, response 525",0,2,0,0,57,0,525
cloudflare-ech.com,TJ,Tajikistan,zet-mobile,34557,zet-mobile,34557,Tacom LLC,true,true,,0,,,0,2,761,1120,1120,301,200
cloudflare-ech.com,TH,Thailand,3bb broadband,,,,,,false,,56,CURLE_RECV_ERROR,"CONNECT tunnel failed, response 525",0,2,0,0,61,0,525
cloudflare-ech.com,TH,Thailand,3bb broadband,,,,,,true,,56,CURLE_RECV_ERROR,"CONNECT tunnel failed, response 525",0,2,0,0,78,0,525
cloudflare-ech.com,TZ,"Tanzania, United Republic of",airtel tanzania,37133,airtel tanzania,37133,Airtel Tanzania,true,false,,0,,,0,2,993,1373,1373,301,200
cloudflare-ech.com,TZ,"Tanzania, United Republic of",vodacom tanzania,36908,vodacom tanzania,36908,Vodacom Tanzania Ltd,true,false,,0,,,0,2,1178,1762,1763,301,200
cloudflare-ech.com,TZ,"Tanzania, United Republic of",vodacom tanzania,36908,vodacom tanzania,36908,Vodacom Tanzania Ltd,true,true,,0,,,0,2,770,1287,1288,301,200
cloudflare-ech.com,TZ,"Tanzania, United Republic of",mic tanzania,37035,mic tanzania,37035,MIC TANZANIA LTD,true,false,,0,,,0,2,1108,1624,1624,301,200
cloudflare-ech.com,TZ,"Tanzania, United Republic of",airtel tanzania,37133,airtel tanzania,37133,Airtel Tanzania,true,true,,0,,,0,2,834,1206,1206,301,200
cloudflare-ech.com,TZ,"Tanzania, United Republic of",halotel,327885,halotel,327885,Viettel Tanzania PLC,true,false,,0,,,0,2,1186,1644,1644,301,200
cloudflare-ech.com,TL,Timor-Leste,telkomcel,,,,,,false,,56,CURLE_RECV_ERROR,"CONNECT tunnel failed, response 525",0,2,0,0,56,0,525
cloudflare-ech.com,TL,Timor-Leste,timor telecom,,,,,,false,,56,CURLE_RECV_ERROR,"CONNECT tunnel failed, response 525",0,2,0,0,55,0,525
cloudflare-ech.com,TL,Timor-Leste,timor telecom,,,,,,true,,56,CURLE_RECV_ERROR,"CONNECT tunnel failed, response 525",0,2,0,0,52,0,525
cloudflare-ech.com,TZ,"Tanzania, United Republic of",mic tanzania,37035,mic tanzania,37035,MIC TANZANIA LTD,true,true,,0,,,0,2,1096,1574,1575,301,200
cloudflare-ech.com,TL,Timor-Leste,telkomcel,,,,,,true,,56,CURLE_RECV_ERROR,"CONNECT tunnel failed, response 525",0,2,0,0,54,0,525
cloudflare-ech.com,TL,Timor-Leste,viettel timor leste,,,,,,false,,56,CURLE_RECV_ERROR,"CONNECT tunnel failed, response 525",0,2,0,0,62,0,525
cloudflare-ech.com,TL,Timor-Leste,viettel timor leste,,,,,,true,,56,CURLE_RECV_ERROR,"CONNECT tunnel failed, response 525",0,2,0,0,53,0,525
cloudflare-ech.com,TZ,"Tanzania, United Republic of",halotel,327885,halotel,327885,Viettel Tanzania PLC,true,true,,0,,,0,1,955,1393,1394,301,200
cloudflare-ech.com,TH,Thailand,ais mobile,131445,ais mobile,131445,ADVANCED WIRELESS NETWORK COMPANY LIMITED,true,true,,0,,,0,2,1074,1662,1663,301,200
cloudflare-ech.com,TG,Togo,atlantique telecom,,,,,,false,,56,CURLE_RECV_ERROR,"CONNECT tunnel failed, response 525",0,2,0,0,61,0,525
cloudflare-ech.com,TG,Togo,atlantique telecom,,,,,,true,,56,CURLE_RECV_ERROR,"CONNECT tunnel failed, response 525",0,2,0,0,56,0,525
cloudflare-ech.com,TO,Tonga,digicel tonga,,,,,,false,,56,CURLE_RECV_ERROR,"CONNECT tunnel failed, response 525",0,2,0,0,56,0,525
cloudflare-ech.com,TO,Tonga,digicel tonga,,,,,,true,,56,CURLE_RECV_ERROR,"CONNECT tunnel failed, response 525",0,2,0,0,55,0,525
cloudflare-ech.com,TH,Thailand,dtac,24378,dtac,24378,Total Access Communication PLC.,true,false,,0,,,0,2,902,1535,1536,301,200
cloudflare-ech.com,TH,Thailand,true mobile,132061,true mobile,132061,Realmove Company Limited,true,false,,0,,,0,2,797,1156,1156,301,200
cloudflare-ech.com,TT,Trinidad and Tobago,bmobile fiber,,,,,,false,,56,CURLE_RECV_ERROR,"CONNECT tunnel failed, response 525",0,2,0,0,58,0,525
cloudflare-ech.com,TH,Thailand,ais mobile,131445,ais mobile,131445,ADVANCED WIRELESS NETWORK COMPANY LIMITED,true,false,,0,,,0,2,927,1445,1445,301,200
cloudflare-ech.com,TH,Thailand,dtac,24378,dtac,24378,Total Access Communication PLC.,true,true,,0,,,0,2,769,1207,1207,301,200
cloudflare-ech.com,TH,Thailand,ais eds,45458,ais eds,45458,ADVANCED WIRELESS NETWORK COMPANY LIMITED,true,false,,0,,,0,2,729,1142,1142,301,200
cloudflare-ech.com,TT,Trinidad and Tobago,bmobile fiber,,,,,,true,,56,CURLE_RECV_ERROR,"CONNECT tunnel failed, response 525",0,2,0,0,58,0,525
cloudflare-ech.com,TH,Thailand,true mobile,132061,true mobile,132061,Realmove Company Limited,true,true,,0,,,0,2,723,1093,1093,301,200
cloudflare-ech.com,TH,Thailand,ais eds,45458,ais eds,45458,ADVANCED WIRELESS NETWORK COMPANY LIMITED,true,true,,0,,,0,2,689,1071,1072,301,200
cloudflare-ech.com,TT,Trinidad and Tobago,bmobile dsl,5639,bmobile dsl,5639,Telecommunication Services of Trinidad and Tobago,true,false,,0,,,0,2,632,827,827,301,200
cloudflare-ech.com,TT,Trinidad and Tobago,bmobile dsl,5639,bmobile dsl,5639,Telecommunication Services of Trinidad and Tobago,true,true,,0,,,0,2,411,604,605,301,200
cloudflare-ech.com,TG,Togo,togocom,24691,togocom,24691,"TogoTelecom, Togo",true,true,,0,,,0,2,950,1484,1484,301,200
cloudflare-ech.com,TN,Tunisia,orange tunisie,37492,orange tunisie,37492,Orange Tunisie,true,false,,0,,,0,2,742,1062,1062,301,200
cloudflare-ech.com,TT,Trinidad and Tobago,digicel trinidad & tobago,27800,digicel trinidad & tobago,27800,Digicel Trinidad and Tobago Ltd.,true,false,,0,,,0,2,593,882,883,301,200
cloudflare-ech.com,TT,Trinidad and Tobago,digicel trinidad & tobago,27800,digicel trinidad & tobago,27800,Digicel Trinidad and Tobago Ltd.,true,true,,0,,,0,2,853,1093,1094,301,200
cloudflare-ech.com,TN,Tunisia,tunisie telecom,327934,tunisie telecom,327934,SOCIETE NATIONALE DES TELECOMMUNICATIONS (Tunisie Telecom),true,true,,0,,,0,2,566,834,834,301,200
cloudflare-ech.com,TN,Tunisia,orange tunisie,37492,orange tunisie,37492,Orange Tunisie,true,true,,0,,,0,2,617,934,934,301,200
cloudflare-ech.com,ES,Spain,telefonica de espana,3352,telefonica de espana,3352,TELEFONICA DE ESPANA S.A.U.,true,false,,0,,,0,2,7705,9504,9504,301,200
cloudflare-ech.com,TG,Togo,togocom,24691,togocom,24691,"TogoTelecom, Togo",true,false,,0,,,0,2,911,1517,1517,301,200
cloudflare-ech.com,TR,Turkey,vodafone,,,,,,false,,56,CURLE_RECV_ERROR,"CONNECT tunnel failed, response 525",0,2,0,0,56,0,525
cloudflare-ech.com,TN,Tunisia,tunisie telecom,327934,tunisie telecom,327934,SOCIETE NATIONALE DES TELECOMMUNICATIONS (Tunisie Telecom),true,false,,0,,,0,2,527,781,781,301,200
cloudflare-ech.com,TR,Turkey,fibim fibernet gsm san. ve tic. a.s,,,,,,false,,56,CURLE_RECV_ERROR,"CONNECT tunnel failed, response 525",0,2,0,0,55,0,525
cloudflare-ech.com,TR,Turkey,vodafone,,,,,,true,,56,CURLE_RECV_ERROR,"CONNECT tunnel failed, response 525",0,2,0,0,58,0,525
cloudflare-ech.com,TR,Turkey,fibim fibernet gsm san. ve tic. a.s,,,,,,true,,56,CURLE_RECV_ERROR,"CONNECT tunnel failed, response 525",0,2,0,0,57,0,525
cloudflare-ech.com,TN,Tunisia,ooredoo tunisia,37693,ooredoo tunisia,37693,OOREDOO TUNISIE SA,true,false,,0,,,0,2,551,959,959,301,200
cloudflare-ech.com,TM,Turkmenistan,altyn asyr cjsc,,,,,,false,,56,CURLE_RECV_ERROR,"CONNECT tunnel failed, response 525",0,2,0,0,54,0,525
cloudflare-ech.com,TM,Turkmenistan,altyn asyr cjsc,,,,,,true,,56,CURLE_RECV_ERROR,"CONNECT tunnel failed, response 525",0,2,0,0,54,0,525
cloudflare-ech.com,TC,Turks and Caicos Islands,digicel turks and caicos,,,,,,false,,56,CURLE_RECV_ERROR,"CONNECT tunnel failed, response 525",0,2,0,0,52,0,525
cloudflare-ech.com,TC,Turks and Caicos Islands,digicel turks and caicos,,,,,,true,,56,CURLE_RECV_ERROR,"CONNECT tunnel failed, response 525",0,2,0,0,56,0,525
cloudflare-ech.com,TR,Turkey,turkcell,16135,turkcell,16135,TURKCELL ILETISIM HIZMETLERI A.S.,true,false,,0,,,0,2,687,947,948,301,200
cloudflare-ech.com,TR,Turkey,turk telekom,20978,turk telekom,20978,TT Mobil Iletisim Hizmetleri A.S,true,false,,0,,,0,2,507,704,704,301,200
cloudflare-ech.com,TR,Turkey,vodafone turkey,15897,vodafone turkey,15897,Vodafone Telekomunikasyon A.S.,true,false,,0,,,0,2,567,802,802,301,200
cloudflare-ech.com,TN,Tunisia,ooredoo tunisia,37693,ooredoo tunisia,37693,OOREDOO TUNISIE SA,true,true,,0,,,0,2,458,724,725,301,200
cloudflare-ech.com,TR,Turkey,turkcell,16135,turkcell,16135,TURKCELL ILETISIM HIZMETLERI A.S.,true,true,,0,,,0,2,576,811,812,301,200
cloudflare-ech.com,TN,Tunisia,orange internet,37492,orange internet,37492,Orange Tunisie,true,true,,0,,,0,2,3106,3444,3444,301,200
cloudflare-ech.com,TR,Turkey,turk telekom,20978,turk telekom,20978,TT Mobil Iletisim Hizmetleri A.S,true,true,,0,,,0,2,503,706,707,301,200
cloudflare-ech.com,TN,Tunisia,orange internet,37492,orange internet,37492,Orange Tunisie,true,false,,0,,,0,2,2694,3034,3035,301,200
cloudflare-ech.com,TR,Turkey,vodafone turkey,15897,vodafone turkey,15897,Vodafone Telekomunikasyon A.S.,true,true,,0,,,0,2,625,894,894,301,200
cloudflare-ech.com,SY,Syrian Arab Republic,rcell,214707,rcell,214707,RCell LLC,true,false,,0,,,66,68,3814,5656,5656,301,200
cloudflare-ech.com,SY,Syrian Arab Republic,rcell,214707,rcell,214707,RCell LLC,true,true,,0,,,0,2,2076,3729,3730,301,200
cloudflare-ech.com,UA,Ukraine,kyivstar,15895,kyivstar,15895,"""Kyivstar"" PJSC",true,false,,0,,,0,2,657,1015,1015,301,200
cloudflare-ech.com,UG,Uganda,tangerine-ug,37113,tangerine-ug,37113,Tangerine Limited,true,false,,0,,,56,58,1243,1684,1684,301,200
cloudflare-ech.com,UG,Uganda,tangerine-ug,37113,tangerine-ug,37113,Tangerine Limited,true,true,,0,,,0,2,829,1265,1266,301,200
cloudflare-ech.com,UA,Ukraine,vodafone ukraine,21497,vodafone ukraine,21497,"PrJSC ""VF UKRAINE""",true,true,,0,,,0,2,728,1049,1049,301,200
cloudflare-ech.com,UA,Ukraine,kyivstar,15895,kyivstar,15895,"""Kyivstar"" PJSC",true,true,,0,,,0,1,611,938,938,301,200
cloudflare-ech.com,AE,United Arab Emirates,du,,,,,,false,,56,CURLE_RECV_ERROR,"CONNECT tunnel failed, response 525",0,2,0,0,59,0,525
cloudflare-ech.com,UA,Ukraine,lifecell,34058,lifecell,34058,"Limited Liability Company ""lifecell""",true,true,,0,,,0,2,1251,1578,1579,301,200
cloudflare-ech.com,UA,Ukraine,k-telekom,203451,k-telekom,203451,K-telekom LLC,true,false,,0,,,0,2,628,1168,1168,301,200
cloudflare-ech.com,GB,United Kingdom,sparks communications,,,,,,true,,56,CURLE_RECV_ERROR,"CONNECT tunnel failed, response 525",0,2,0,0,82,0,525
cloudflare-ech.com,UG,Uganda,mtn uganda,20294,mtn uganda,20294,MTN Uganda,true,false,,0,,,0,2,1066,1762,1763,301,200
cloudflare-ech.com,UA,Ukraine,vodafone ukraine,21497,vodafone ukraine,21497,"PrJSC ""VF UKRAINE""",true,false,,0,,,0,2,620,921,922,301,200
cloudflare-ech.com,AE,United Arab Emirates,du,,,,,,true,,56,CURLE_RECV_ERROR,"CONNECT tunnel failed, response 525",0,202,0,0,258,0,525
cloudflare-ech.com,UG,Uganda,mtn uganda,20294,mtn uganda,20294,MTN Uganda,true,true,,0,,,0,2,1137,1710,1710,301,200
cloudflare-ech.com,AE,United Arab Emirates,du telecom,15802,du telecom,15802,Emirates Integrated Telecommunications Company PJSC,true,false,,0,,,0,2,771,1223,1224,301,200
cloudflare-ech.com,GB,United Kingdom,plan communications,35691,plan communications,35691,Plan Communications Ltd,true,false,,0,,,0,2,433,776,776,301,200
cloudflare-ech.com,AE,United Arab Emirates,e& uae,5384,e& uae,5384,EMIRATES TELECOMMUNICATIONS GROUP COMPANY (ETISALAT GROUP) PJSC,true,false,,0,,,0,2,842,1267,1267,301,200
cloudflare-ech.com,GB,United Kingdom,mass response service,,,,,,false,,56,CURLE_RECV_ERROR,"CONNECT tunnel failed, response 525",0,2,0,0,73,0,525
cloudflare-ech.com,GB,United Kingdom,sky broadband,5607,sky broadband,5607,Sky UK Limited,true,true,,0,,,0,2,496,721,722,301,200
cloudflare-ech.com,GB,United Kingdom,mass response service,,,,,,true,,56,CURLE_RECV_ERROR,"CONNECT tunnel failed, response 525",0,2,0,0,76,0,525
cloudflare-ech.com,GB,United Kingdom,virgin media,,,,,,false,,56,CURLE_RECV_ERROR,"CONNECT tunnel failed, response 525",0,2,0,0,73,0,525
cloudflare-ech.com,GB,United Kingdom,virgin media,,,,,,true,,56,CURLE_RECV_ERROR,"CONNECT tunnel failed, response 525",0,2,0,0,82,0,525
cloudflare-ech.com,GB,United Kingdom,sparks communications,,,,,,false,,56,CURLE_RECV_ERROR,"CONNECT tunnel failed, response 525",0,2,0,0,76,0,525
cloudflare-ech.com,AE,United Arab Emirates,du telecom,15802,du telecom,15802,Emirates Integrated Telecommunications Company PJSC,true,true,,0,,,0,2,761,1119,1119,301,200
cloudflare-ech.com,GB,United Kingdom,sky broadband,5607,sky broadband,5607,Sky UK Limited,true,false,,0,,,0,2,468,674,674,301,200
cloudflare-ech.com,AE,United Arab Emirates,e& uae,5384,e& uae,5384,EMIRATES TELECOMMUNICATIONS GROUP COMPANY (ETISALAT GROUP) PJSC,true,true,,0,,,0,2,797,1160,1160,301,200
cloudflare-ech.com,UA,Ukraine,lifecell,34058,lifecell,34058,"Limited Liability Company ""lifecell""",true,false,,0,,,0,2,1524,1842,1842,301,200
cloudflare-ech.com,GB,United Kingdom,plan communications,35691,plan communications,35691,Plan Communications Ltd,true,true,,0,,,0,2,543,785,786,301,200
cloudflare-ech.com,GB,United Kingdom,orange,,,,,,false,,56,CURLE_RECV_ERROR,"CONNECT tunnel failed, response 525",56,58,0,0,139,0,525
cloudflare-ech.com,GB,United Kingdom,orange,,,,,,true,,56,CURLE_RECV_ERROR,"CONNECT tunnel failed, response 525",0,202,0,0,283,0,525
cloudflare-ech.com,GB,United Kingdom,vodafone,25135,vodafone,25135,Vodafone Limited,true,false,,0,,,0,2,1238,1727,1728,301,200
cloudflare-ech.com,GB,United Kingdom,vodafone,25135,vodafone,25135,Vodafone Limited,true,true,,0,,,0,2,838,1295,1296,301,200
cloudflare-ech.com,GB,United Kingdom,lycamobile,31404,lycamobile,31404,LYCATEL DISTRIBUTION UK LIMITED,true,false,,0,,,0,2,666,958,958,301,200
cloudflare-ech.com,GB,United Kingdom,o2 uk,35228,o2 uk,35228,Telefonica UK Limited,true,false,,0,,,0,2,662,990,991,301,200
cloudflare-ech.com,GB,United Kingdom,bt,2856,bt,2856,British Telecommunications PLC,true,true,,0,,,0,2,604,913,913,301,200
cloudflare-ech.com,GB,United Kingdom,three,206067,three,206067,Hutchison 3G UK Limited,true,true,,0,,,0,2,576,843,843,301,200
cloudflare-ech.com,GB,United Kingdom,bt,2856,bt,2856,British Telecommunications PLC,true,false,,0,,,0,2,475,786,786,301,200
cloudflare-ech.com,GB,United Kingdom,lycamobile,31404,lycamobile,31404,LYCATEL DISTRIBUTION UK LIMITED,true,true,,0,,,0,2,585,918,918,301,200
cloudflare-ech.com,GB,United Kingdom,o2 uk,35228,o2 uk,35228,Telefonica UK Limited,true,true,,0,,,0,2,736,1054,1054,301,200
cloudflare-ech.com,LK,Sri Lanka,dialog axiata,,,,,,false,,56,CURLE_RECV_ERROR,"CONNECT tunnel failed, response 500",0,2,0,0,21406,0,500
cloudflare-ech.com,US,United States,optimum,,,,,,false,,56,CURLE_RECV_ERROR,"CONNECT tunnel failed, response 525",0,2,0,0,387,0,525
cloudflare-ech.com,GB,United Kingdom,three,206067,three,206067,Hutchison 3G UK Limited,true,false,,0,,,0,2,439,731,731,301,200
cloudflare-ech.com,US,United States,t-mobile usa,21928,t-mobile usa,21928,"T-Mobile USA, Inc.",true,false,,0,,,0,2,516,749,749,301,200
cloudflare-ech.com,US,United States,verizon 5g home,,,,,,true,,56,CURLE_RECV_ERROR,"CONNECT tunnel failed, response 525",0,2,0,0,406,0,525
cloudflare-ech.com,US,United States,optimum,,,,,,true,,56,CURLE_RECV_ERROR,"CONNECT tunnel failed, response 525",0,2,0,0,381,0,525
cloudflare-ech.com,US,United States,spectrum,20001,spectrum,20001,Charter Communications Inc,true,false,,0,,,0,2,311,484,485,301,200
cloudflare-ech.com,US,United States,t-mobile usa,21928,t-mobile usa,21928,"T-Mobile USA, Inc.",true,true,,0,,,0,2,406,605,605,301,200
cloudflare-ech.com,GB,United Kingdom,working group two,35120,working group two,35120,WORKING GROUP TWO AS,true,false,,0,,,0,2,1064,1927,1927,301,200
cloudflare-ech.com,US,United States,spectrum,20001,spectrum,20001,Charter Communications Inc,true,true,,0,,,0,1,312,482,482,301,200
cloudflare-ech.com,US,United States,belgacom international carrier services,,,,,,false,,56,CURLE_RECV_ERROR,"CONNECT tunnel failed, response 525",0,2,0,0,423,0,525
cloudflare-ech.com,US,United States,belgacom international carrier services,,,,,,true,,56,CURLE_RECV_ERROR,"CONNECT tunnel failed, response 525",0,2,0,0,412,0,525
cloudflare-ech.com,US,United States,boost mobile,398378,boost mobile,398378,Boost Mobile,true,true,,0,,,0,2,646,1118,1119,301,200
cloudflare-ech.com,GB,United Kingdom,working group two,35120,working group two,35120,WORKING GROUP TWO AS,true,true,,0,,,0,2,991,1760,1761,301,200
cloudflare-ech.com,US,United States,ne colorado cellular,32307,ne colorado cellular,32307,NE COLORADO CELLULAR INC,true,false,,0,,,0,2,540,770,771,301,200
cloudflare-ech.com,US,United States,boost mobile,398378,boost mobile,398378,Boost Mobile,true,false,,0,,,0,2,722,1123,1123,301,200
cloudflare-ech.com,US,United States,ne colorado cellular,32307,ne colorado cellular,32307,NE COLORADO CELLULAR INC,true,true,,0,,,0,2,428,651,651,301,200
cloudflare-ech.com,US,United States,strata networks,30432,strata networks,30432,UBTANET,true,false,,0,,,0,2,483,756,756,301,200
cloudflare-ech.com,US,United States,verizon 5g home,,,,,,false,,56,CURLE_RECV_ERROR,"CONNECT tunnel failed, response 525",0,2,0,0,401,0,525
cloudflare-ech.com,US,United States,optimum mobile,,,,,,false,,56,CURLE_RECV_ERROR,"CONNECT tunnel failed, response 525",0,2,0,0,385,0,525
cloudflare-ech.com,US,United States,at&t wireless,7018,at&t wireless,7018,"AT&T Enterprises, LLC",true,false,,0,,,1,3,806,1188,1189,301,200
cloudflare-ech.com,US,United States,at&t wireless,7018,at&t wireless,7018,"AT&T Enterprises, LLC",true,true,,0,,,0,202,689,1073,1073,301,200
cloudflare-ech.com,US,United States,optimum mobile,,,,,,true,,56,CURLE_RECV_ERROR,"CONNECT tunnel failed, response 525",75,76,0,0,446,0,525
cloudflare-ech.com,US,United States,optimum online,,,,,,false,,56,CURLE_RECV_ERROR,"CONNECT tunnel failed, response 525",53,55,0,0,446,0,525
cloudflare-ech.com,US,United States,strata networks,30432,strata networks,30432,UBTANET,true,true,,0,,,0,2,478,740,741,301,200
cloudflare-ech.com,US,United States,cox communications,,,,,,true,,56,CURLE_RECV_ERROR,"CONNECT tunnel failed, response 525",0,2,0,0,424,0,525
cloudflare-ech.com,US,United States,optimum online,,,,,,true,,56,CURLE_RECV_ERROR,"CONNECT tunnel failed, response 525",0,2,0,0,404,0,525
cloudflare-ech.com,US,United States,cox communications,,,,,,false,,56,CURLE_RECV_ERROR,"CONNECT tunnel failed, response 525",0,2,0,0,396,0,525
cloudflare-ech.com,US,United States,gci communications,,,,,,false,,56,CURLE_RECV_ERROR,"CONNECT tunnel failed, response 525",0,1,0,0,382,0,525
cloudflare-ech.com,US,United States,gci communications,,,,,,true,,56,CURLE_RECV_ERROR,"CONNECT tunnel failed, response 525",0,2,0,0,409,0,525
cloudflare-ech.com,UY,Uruguay,telstar,,,,,,true,,56,CURLE_RECV_ERROR,"CONNECT tunnel failed, response 525",0,2,0,0,58,0,525
cloudflare-ech.com,UY,Uruguay,telstar,,,,,,false,,56,CURLE_RECV_ERROR,"CONNECT tunnel failed, response 525",0,2,0,0,59,0,525
cloudflare-ech.com,US,United States,verizon wireless,6167,verizon wireless,6167,Verizon Business,true,false,,0,,,0,1,929,1120,1121,301,200
cloudflare-ech.com,US,United States,uscellular,6614,uscellular,6614,"T-Mobile USA, Inc.",true,false,,0,,,0,203,954,1230,1231,301,200
cloudflare-ech.com,US,United States,uscellular,6614,uscellular,6614,"T-Mobile USA, Inc.",true,true,,0,,,0,2,662,992,992,301,200
cloudflare-ech.com,LK,Sri Lanka,dialog axiata,,,,,,true,,56,CURLE_RECV_ERROR,"CONNECT tunnel failed, response 500",0,2,0,0,21428,0,500
cloudflare-ech.com,US,United States,verizon wireless,6167,verizon wireless,6167,Verizon Business,true,true,,0,,,0,2,265,417,417,301,200
cloudflare-ech.com,US,United States,c spire,11272,c spire,11272,C Spire Fiber,true,true,,0,,,0,2,5106,5270,5270,301,200
cloudflare-ech.com,US,United States,c spire,11272,c spire,11272,C Spire Fiber,true,false,,0,,,0,2,5335,5504,5504,301,200
cloudflare-ech.com,UY,Uruguay,claro uruguay,11664,claro uruguay,11664,Techtel LMDS Comunicaciones Interactivas S.A.,true,true,,0,,,0,2,853,1331,1332,301,200
cloudflare-ech.com,UZ,Uzbekistan,unitel,41202,unitel,41202,UNITEL LLC,true,true,,35,CURLE_SSL_CONNECT_ERROR,TLS connect error: error:00000000:lib(0)::reason(0),0,2,0,0,659,0,200
cloudflare-ech.com,UZ,Uzbekistan,coscom liability company,49273,coscom liability company,49273,COSCOM Liability Limited Company,true,false,,35,CURLE_SSL_CONNECT_ERROR,TLS connect error: error:00000000:lib(0)::reason(0),0,2,0,0,735,0,200
cloudflare-ech.com,UY,Uruguay,claro uruguay,11664,claro uruguay,11664,Techtel LMDS Comunicaciones Interactivas S.A.,true,false,,0,,,0,2,884,1619,1620,301,200
cloudflare-ech.com,UY,Uruguay,antel uruguay,6057,antel uruguay,6057,Administracion Nacional de Telecomunicaciones,true,false,,0,,,0,2,1055,1594,1595,301,200
cloudflare-ech.com,UZ,Uzbekistan,city-line-uz,,,,,,false,,56,CURLE_RECV_ERROR,"CONNECT tunnel failed, response 525",0,2,0,0,60,0,525
cloudflare-ech.com,UZ,Uzbekistan,city-line-uz,,,,,,true,,56,CURLE_RECV_ERROR,"CONNECT tunnel failed, response 525",0,2,0,0,62,0,525
cloudflare-ech.com,UZ,Uzbekistan,coscom liability company,49273,coscom liability company,49273,COSCOM Liability Limited Company,true,true,,35,CURLE_SSL_CONNECT_ERROR,TLS connect error: error:00000000:lib(0)::reason(0),0,2,0,0,615,0,200
cloudflare-ech.com,UZ,Uzbekistan,unitel,41202,unitel,41202,UNITEL LLC,true,false,,35,CURLE_SSL_CONNECT_ERROR,TLS connect error: error:00000000:lib(0)::reason(0),0,2,0,0,556,0,200
cloudflare-ech.com,UZ,Uzbekistan,uztelecom,201767,uztelecom,201767,"""Uzbektelekom"" Joint Stock Company",true,false,,35,CURLE_SSL_CONNECT_ERROR,TLS connect error: error:00000000:lib(0)::reason(0),0,2,0,0,1063,0,200
cloudflare-ech.com,UZ,Uzbekistan,uztelecom,201767,uztelecom,201767,"""Uzbektelekom"" Joint Stock Company",true,true,,35,CURLE_SSL_CONNECT_ERROR,TLS connect error: error:00000000:lib(0)::reason(0),0,203,0,0,1077,0,200
cloudflare-ech.com,UY,Uruguay,antel uruguay,6057,antel uruguay,6057,Administracion Nacional de Telecomunicaciones,true,true,,0,,,0,202,956,1353,1353,301,200
cloudflare-ech.com,UZ,Uzbekistan,unitel llc,41202,unitel llc,41202,UNITEL LLC,true,false,,35,CURLE_SSL_CONNECT_ERROR,TLS connect error: error:00000000:lib(0)::reason(0),63,65,0,0,958,0,200
cloudflare-ech.com,VN,Viet Nam,vietnamobile telecommunications joint stock compan,,,,,,false,,56,CURLE_RECV_ERROR,"CONNECT tunnel failed, response 525",0,2,0,0,57,0,525
cloudflare-ech.com,VN,Viet Nam,vietnamobile telecommunications joint stock compan,,,,,,true,,56,CURLE_RECV_ERROR,"CONNECT tunnel failed, response 525",0,2,0,0,56,0,525
cloudflare-ech.com,VE,"Venezuela, Bolivarian Republic of",telefonica venezolana,6306,telefonica venezolana,6306,"TELEFONICA VENEZOLANA, C.A.",true,false,,0,,,0,2,523,873,873,301,200
cloudflare-ech.com,UZ,Uzbekistan,unitel llc,41202,unitel llc,41202,UNITEL LLC,true,true,,35,CURLE_SSL_CONNECT_ERROR,TLS connect error: error:00000000:lib(0)::reason(0),0,2,0,0,684,0,200
cloudflare-ech.com,VE,"Venezuela, Bolivarian Republic of",telefonica venezolana,6306,telefonica venezolana,6306,"TELEFONICA VENEZOLANA, C.A.",true,true,,0,,,0,2,563,865,865,301,200
cloudflare-ech.com,VE,"Venezuela, Bolivarian Republic of",corporacion digitel,264731,corporacion digitel,264731,Corporacion Digitel C.A.,true,true,,0,,,0,2,993,1349,1349,301,200
cloudflare-ech.com,VN,Viet Nam,viettel group,7552,viettel group,7552,Viettel Group,true,true,,0,,,0,2,691,1022,1022,301,200
cloudflare-ech.com,VE,"Venezuela, Bolivarian Republic of",corporacion digitel,264731,corporacion digitel,264731,Corporacion Digitel C.A.,true,false,,0,,,0,2,685,996,996,301,200
cloudflare-ech.com,UZ,Uzbekistan,universal mobile systems lcc,64466,universal mobile systems lcc,64466,UNIVERSAL MOBILE SYSTEMS LCC,true,false,,35,CURLE_SSL_CONNECT_ERROR,TLS connect error: error:00000000:lib(0)::reason(0),0,2,0,0,1466,0,200
cloudflare-ech.com,VG,"Virgin Islands, British",digicel british virgin islands,,,,,,false,,56,CURLE_RECV_ERROR,"CONNECT tunnel failed, response 525",0,1,0,0,57,0,525
cloudflare-ech.com,VN,Viet Nam,viettel group,7552,viettel group,7552,Viettel Group,true,false,,0,,,1,2,705,1050,1050,301,200
cloudflare-ech.com,VG,"Virgin Islands, British",digicel british virgin islands,,,,,,true,,56,CURLE_RECV_ERROR,"CONNECT tunnel failed, response 525",0,2,0,0,56,0,525
cloudflare-ech.com,UY,Uruguay,movistar uruguay,19422,movistar uruguay,19422,Telefonica Moviles del Uruguay SA,true,true,,0,,,0,2,5074,5525,5526,301,200
cloudflare-ech.com,YE,Yemen,yemen net,,,,,,false,,56,CURLE_RECV_ERROR,"CONNECT tunnel failed, response 525",0,2,0,0,52,0,525
cloudflare-ech.com,YE,Yemen,yemen net,,,,,,true,,56,CURLE_RECV_ERROR,"CONNECT tunnel failed, response 525",0,2,0,0,54,0,525
cloudflare-ech.com,VN,Viet Nam,mobifone,131429,mobifone,131429,MOBIFONE Corporation,true,false,,0,,,0,2,769,1157,1157,301,200
cloudflare-ech.com,UY,Uruguay,movistar uruguay,19422,movistar uruguay,19422,Telefonica Moviles del Uruguay SA,true,false,,0,,,0,2,6053,6648,6648,301,200
cloudflare-ech.com,VN,Viet Nam,vnpt,45899,vnpt,45899,VNPT Corp,true,true,,0,,,0,2,927,1428,1429,301,200
cloudflare-ech.com,VG,"Virgin Islands, British",flow,14813,flow,14813,Columbus Telecommunications (Barbados) Limited,true,true,,0,,,0,3,521,935,935,301,200
cloudflare-ech.com,VG,"Virgin Islands, British",flow,14813,flow,14813,Columbus Telecommunications (Barbados) Limited,true,false,,0,,,0,1,426,799,799,301,200
cloudflare-ech.com,VN,Viet Nam,mobifone,131429,mobifone,131429,MOBIFONE Corporation,true,true,,0,,,0,2,710,1038,1038,301,200
cloudflare-ech.com,VN,Viet Nam,vnpt,45899,vnpt,45899,VNPT Corp,true,false,,0,,,0,2,859,1337,1337,301,200
cloudflare-ech.com,VI,"Virgin Islands, U.S.",viya,14434,viya,14434,"VI POWERNET, LLC",true,false,,0,,,0,2,604,924,924,301,200
cloudflare-ech.com,VI,"Virgin Islands, U.S.",viya,14434,viya,14434,"VI POWERNET, LLC",true,true,,0,,,0,2,536,854,854,301,200
cloudflare-ech.com,ZW,Zimbabwe,netone-cellular,,,,,,true,,56,CURLE_RECV_ERROR,"CONNECT tunnel failed, response 525",62,64,0,0,117,0,525
cloudflare-ech.com,ZW,Zimbabwe,netone-cellular,,,,,,false,,56,CURLE_RECV_ERROR,"CONNECT tunnel failed, response 525",0,2,0,0,53,0,525
cloudflare-ech.com,UZ,Uzbekistan,universal mobile systems lcc,64466,universal mobile systems lcc,64466,UNIVERSAL MOBILE SYSTEMS LCC,true,true,,35,CURLE_SSL_CONNECT_ERROR,TLS connect error: error:00000000:lib(0)::reason(0),0,2,0,0,1835,0,200
cloudflare-ech.com,ZM,Zambia,mtn zambia,36962,mtn zambia,36962,MTN Zambia,true,true,,0,,,0,2,1210,1814,1814,301,200
cloudflare-ech.com,ZM,Zambia,zamtel,37154,zamtel,37154,Zambia Telecommunications Company Ltd aka ZAMTEL,true,true,,0,,,0,2,955,1439,1440,301,200
cloudflare-ech.com,ZW,Zimbabwe,liquid intelligent technologies,56696,liquid intelligent technologies,56696,Liquid Telecommunications Ltd,true,false,,0,,,0,2,988,1498,1498,301,200
cloudflare-ech.com,ZM,Zambia,mtn zambia,36962,mtn zambia,36962,MTN Zambia,true,false,,0,,,0,2,1210,1800,1801,301,200
cloudflare-ech.com,ZM,Zambia,zamtel,37154,zamtel,37154,Zambia Telecommunications Company Ltd aka ZAMTEL,true,false,,0,,,0,2,1164,1670,1670,301,200
cloudflare-ech.com,ZW,Zimbabwe,telone,37204,telone,37204,Telone PVT Ltd,true,true,,0,,,0,2,1004,1714,1714,301,200
cloudflare-ech.com,ZM,Zambia,airtel zambia,37287,airtel zambia,37287,Zain Zambia PLC,true,false,,0,,,0,2,1379,2183,2184,301,200
cloudflare-ech.com,ZW,Zimbabwe,telone,37204,telone,37204,Telone PVT Ltd,true,false,,0,,,0,2,1167,1643,1643,301,200
cloudflare-ech.com,ZM,Zambia,airtel zambia,37287,airtel zambia,37287,Zain Zambia PLC,true,true,,0,,,0,2,1638,2226,2227,301,200
cloudflare-ech.com,ZW,Zimbabwe,liquid intelligent technologies,56696,liquid intelligent technologies,56696,Liquid Telecommunications Ltd,true,true,,0,,,0,2,734,1179,1179,301,200
cloudflare-ech.com,UG,Uganda,airtel uganda,37075,airtel uganda,37075,Airtel Uganda Limited,true,false,,28,CURLE_OPERATION_TIMEDOUT,Connection timed out after 30000 milliseconds,0,0,0,0,30000,0,200
cloudflare-ech.com,UA,Ukraine,k-telekom,203451,k-telekom,203451,K-telekom LLC,true,true,,28,CURLE_OPERATION_TIMEDOUT,Connection timed out after 30001 milliseconds,0,0,0,0,30001,0,200
cloudflare-ech.com,VE,"Venezuela, Bolivarian Republic of",telecomunicaciones movilnet,,,27889,Telecomunicaciones MOVILNET,,false,,56,CURLE_RECV_ERROR,"CONNECT tunnel failed, response 500",0,2,0,0,15032,0,500
cloudflare-ech.com,ZM,Zambia,beeline-telecoms-limited,,,329444,BEELINE TELECOMS LIMITED,,false,,56,CURLE_RECV_ERROR,"CONNECT tunnel failed, response 500",0,2,0,0,15532,0,500
cloudflare-ech.com,VE,"Venezuela, Bolivarian Republic of",telecomunicaciones movilnet,,,27889,Telecomunicaciones MOVILNET,,true,,56,CURLE_RECV_ERROR,"CONNECT tunnel failed, response 500",0,2,0,0,15031,0,500
cloudflare-ech.com,ZM,Zambia,beeline-telecoms-limited,,,329444,BEELINE TELECOMS LIMITED,,true,,56,CURLE_RECV_ERROR,"CONNECT tunnel failed, response 500",79,80,0,0,18935,0,500
cloudflare-ech.com,UG,Uganda,airtel uganda,37075,airtel uganda,,,,true,,28,CURLE_OPERATION_TIMEDOUT,Connection timed out after 30001 milliseconds,0,0,0,0,30001,0,200
